word,count
the,4552
to,3299
you,3277
in,3241
and,3238
with,2790
for,2739
is,2688
it,2469
at,2393
on,2387
this,2349
my,2224
of,2178
that,2101
if,2085
no,2010
by,1925
what,1896
are,1889
when,1718
so,1624
now,1597
but,1509
from,1486
we,1450
as,1448
your,1432
there,1352
me,1346
well,1223
an,1213
have,1188
not,1173
be,1173
again,1157
where,1139
or,1127
all,1089
some,1045
do,1020
then,996
thanks,975
about,973
only,970
one,949
was,931
up,898
has,889
will,885
which,880
can,848
tomorrow,836
here,833
its,826
time,815
any,807
see,798
out,796
two,789
like,766
oh,711
more,704
go,699
good,685
thank,644
back,643
these,635
why,626
did,614
ah,606
get,603
set,593
through,588
were,580
they,571
yet,564
how,563
let,558
yes,533
eq,531
without,521
since,519
space,518
theorem,502
today,497
think,497
been,485
he,482
each,473
us,468
such,466
under,465
does,464
after,461
just,450
night,447
than,445
right,443
into,441
down,438
ok,437
our,434
soon,431
ac,429
last,411
enough,406
before,405
while,400
know,396
using,392
very,391
also,391
much,389
above,388
am,387
similar,386
done,383
off,377
algebra,375
point,366
would,364
ab,361
evening,356
et,355
between,353
please,353
subset,353
im,351
la,347
work,346
need,346
solutions,343
points,341
who,341
further,339
over,339
yo,338
those,337
below,335
later,331
still,329
seems,328
lines,326
say,326
within,326
both,323
given,323
defined,323
other,322
always,322
had,318
whats,317
should,315
every,313
used,312
several,312
morning,310
may,310
his,307
closed,307
long,307
them,306
dont,306
proof,305
come,303
line,296
consider,295
new,295
locks,292
ya,289
solving,288
equal,287
god,286
de,282
algebraic,281
sets,280
something,279
wrong,278
day,278
their,276
less,276
distance,273
continuous,271
way,266
problems,264
help,264
function,264
make,258
lets,257
stop,257
hair,256
makes,256
got,255
going,254
interval,253
yields,253
first,252
au,251
too,249
thats,249
open,249
start,245
2010,244
she,241
must,241
hmmm,240
least,239
everyone,237
al,237
equation,236
boundary,236
eyes,235
spaces,233
exactly,233
log,233
elements,231
doing,230
hours,230
her,229
door,227
never,226
10,224
nothing,223
another,223
want,223
hence,222
implies,222
en,221
via,219
follows,217
upon,216
next,216
rt,216
tonight,215
graph,213
said,212
possible,211
formulation,210
because,210
maps,208
far,207
look,206
window,204
even,202
shall,202
could,201
tree,200
around,200
three,199
many,197
keys,196
until,195
exists,195
comment,190
take,190
quite,190
try,189
others,189
adjacent,189
whose,189
waiting,189
ill,188
exist,188
memory,187
room,186
left,185
list,184
found,181
number,181
sleep,181
thus,181
albert,180
yesterday,180
once,180
followed,180
myself,179
ha,178
ive,178
sorry,178
made,178
rain,177
wet,177
check,177
taking,177
sound,174
form,174
bad,173
mean,172
hope,171
man,171
ahh,171
hahaha,171
sounds,170
du,169
angle,168
find,167
key,167
water,167
mind,167
though,166
intersections,164
case,163
real,163
lol,162
own,161
called,161
end,161
thru,161
dynamics,160
being,160
positive,159
parallel,159
define,159
car,158
till,158
home,158
allows,158
intersection,157
already,157
guys,157
tests,156
ask,156
along,156
ring,156
definition,156
complete,155
little,154
wanna,154
making,153
driving,153
call,153
metric,152
ahead,152
respect,151
might,150
few,150
contain,149
give,149
ii,149
yourself,148
having,148
play,148
guess,148
thought,147
love,146
old,146
topology,146
top,146
really,145
okay,144
structure,144
conditions,144
cd,144
deep,144
use,143
question,143
cut,143
broken,143
properties,143
le,143
hm,142
proved,142
van,142
away,142
didnt,141
words,141
march,141
linear,141
ago,140
best,139
working,139
obvious,138
remember,136
stopped,136
shows,135
bed,135
sure,135
response,134
reconstruction,134
happens,133
results,133
red,132
anything,131
language,131
gone,131
wait,131
length,129
der,129
da,129
vs,128
breakfast,128
paper,127
nor,127
manifolds,127
seen,127
sense,127
trees,127
noise,126
pattern,126
ever,125
query,125
omg,125
empty,125
black,125
occur,125
post,125
contains,125
looking,124
came,124
system,124
fire,124
doors,123
abc,123
during,123
interested,123
name,122
construction,122
times,122
near,122
fine,122
branches,122
compact,121
weather,121
control,121
coming,121
questions,120
playing,120
lm,120
towards,119
frame,119
someone,119
either,119
bounded,118
blue,118
together,118
2009,118
arent,118
therefore,118
non,117
bit,117
state,117
same,117
friends,116
perhaps,116
fuck,116
head,116
most,115
test,115
mate,115
terms,115
everything,114
free,114
dt,113
thinking,113
jus,113
true,112
means,112
analysis,112
else,112
defining,112
behind,111
according,111
against,111
enfer,111
face,111
provided,111
however,111
taken,110
shit,110
brown,110
seem,110
cant,110
part,109
turn,109
pretty,109
pure,109
week,108
complex,108
12,108
goes,108
tha,108
special,108
yep,107
infinity,107
add,107
comes,107
rather,107
sunday,107
went,107
self,106
sum,106
nicely,106
id,105
recording,105
ass,105
house,105
mode,104
solution,104
study,104
transitions,104
visiting,104
perfect,103
light,103
leave,103
snow,103
feet,103
hot,103
anyway,103
etc,102
hand,102
containing,102
known,101
triangle,101
signal,101
base,101
cases,101
youre,101
satisfy,101
except,101
denote,100
appear,100
prove,99
read,99
longer,99
topological,99
instead,99
forward,99
song,99
cutting,99
people,99
theory,98
15,98
certain,98
note,98
change,98
lost,98
pm,98
side,97
methods,97
require,97
takes,97
evidence,96
magic,96
mozzie,96
bill,96
simple,96
put,96
based,96
prime,95
easily,95
roots,95
initial,95
ray,95
afternoon,94
fast,94
suggestions,94
duck,94
cannot,94
computer,94
friend,93
looks,93
relationship,93
pair,93
days,92
four,92
df,92
24,91
gives,91
hurry,91
showing,91
mentioned,91
ad,91
denotes,91
obtain,91
second,91
getting,90
stay,90
running,90
among,90
heading,90
differential,90
idea,90
solve,89
des,89
consciousness,89
straight,89
series,89
equations,89
inverse,89
regarding,89
sides,88
dead,88
dear,88
square,88
size,87
needs,87
classes,87
array,87
excellent,87
numbers,86
dans,86
gets,86
search,86
dry,86
infinite,86
11,86
formula,85
group,85
nad,85
staring,85
difference,85
expansion,85
generate,85
show,84
weeks,84
spanning,84
music,84
years,84
john,84
measurement,84
sigh,83
diagonal,83
south,83
follow,83
trouble,83
axioms,83
phone,83
stuck,83
pp,83
mail,82
slightly,82
nonnegative,82
objects,81
luck,81
states,81
general,81
shut,81
dimensional,81
languages,81
false,81
discussion,81
fingernails,81
previously,81
goodness,80
strings,80
arbitrary,80
error,80
bd,80
order,80
geometry,80
across,80
none,79
sun,79
started,79
shower,79
thy,79
phase,79
th,79
assuming,79
correct,79
familiar,79
doesnt,78
plus,78
finding,78
turns,78
bout,78
lately,78
ends,78
notice,78
paul,77
acid,77
begin,77
freckle,77
fixed,77
semantics,77
welcome,77
nice,77
angles,77
thing,77
poor,76
domain,76
example,76
equivalently,76
power,75
particles,75
clear,75
plane,75
formed,75
talk,75
earlier,75
airport,75
interesting,75
indeed,75
nowhere,74
full,74
hotel,74
outside,74
lt,74
und,74
prior,74
motion,74
forms,74
matrices,74
relations,74
translation,74
ahaha,73
support,73
hausdorff,73
windows,73
knows,73
required,73
early,73
death,73
itself,73
things,73
directly,73
strange,72
dirty,72
sorted,72
game,72
constant,72
solved,72
ce,72
lovely,72
him,72
subsets,72
answering,72
talking,72
walking,71
word,71
mirrors,71
branch,71
cake,71
range,71
moving,71
ml,71
hard,71
glass,71
tight,71
browsing,71
book,71
saying,70
automata,70
fran,70
matrix,70
groups,70
reality,70
acceptance,70
noon,70
partition,70
describe,70
heavy,69
video,69
class,69
00,69
green,69
fairly,69
wonder,69
bedroom,69
closely,68
distribution,68
forming,68
return,68
touch,68
late,68
shown,68
teeth,67
bro,67
unknown,67
short,67
haha,67
london,67
took,67
ended,67
white,67
layers,67
great,67
hour,67
axis,67
caused,67
traffic,67
consisting,67
mirror,66
large,66
catch,66
past,66
low,66
minutes,66
wanted,66
techniques,66
brain,66
clearly,66
nah,66
ideal,66
hands,66
sur,65
pose,65
symmetry,65
saw,65
toilet,65
taxi,65
told,65
alone,65
sa,65
strong,65
asleep,65
curves,65
mathematics,65
fun,64
05,64
lot,64
hahahaha,64
binomial,64
whether,64
parts,64
year,63
nd,63
unit,63
wasnt,63
degree,63
kind,63
contacts,63
asked,63
quick,63
beautiful,63
understand,63
section,63
written,62
negative,62
vertices,62
providing,62
dance,62
summer,62
recursive,62
tell,62
ahhh,62
source,62
quickly,62
ideas,61
symmetric,61
coupole,61
ones,61
described,61
summary,61
faster,61
toward,61
street,61
better,61
pick,61
gonna,61
divine,61
keep,61
bounds,61
limits,61
notebook,61
drop,61
write,60
parameter,60
matter,60
hear,60
bridge,60
mouth,60
expected,60
high,60
update,60
falling,60
michael,60
connected,60
drawn,60
usual,60
net,60
radius,60
heard,60
staying,59
otp,59
papers,59
leg,59
damn,59
due,59
image,59
polynomial,59
pictures,59
20,59
previous,58
jacket,58
everywhere,58
logarithmic,58
suffice,58
internet,58
cause,58
topic,58
java,58
breaking,58
chords,58
lmfao,58
link,58
blog,58
fishing,58
sequence,58
indexed,57
alive,57
inside,57
dream,57
becomes,57
following,57
pool,57
progress,57
parallelogram,57
box,57
obtained,56
removed,56
bc,56
don,56
stairs,56
monoidal,56
ps,56
returns,56
expect,56
36,56
tracing,56
final,56
active,56
hell,56
actually,56
wtf,55
iphone,55
turned,55
five,55
integration,55
knowledge,55
regions,55
mrs,55
tricks,55
saturday,55
fingers,55
invariant,55
scale,55
moment,55
attention,55
added,54
reply,54
est,54
illustrated,54
include,54
agatha,54
onto,54
table,54
die,54
picture,54
euclidean,54
dark,54
current,54
surprised,54
equivalent,54
systems,54
reading,53
arrows,53
lid,53
forever,53
sea,53
tan,53
effect,53
cantor,53
links,53
age,53
decay,53
symphony,53
zu,52
moon,52
starting,52
mr,52
finally,52
single,52
euclid,52
badly,52
subspace,52
goodnight,52
leaves,52
problem,52
sentence,51
bound,51
compare,51
almost,51
knew,51
velocity,51
increases,51
mathematically,51
mi,51
eternal,51
close,51
slow,51
showers,51
city,51
approximations,51
sufficiently,51
pages,51
data,51
ais,51
universe,51
gotta,50
midnight,50
sent,50
handy,50
played,50
static,50
integer,50
searching,50
wave,50
entering,50
resolution,50
built,50
patterns,50
circle,50
huh,50
kill,50
finished,50
chunks,50
pocket,50
performing,50
quantum,50
stupid,50
forgot,50
fully,50
calculate,50
graphs,50
sexy,50
maybe,50
zero,50
logical,49
explain,49
anyone,49
diagram,49
feel,49
idk,49
verifying,49
page,49
different,49
bites,49
arms,49
martin,49
guy,49
agreed,49
reason,49
seemed,49
odd,49
tired,48
warm,48
noting,48
observation,48
sweet,48
children,48
eye,48
physics,48
life,48
address,48
texts,48
calls,48
hah,48
ln,48
info,48
loss,48
foot,47
18,47
slack,47
heart,47
returned,47
admissible,47
dem,47
cracked,47
live,47
sie,47
remains,47
speed,47
surface,47
living,47
hold,47
notion,47
critical,47
wont,47
place,46
functioning,46
scene,46
spider,46
xy,46
dreaming,46
field,46
important,46
step,46
level,46
science,46
aaa,46
coordinate,46
upload,46
hole,46
chance,46
passing,46
pour,46
beach,46
burning,46
approximation,46
lock,46
chosen,46
neither,46
gave,46
functions,46
suppose,46
interest,45
bigger,45
assume,45
elsewhere,45
folks,45
detail,45
impossible,45
catching,45
strict,45
spring,45
truth,45
world,45
chaos,45
art,45
depth,45
cats,45
switched,45
axial,45
theres,45
sign,45
silence,45
care,45
parameters,45
speak,44
believe,44
cold,44
school,44
air,44
nearly,44
verify,44
round,44
changed,44
squares,44
spent,44
letter,44
ancient,44
front,44
st,44
voyage,44
seeing,44
setting,44
visit,44
tune,44
double,44
hmm,44
peak,44
edge,44
pussy,44
putting,43
limit,43
distinct,43
thou,43
clock,43
freud,43
story,43
mathematica,43
flying,43
wants,43
chess,43
flat,43
died,43
continuity,43
requires,43
repeating,43
style,43
sky,43
corner,43
bears,43
desk,43
http,43
bug,43
centre,43
uv,43
body,43
involved,43
monologue,43
respectively,43
provide,43
principle,43
slope,43
represent,43
somebody,42
dictionary,42
closure,42
answer,42
german,42
themselves,42
dinner,42
hate,42
future,42
road,42
voice,42
estimate,42
chubby,42
reveals,42
rafael,42
karate,42
welp,42
tour,42
lights,42
wall,42
poetic,42
cat,42
manifold,42
vii,42
integrals,42
various,42
rules,41
present,41
sleeping,41
coffee,41
chateaux,41
vertex,41
beyond,41
shorts,41
awake,41
vi,41
material,41
office,41
den,41
slowly,41
coordination,41
sometimes,41
shot,41
hospital,41
effective,41
marie,41
fall,41
opening,41
feels,41
thomas,41
filter,41
fly,41
published,41
relation,41
automatic,40
per,40
inference,40
addresses,40
value,40
13,40
decided,40
temps,40
travel,40
workshop,40
2n,40
appreciate,40
grass,40
opposite,40
block,40
calling,39
showed,39
sigmund,39
chicken,39
arrived,39
serious,39
thee,39
wash,39
continues,39
avalanche,39
walmart,39
sink,39
intervals,39
issues,39
ch,39
balcony,39
alchemists,39
pub,39
49,39
definitions,39
engine,39
training,39
cross,39
enjoy,39
moore,39
ag,39
faces,39
combinations,39
density,39
satisfied,39
significant,39
logic,39
chateau,39
gps,38
season,38
relating,38
notes,38
region,38
map,38
drawing,38
probably,38
silent,38
volume,38
curve,38
flies,38
discovery,38
induces,38
china,38
garden,38
deck,38
joe,38
27,38
shifted,38
kiss,38
1st,38
30,38
proves,38
connect,38
encounter,38
assumption,38
thoughts,38
acm,37
bell,37
profile,37
logistic,37
robert,37
norway,37
eqn,37
business,37
knees,37
abyss,37
wide,37
sticks,37
bring,37
run,37
triangles,37
lake,37
ne,37
vision,37
quit,37
circles,37
target,37
lives,37
langue,37
finite,37
spiritual,37
asymptotic,36
socks,36
polar,36
hadnt,36
card,36
nt,36
display,36
choice,36
regular,36
stage,36
advance,36
activity,36
bored,36
dreams,36
flow,36
amazing,36
relax,36
degrees,36
process,36
realized,36
strongly,36
wit,36
sandwich,36
pack,36
events,36
ed,36
harmony,36
tracking,35
heck,35
lui,35
acc,35
mutually,35
crazy,35
dc,35
changing,35
000,35
bear,35
temporal,35
become,35
necessary,35
hidden,35
til,35
ou,35
logs,35
throat,35
pass,35
shopping,35
applicable,35
oct,35
em,35
patient,35
returning,35
trying,35
sensitive,35
baby,35
wake,35
east,35
entire,34
buddy,34
yeah,34
crap,34
performed,34
pizza,34
bum,34
move,34
riding,34
small,34
french,34
2nd,34
rest,34
analogy,34
expression,34
conjugate,34
approach,34
philippe,34
passed,34
clean,34
works,34
ms,34
route,34
buggy,34
performance,34
beauty,34
directions,34
bayes,34
birds,34
fish,34
searches,34
curly,34
recursion,34
daily,34
1997,34
kept,34
mechanisms,34
breaks,34
saint,34
duckface,34
p2,34
einstein,33
ceux,33
ice,33
juncture,33
famous,33
sigmoidal,33
couldnt,33
lizard,33
images,33
p1,33
tennis,33
pulling,33
tickets,33
center,33
model,33
train,33
leaf,33
repeat,33
normal,33
screen,33
landscape,33
land,33
cover,33
record,33
flowers,33
mountain,33
viewing,33
family,33
jack,33
minor,33
rock,33
position,33
spoken,33
immediately,33
crying,33
goonight,33
discovered,33
rn,33
04,32
mates,32
perpendicular,32
lang,32
learning,32
attack,32
alarm,32
cb,32
landing,32
ur,32
dying,32
incomplete,32
equilibrium,32
laurent,32
history,32
brought,32
forest,32
occurs,32
created,32
clears,32
pr,32
nearby,32
daughter,32
sticking,32
soaked,32
sore,32
clouds,32
co,32
tried,32
explained,32
destruction,32
compressed,32
agrees,32
opened,32
necessarily,32
hahahahaha,32
hofmann,31
pay,31
experience,31
wearing,31
inner,31
differ,31
finger,31
waves,31
saison,31
quiet,31
autumn,31
gas,31
ta,31
paths,31
79,31
prop,31
14,31
path,31
boat,31
human,31
tanning,31
cheers,31
idiotic,31
winter,31
half,31
compared,31
academic,31
hawaii,31
difficult,31
met,31
limiting,31
absolute,31
anthony,31
musical,31
perform,31
town,31
stream,31
oops,31
joined,31
games,31
fundamental,31
metaphor,31
law,30
failed,30
distances,30
s3,30
ambiguity,30
diagonals,30
arrives,30
certainly,30
lying,30
recall,30
cohomology,30
natural,30
ra,30
waals,30
confirms,30
bank,30
visual,30
rectangle,30
https,30
mapping,30
voix,30
leads,30
naked,30
smoke,30
tub,30
uniformly,30
ing,30
posted,30
dressed,30
master,30
rooms,30
movement,30
action,30
nonlinear,30
break,30
throughout,30
deeper,30
especially,29
says,29
washing,29
moments,29
itchy,29
alex,29
curious,29
restrictions,29
displaystyle,29
phrase,29
cosby,29
apply,29
ease,29
narrow,29
method,29
public,29
r2,29
lacking,29
yard,29
ax,29
arm,29
covering,29
quality,29
viol,29
horror,29
floor,29
debris,29
begins,29
expressed,29
flight,29
application,29
team,29
wish,29
islands,29
owls,29
meeting,29
books,29
mp,29
dealing,29
interference,29
reduced,29
dropping,29
rings,29
resume,29
proposes,29
original,29
vienna,29
wasting,29
nightmare,29
hierarchy,29
phi,28
aa,28
regard,28
starts,28
products,28
mine,28
title,28
viewed,28
applied,28
wind,28
purity,28
entropy,28
caprice,28
often,28
jk,28
db,28
nadal,28
aka,28
pole,28
threshold,28
singing,28
growing,28
computation,28
knocking,28
mask,28
nn,28
modified,28
closing,28
derive,28
remaining,27
waggons,27
validity,27
nose,27
pic,27
cascades,27
existence,27
dawg,27
women,27
mixing,27
namely,27
definable,27
permutation,27
un,27
x1,27
continuing,27
dogs,27
replies,27
dawn,27
imperative,27
walnut,27
trace,27
fed,27
sat,27
himself,27
nights,27
view,27
frequency,27
rise,27
damage,27
whole,27
valley,27
slower,27
clutch,27
sermon,27
church,27
weekend,27
surrounded,27
walk,27
headache,27
child,27
dimensions,27
xn,27
visible,27
footsteps,27
glasses,27
hamburg,27
george,27
regret,27
attacked,27
wrote,27
alchemy,27
bar,27
bunch,27
emerge,27
layer,27
yup,27
meta,27
geometrical,27
prefer,27
worry,27
cid,27
dryer,26
dammit,26
kisses,26
cuts,26
swear,26
requirements,26
object,26
obeys,26
christie,26
bird,26
mary,26
bells,26
tau,26
len,26
80,26
slight,26
issue,26
involve,26
colour,26
investigation,26
worth,26
listen,26
pain,26
nocturnal,26
horizon,26
larger,26
collision,26
oblivion,26
skin,26
transformation,26
ow,26
smooth,26
limp,26
lifting,26
sick,26
n2,26
france,26
court,26
nails,26
indicated,26
bones,26
jonas,26
examination,26
intersect,26
essay,26
consulting,26
di,26
stems,26
bis,26
breath,26
dependent,26
inches,26
walls,26
portland,26
regards,26
slice,26
studies,26
xs,26
michelangelo,26
mak,26
paradox,26
trivial,25
ave,25
mostly,25
qui,25
sort,25
arrangements,25
boxes,25
yessss,25
mp3,25
precisely,25
traversing,25
episodes,25
effects,25
havent,25
regression,25
translating,25
separate,25
knee,25
spell,25
inspired,25
das,25
als,25
ugh,25
scents,25
lies,25
noticed,25
looked,25
sunset,25
twenty,25
appears,25
christmas,25
doc,25
tongue,25
kids,25
although,25
symbol,25
sacred,25
falls,25
judy,25
focus,25
henry,25
enable,25
ghost,25
album,25
hes,25
el,25
common,25
somewhere,25
tower,25
bee,25
won,25
wing,25
po,25
parallelograms,25
yer,25
glance,25
creek,25
vanishes,25
pleasure,25
dr,25
oo,25
palm,25
shirt,25
caf,25
arid,25
wouldnt,25
com,25
ooh,25
gaze,25
a1,24
cares,24
s1,24
ref,24
player,24
result,24
nonetheless,24
fair,24
fault,24
repeatedly,24
glad,24
thine,24
computed,24
apart,24
dad,24
experimental,24
couple,24
wrap,24
dense,24
band,24
ma,24
algorithm,24
mo,24
knock,24
avocado,24
star,24
existential,24
def,24
ceu,24
aux,24
wood,24
fresh,24
3d,24
pink,24
s2,24
aright,24
gun,24
literally,24
happy,24
trajectories,24
squared,24
weak,24
mozzarella,24
waking,24
niggas,24
begun,24
claiming,24
loop,24
yielded,24
telling,24
moose,24
riemann,24
favourite,24
beat,24
fig,24
symbols,24
yall,24
cosmic,24
losing,24
bitch,24
excerpt,24
bcd,23
rhythm,23
storage,23
mm,23
mad,23
expand,23
limitations,23
responded,23
r1,23
arise,23
faced,23
datta,23
fork,23
complement,23
bringing,23
big,23
carpet,23
passwords,23
victoria,23
ears,23
flows,23
pro,23
spoons,23
ephemeral,23
columns,23
multidimensional,23
available,23
lowest,23
flowing,23
lose,23
maintain,23
middle,23
singular,23
pics,23
values,23
violet,23
attractive,23
jesus,23
normals,23
angel,23
drawings,23
sheets,23
news,23
hymns,23
breathing,23
drunk,23
leaning,23
symbolic,23
arrive,23
mathematical,23
rat,23
corrected,23
continued,23
bisecting,23
count,23
wade,23
2d,23
capable,23
dig,23
ought,23
major,23
butterfly,23
impression,23
able,23
mountains,23
vicinity,23
120,23
brush,23
farewell,23
cunt,23
conversion,23
aesthetic,23
synthesis,23
errors,22
imaginary,22
decimals,22
beside,22
origin,22
desire,22
urn,22
direction,22
opposed,22
sheet,22
sub,22
press,22
fantastic,22
sigmoid,22
account,22
claim,22
fri,22
travelling,22
f2,22
tool,22
eyesight,22
agile,22
suited,22
loves,22
whom,22
drinking,22
kitchen,22
dripping,22
loud,22
bite,22
enter,22
mid,22
blood,22
traversal,22
crockery,22
relatively,22
ca,22
fruit,22
grows,22
channel,22
relic,22
spectra,22
pen,22
speaker,22
orgies,22
professor,22
hunting,22
abruptly,22
werner,22
eastern,22
subject,22
sirens,22
pearls,22
rolling,22
cluster,22
painting,22
mai,22
facility,22
realistic,22
modern,22
wear,22
correction,22
mists,22
fear,22
flower,22
details,22
yay,22
raised,22
mau,22
universes,22
archive,22
hofstadter,22
aid,22
node,22
prints,21
heres,21
hook,21
regrets,21
combinators,21
forth,21
yellow,21
henceforth,21
bag,21
messing,21
brief,21
xi,21
bayesian,21
une,21
west,21
normally,21
descriptive,21
maurice,21
keg,21
term,21
camp,21
brings,21
loudly,21
forgotten,21
v2,21
madness,21
biting,21
bob,21
brother,21
psychic,21
approximated,21
memories,21
displayed,21
jumping,21
trunk,21
moins,21
feedback,21
clothes,21
trust,21
event,21
combinatorial,21
moi,21
poking,21
faded,21
ground,21
moves,21
swimming,21
relative,21
fingering,21
metadata,21
creates,21
damned,21
skies,21
lady,21
men,21
declaration,21
facing,21
integers,21
generally,21
higher,21
bottom,21
stretched,21
guidelines,21
vector,21
ppl,21
resemble,21
chemists,21
dread,21
greenwich,21
candidate,21
harder,21
documents,21
born,21
fb,21
girl,21
solely,21
patience,21
suffering,21
kool,21
deepest,21
posts,20
sounding,20
possibly,20
unfortunately,20
doubt,20
core,20
fit,20
mechanics,20
married,20
dull,20
bath,20
caught,20
hamiltonian,20
pencil,20
happened,20
metrics,20
fact,20
bats,20
ready,20
announcement,20
hail,20
lowering,20
drying,20
options,20
facts,20
cancer,20
dog,20
fields,20
cousin,20
related,20
ef,20
paradise,20
eve,20
spatial,20
houses,20
masks,20
skirt,20
rows,20
pop,20
acute,20
ocean,20
universal,20
monster,20
vibrating,20
corrupted,20
rose,20
terrain,20
cultural,20
preserved,20
syntax,20
primeval,20
af,20
suicide,20
aerial,20
jason,20
armed,20
spin,20
bike,20
ordinary,20
imagine,20
evidenced,20
mystery,20
transient,20
dress,20
occurring,20
sunsets,20
offer,20
infinitely,20
trial,20
poetry,20
cap,20
convergent,20
mermaid,20
sailing,20
security,20
voyages,20
rays,20
thunder,20
twitpic,20
bisectors,20
whining,20
mosquito,20
operation,20
operate,20
coup,20
phoenix,20
places,20
wife,20
deeply,20
belongs,20
concurrent,20
manager,20
piece,20
code,20
mechanism,20
woman,19
perspective,19
closes,19
mister,19
equipment,19
gogh,19
youtube,19
dirac,19
panels,19
deal,19
promise,19
efforts,19
poisson,19
basis,19
contained,19
bread,19
easy,19
developments,19
speaking,19
swing,19
absence,19
tropical,19
highway,19
remain,19
vanishing,19
encouraging,19
sweat,19
murphy,19
nest,19
submit,19
omgggggggg,19
lived,19
offered,19
displaying,19
inhibition,19
stove,19
plucking,19
pecker,19
pan,19
rates,19
trap,19
dome,19
multiple,19
orbit,19
passes,19
courant,19
offers,19
rocks,19
hill,19
money,19
drip,19
orange,19
beds,19
managed,19
leash,19
anymore,19
che,19
rising,19
bus,19
eat,19
sing,19
smoking,19
filters,19
tend,19
qualitatively,19
threat,19
altered,19
xd,19
successful,19
bay,19
barbara,19
planted,19
quadrilateral,19
ack,19
exclusively,19
reviews,19
experiments,19
charging,19
con,19
index,19
nevermind,19
hung,19
dude,19
outta,19
balanced,19
2k,19
zz,19
intended,19
forgiveness,19
became,19
hz,19
perfectly,19
existed,19
yz,19
n3,19
sake,19
revelation,19
sublime,19
collapse,19
bending,18
elegant,18
cocoa,18
touched,18
slopes,18
gold,18
network,18
freedom,18
sooner,18
ye,18
lz,18
rare,18
asserts,18
nevertheless,18
frei,18
brothers,18
aise,18
metrical,18
lead,18
clips,18
minute,18
assumptions,18
cnt,18
lips,18
conclusions,18
tables,18
lots,18
gents,18
sand,18
shore,18
disappeared,18
les,18
divisible,18
corridor,18
gained,18
immediate,18
principal,18
priori,18
cakewalk,18
learnt,18
combined,18
sight,18
barely,18
loops,18
murder,18
mercy,18
reflection,18
thrown,18
fails,18
phenomena,18
fr,18
flash,18
awaiting,18
gabriel,18
workout,18
aren,18
bedtime,18
worse,18
havoc,18
operator,18
enclosed,18
fever,18
archival,18
backward,18
norm,18
ds,18
kicking,18
robin,18
dependence,18
del,18
force,18
absent,18
firefox,18
mother,18
parallelism,18
wa,18
mosque,18
chicks,18
pimple,18
xx,18
nothin,18
xxx,18
allowed,18
cards,18
appealing,18
mon,18
decomposition,18
ceasing,18
proper,18
greater,18
secret,18
pond,18
stages,18
c2,18
epsilon,18
bastard,18
invisible,18
nostalgia,18
doctrine,18
abuse,18
culture,18
sister,18
random,17
org,17
langauge,17
chapter,17
ohhhhhh,17
writing,17
snowing,17
photos,17
numerical,17
structures,17
situations,17
ol,17
harm,17
william,17
n1,17
chef,17
accessible,17
mathematicians,17
2f,17
sinks,17
king,17
machine,17
joan,17
acb,17
send,17
stuff,17
axiom,17
knocks,17
specified,17
considered,17
ber,17
bleeding,17
alas,17
couples,17
keeps,17
cannon,17
aside,17
treating,17
choses,17
lounge,17
phones,17
goat,17
contents,17
mark,17
resolved,17
dat,17
drive,17
husband,17
op,17
ball,17
gimme,17
reminds,17
energy,17
shadow,17
standing,17
daylight,17
consonants,17
welt,17
iii,17
haze,17
thumb,17
iv,17
a2,17
alley,17
queen,17
vie,17
situation,17
jeff,17
anne,17
river,17
strikes,17
posture,17
holy,17
deriving,17
breached,17
plummets,17
rental,17
failure,17
review,17
abstract,17
perfection,17
archives,17
literal,17
architecture,17
polynomials,17
locked,17
curls,17
severe,17
climb,17
transforming,17
curb,17
holding,17
logarithms,17
explosion,17
hofstetter,17
hanging,17
resembles,17
ladies,17
thereof,17
chuck,17
arrival,17
synthetic,17
92,17
phrases,17
taylor,17
gain,17
p3,17
blocking,17
understood,17
multivariate,17
probable,17
mod,17
asap,17
couch,17
combines,17
honey,17
status,17
hi,17
gh,17
completeness,17
infinitude,17
dec,17
lit,17
partitioning,17
bisects,17
son,17
knuckles,17
puts,17
michelle,17
sandy,17
bare,17
dz,17
clarity,17
twitter,17
ecstasy,17
x2,17
cmp,17
principles,17
actual,17
cauchy,17
fatal,17
ritual,17
excludes,16
rats,16
month,16
wheel,16
seat,16
confused,16
ck,16
zeroes,16
voodoo,16
simplicity,16
girls,16
logics,16
v1,16
expanded,16
answered,16
authors,16
codes,16
processes,16
cuz,16
operand,16
highly,16
determining,16
270,16
abb,16
wow,16
property,16
17,16
baths,16
buy,16
connection,16
cantors,16
theyre,16
appropriate,16
rhymes,16
forget,16
segments,16
prone,16
rank,16
gloves,16
gliding,16
stars,16
tasks,16
bisection,16
bisect,16
strength,16
muse,16
weakly,16
tells,16
smaller,16
hypotheses,16
blast,16
sunlight,16
saucer,16
island,16
covered,16
filled,16
comfort,16
north,16
crawl,16
leather,16
mud,16
service,16
chipped,16
buried,16
chain,16
context,16
vertical,16
algorithms,16
cascade,16
realised,16
wise,16
escape,16
wild,16
strips,16
boy,16
period,16
incorporate,16
ty,16
chlorosis,16
ly,16
visited,16
burn,16
names,16
walked,16
herzog,16
operands,16
youve,16
youd,16
conformance,16
sit,16
spelling,16
goin,16
vowels,16
thankyou,16
tribbit,16
garland,16
properly,16
div,16
wings,16
tint,16
pine,16
satin,16
invited,16
port,16
worthwhile,16
reference,16
lightning,16
btw,16
particle,16
1s,16
fucking,16
simply,16
observer,16
metaphysical,16
beneath,16
restoration,16
altar,16
trajectory,16
uses,15
europe,15
contrast,15
nature,15
phenomenon,15
mmmm,15
horns,15
slip,15
hairs,15
16,15
soul,15
sees,15
ht,15
hang,15
macbook,15
closer,15
fp,15
f1,15
tuned,15
consideration,15
traversed,15
dirichlet,15
wrinkled,15
ph,15
rains,15
wonderful,15
preparing,15
mensa,15
k2,15
bb,15
magical,15
bless,15
speeds,15
attitude,15
text,15
ai,15
fell,15
ear,15
vegetation,15
lk,15
melancholy,15
enters,15
phlebas,15
gnashing,15
occasionally,15
angels,15
exchange,15
temperature,15
forces,15
taught,15
behavior,15
torn,15
enim,15
monotony,15
determined,15
crashing,15
cost,15
emergent,15
walks,15
spiderweb,15
bursts,15
saved,15
er,15
organic,15
moaning,15
transitive,15
tt,15
modelling,15
clown,15
trouve,15
promised,15
committed,15
lagrangian,15
outlines,15
rational,15
seine,15
sine,15
passer,15
answers,15
dick,15
drain,15
africa,15
calm,15
shes,15
ar,15
draped,15
guide,15
execution,15
hahahah,15
ages,15
inferences,15
browse,15
flip,15
accepted,15
stroke,15
sex,15
witness,15
austerity,15
contour,15
yy,15
limitation,15
heads,15
discrete,15
stretch,15
prison,15
om,15
chugging,15
hymn,15
cl,15
spades,15
viii,15
infrequent,15
ohhh,15
pleasant,15
infra,15
hlt,15
hoc,15
concert,15
incline,15
denial,15
goal,15
mama,15
onwards,15
abandoned,15
passage,15
build,15
processing,15
anywhere,15
deutschland,15
yours,15
omggggggggg,15
2x,15
acr,15
inequality,15
tilde,15
restored,15
fusion,15
abstraction,15
knowing,14
trick,14
binary,14
perimeter,14
faith,14
cascading,14
hamilton,14
grey,14
compactness,14
extremely,14
increased,14
wisdom,14
approval,14
nonzero,14
mauk,14
changes,14
torture,14
reid,14
zn,14
73,14
softly,14
neglected,14
miss,14
led,14
facebook,14
nifty,14
monsieur,14
purse,14
euclids,14
traverses,14
typos,14
audio,14
chair,14
bt,14
blank,14
specifically,14
gospel,14
reveal,14
established,14
ways,14
ceiling,14
loved,14
enhancer,14
interviews,14
runs,14
divided,14
six,14
seeds,14
contribute,14
closest,14
fireworks,14
duty,14
drift,14
defense,14
lmao,14
l2,14
clothing,14
streisand,14
jets,14
displacements,14
drums,14
attacks,14
plot,14
butter,14
lim,14
success,14
angular,14
ponds,14
remote,14
technology,14
canonical,14
awakening,14
descent,14
temple,14
shades,14
bathroom,14
orgasm,14
beats,14
fool,14
fuel,14
friendly,14
waited,14
effort,14
101,14
reached,14
crystal,14
scenes,14
neck,14
meet,14
lower,14
arc,14
slippers,14
flushed,14
pb,14
legs,14
express,14
perceived,14
soft,14
transposed,14
produced,14
lyrics,14
roads,14
mosquitoes,14
college,14
suit,14
film,14
ob,14
tat,14
inferior,14
gnawing,14
articulated,14
depict,14
litter,14
hamlet,14
mirabeau,14
prepared,14
evaluation,14
assessing,14
octopus,14
meer,14
reversed,14
vibrates,14
orgasms,14
stripping,14
p0,14
simultaneously,14
farm,14
certainty,14
chimes,14
cardboard,14
gates,14
cdt,14
ts,14
ccd,14
presently,14
ci,14
sous,14
person,14
nobody,14
croix,14
intervention,14
bisections,14
apologize,14
justice,14
vanish,14
fuckin,14
limited,14
confession,14
consists,14
building,14
pk,14
project,14
aba,14
ontology,14
respective,14
fk,14
historical,14
achieved,14
preserves,14
direct,14
emotional,14
reaction,13
partitioned,13
derives,13
multilevel,13
decks,13
pf,13
leaflet,13
brooklyn,13
verlag,13
date,13
alexandria,13
equivalents,13
otherwise,13
matey,13
arrow,13
buffoon,13
spread,13
digital,13
na,13
learn,13
tiny,13
89,13
r3,13
pieces,13
furniture,13
eq1,13
quadratic,13
rk,13
childhood,13
1m,13
ignore,13
course,13
dive,13
dose,13
stores,13
clocks,13
careful,13
nu,13
division,13
vibrate,13
qualms,13
swim,13
blow,13
boltzmann,13
downward,13
infinitum,13
diamond,13
truly,13
mat,13
delle,13
mental,13
pix,13
keine,13
lovers,13
neighbour,13
collecting,13
pier,13
dame,13
holds,13
defunct,13
ho,13
amigo,13
cult,13
wrists,13
distant,13
cricket,13
roll,13
sexual,13
departed,13
acrobats,13
sizzling,13
tar,13
disorder,13
occult,13
patients,13
destiny,13
spirit,13
retreat,13
discourse,13
salvation,13
violation,13
perception,13
message,13
critique,13
delicious,13
showering,13
shouldnt,13
entered,13
tooth,13
damp,13
bi,13
crime,13
nail,13
rolled,13
charleville,13
speech,13
panting,13
woods,13
babe,13
becoming,13
hf,13
bloom,13
meaning,13
whites,13
dumb,13
lucid,13
pillow,13
buffering,13
incompatible,13
normality,13
development,13
risk,13
arch,13
tulip,13
stride,13
russ,13
ducks,13
shark,13
store,13
knocked,13
berlin,13
texting,13
attaching,13
ripe,13
independent,13
sweaty,13
bat,13
dublin,13
possession,13
y2,13
acmb,13
hips,13
intention,13
pn,13
ij,13
earth,13
prince,13
carry,13
crackers,13
mechanical,13
metamorphosis,13
heat,13
tp,13
matching,13
grant,13
didn,13
leman,13
jewellery,13
puffs,13
beating,13
organization,13
foray,13
circular,13
rich,13
dies,13
abcd,13
yield,13
writes,13
cool,13
depths,13
homomorphism,13
cock,13
intuition,13
cycles,13
unto,13
flew,13
concentrate,13
c3,13
youll,13
content,13
projection,13
hat,12
b2,12
mar,12
grief,12
naturally,12
molecular,12
giant,12
7am,12
hahah,12
1873,12
invariants,12
idiot,12
hierarchical,12
helped,12
grow,12
mole,12
erase,12
explodes,12
oooh,12
party,12
shell,12
lungs,12
b1,12
isnt,12
damnit,12
plz,12
willing,12
lord,12
waveforms,12
reminiscent,12
occasions,12
marks,12
2m,12
shaking,12
vid,12
agent,12
streams,12
races,12
upward,12
dries,12
tempers,12
toroidal,12
pardon,12
owe,12
buffered,12
officer,12
cos,12
maze,12
pianos,12
seeking,12
occupied,12
plumes,12
matin,12
horizontal,12
convex,12
ices,12
beam,12
strangely,12
blows,12
controlling,12
bahamas,12
twit,12
entre,12
huge,12
nicolas,12
stairway,12
august,12
shadows,12
manner,12
deferred,12
circumscribed,12
area,12
laid,12
azure,12
recognition,12
learned,12
solvent,12
transcendental,12
disaster,12
destroys,12
trapped,12
seconds,12
nectar,12
justin,12
leans,12
atmosphere,12
phoenician,12
monsters,12
save,12
spare,12
idiom,12
flares,12
role,12
abaci,12
amusing,12
probability,12
gorgeous,12
chime,12
abutting,12
rhyme,12
combine,12
oneself,12
monde,12
throw,12
component,12
disclosure,12
sampled,12
highest,12
denoted,12
marbled,12
azimuth,12
carrying,12
cycle,12
centered,12
extras,12
health,12
anatomy,12
bodies,12
ratio,12
chemistry,12
poison,12
jug,12
coupling,12
framed,12
thin,12
d2,12
spit,12
fox,12
fading,12
backtracking,12
punch,12
rhythmic,12
cry,12
sid,12
h2,12
accords,12
billie,12
eigenvalues,12
itll,12
27th,12
dn,12
develop,12
f3,12
kappa,12
chant,12
mainly,12
design,12
darkness,12
stare,12
entirely,12
c1,12
exclusive,12
holland,12
masterpiece,12
algorithmic,12
puzzle,12
enlightenment,12
descending,12
protection,12
describes,12
drama,12
intact,12
superseded,12
affects,11
contradiction,11
chest,11
accumulation,11
funeral,11
res,11
pot,11
weird,11
graphite,11
april,11
restrictive,11
doctor,11
nerve,11
satisfies,11
extend,11
kz,11
nk,11
father,11
yea,11
whos,11
interview,11
balance,11
pj,11
richmond,11
rabbit,11
receive,11
prepare,11
propositions,11
unaware,11
foam,11
math,11
1d,11
spot,11
sonntag,11
imo,11
expired,11
cm,11
realise,11
bluetooth,11
dangerous,11
derivative,11
blinks,11
axiomatic,11
exploring,11
mixed,11
coloured,11
hide,11
shitting,11
wrt,11
alberts,11
d1,11
poet,11
tk,11
armpits,11
kno,11
tattoo,11
freq,11
catwalk,11
mute,11
gentlemen,11
k1,11
hyacinth,11
leipzig,11
moored,11
pulse,11
apple,11
chasm,11
tender,11
clockwise,11
modulus,11
produces,11
widely,11
rhythms,11
information,11
desert,11
pluto,11
vice,11
2s,11
country,11
elle,11
semantically,11
crack,11
flipping,11
noticing,11
chris,11
likewise,11
mapped,11
education,11
views,11
opera,11
pull,11
pearly,11
apparently,11
bin,11
war,11
moans,11
bday,11
tire,11
learns,11
access,11
primes,11
guided,11
brownie,11
bf,11
cloud,11
subtle,11
storm,11
colours,11
peach,11
landscapes,11
profound,11
user,11
semantic,11
artifact,11
fantasy,11
christ,11
pregnant,11
ahhhhhh,11
immemorial,11
pantyhose,11
moan,11
replace,11
character,11
combinatory,11
descends,11
splits,11
hall,11
affinity,11
laughter,11
xxviii,11
nach,11
cn,11
fm,11
nel,11
harsh,11
amazes,11
sec,11
forests,11
rip,11
electrodynamic,11
parallels,11
smp,11
tweeting,11
salon,11
horizons,11
krt,11
adopted,11
opinion,11
turning,11
stochastic,11
felt,11
ui,11
poo,11
determinant,11
gently,11
ces,11
hy,11
watch,11
panning,11
ix,11
melrose,11
minimal,11
acrobat,11
ramp,11
silly,11
parents,11
unfolding,11
twin,11
smell,11
subgroup,11
alcove,11
sensitivities,11
laws,11
nought,11
element,11
leicester,11
heavens,11
struck,11
herself,11
busy,11
poux,11
yarn,11
lettre,11
preserving,11
heaven,11
tomorrows,11
seed,11
sap,11
void,11
zeros,11
l1,11
mais,11
avec,11
folle,11
token,11
semblable,11
euler,11
divisor,11
accuracy,11
werden,11
company,11
causes,11
p4,11
flood,11
bills,11
site,11
standards,11
fancy,11
refrain,11
evolved,11
endpoints,11
gut,11
treasure,11
shifts,11
ahahaha,11
mms,11
prayer,11
aw,11
minds,11
generalization,11
dns,11
identity,11
destroyed,11
awareness,11
religious,11
theology,11
worlds,11
echo,11
undefined,11
triggers,11
era,11
shift,11
bottles,10
curvature,10
positions,10
ink,10
kid,10
reach,10
frege,10
mauvais,10
nth,10
sunshine,10
44,10
buzz,10
causing,10
portion,10
lack,10
eqs,10
shucks,10
pills,10
submissions,10
bh,10
kelp,10
drum,10
persons,10
podcast,10
popular,10
2p,10
drinks,10
dried,10
stands,10
nowadays,10
inferred,10
verbe,10
kek,10
ight,10
american,10
sighs,10
intersects,10
likely,10
consequences,10
fst,10
guillaume,10
convinced,10
wakes,10
pear,10
ft,10
stomach,10
algebraically,10
weve,10
abort,10
bottle,10
jealous,10
superb,10
davies,10
asymptotically,10
fertile,10
wk,10
horribly,10
ssa,10
endless,10
relativity,10
convertible,10
monstrosity,10
nooo,10
ham,10
satan,10
reckon,10
gosh,10
voxel,10
nuit,10
moonlight,10
depart,10
preceding,10
lil,10
deux,10
ruffle,10
iz,10
funny,10
cigarette,10
boom,10
margin,10
fragments,10
mov,10
birth,10
lo,10
31,10
versa,10
granted,10
dom,10
evident,10
marche,10
von,10
polite,10
jibe,10
motors,10
occasion,10
questioning,10
examples,10
slips,10
whippersnappers,10
kn,10
advantage,10
stones,10
phil,10
maddened,10
web,10
dollar,10
rob,10
archway,10
doorknob,10
rake,10
inverted,10
dust,10
humped,10
mount,10
planting,10
roadway,10
betrayal,10
background,10
demonstration,10
hood,10
crawled,10
shaded,10
tor,10
silk,10
decorated,10
biz,10
subs,10
modes,10
mirage,10
proposed,10
hallucination,10
mimic,10
connective,10
metaphysics,10
condition,10
lib,10
probe,10
spiral,10
release,10
theological,10
technical,10
mourning,10
optimal,10
kernel,10
psychedelic,10
evolution,10
resonance,10
protocol,10
transmission,10
young,10
evenings,10
progressed,10
lewis,10
palms,10
designated,10
adieu,10
bitten,10
constraints,10
ferdinand,10
killed,10
rush,10
bearings,10
pfft,10
e1,10
mus,10
explanation,10
distraction,10
reflect,10
brewing,10
considerable,10
kinds,10
mandoline,10
sylvan,10
sz,10
algebras,10
topologically,10
firmly,10
ravings,10
drink,10
chez,10
demands,10
pd,10
plzz,10
hyena,10
hath,10
ex,10
sail,10
porter,10
succumbs,10
idx,10
erwin,10
responds,10
determinants,10
suppressed,10
received,10
555,10
d3,10
lna,10
detection,10
smile,10
included,10
silenced,10
mums,10
pendulum,10
mugs,10
tighter,10
neighbourhood,10
drone,10
termed,10
plays,10
goddamn,10
rage,10
breezes,10
satisfying,10
sandals,10
comprehension,10
progresses,10
precision,10
ns,10
viols,10
heap,10
ouch,10
fabulous,10
haskell,10
e2,10
email,10
stays,10
victims,10
drowned,10
oui,10
peep,10
supposes,10
verse,10
snack,10
stone,10
revoir,10
tears,10
eight,10
ego,10
joining,10
pl,10
throbbing,10
moved,10
l3,10
skyline,10
whatsup,10
understanding,10
fragile,10
concerned,10
emphasis,10
intersecting,10
crisis,10
discipline,10
t1,10
merely,10
meditation,10
constraint,10
peace,10
tz,10
equivalence,10
xk,10
homomorphic,10
recognise,10
deconstruction,10
religion,10
belief,10
provides,10
merge,10
corruption,10
command,10
structural,10
lie,10
pray,9
qu,9
strategy,9
curry,9
nonconvex,9
traversals,9
x3,9
rainy,9
peter,9
preference,9
demon,9
bestiary,9
91,9
medicine,9
surgery,9
grammatical,9
1x,9
sphere,9
abcdef,9
1c,9
eau,9
doesn,9
acd,9
grab,9
testing,9
practices,9
rub,9
intently,9
extreme,9
succeed,9
graphically,9
existing,9
notation,9
7th,9
nope,9
prof,9
pairwise,9
anybody,9
thinks,9
oclock,9
families,9
suddenly,9
laughing,9
tinted,9
practising,9
shelter,9
ka,9
sections,9
isomorphism,9
flushing,9
waste,9
ute,9
underneath,9
wedding,9
vous,9
virginity,9
ahah,9
painted,9
todays,9
docile,9
grazed,9
jokes,9
mantel,9
aware,9
tent,9
11am,9
bye,9
bridges,9
dfa,9
k3,9
mn,9
foams,9
px,9
vz,9
circumstances,9
unrealistic,9
offering,9
scott,9
es,9
nst,9
structured,9
ghoul,9
doubtless,9
pimp,9
astrological,9
acf,9
mein,9
aurora,9
rail,9
dashes,9
bisected,9
tends,9
enjoys,9
modification,9
oaks,9
maximum,9
dimension,9
plants,9
nasty,9
frivolous,9
tresses,9
cocky,9
drifting,9
envelopes,9
coil,9
ole,9
metro,9
hid,9
virgins,9
penetrating,9
territory,9
shy,9
golden,9
hut,9
waters,9
jest,9
throttle,9
marina,9
casting,9
skeleton,9
sweep,9
echoing,9
corpse,9
renoir,9
rests,9
perfume,9
brevity,9
detector,9
chin,9
automatism,9
stability,9
ultimate,9
precise,9
convergence,9
audience,9
environment,9
sacrificial,9
addiction,9
sacrifice,9
burial,9
preservation,9
extinction,9
methodology,9
converge,9
criticism,9
manipulation,9
rhetorical,9
od,9
supremacy,9
enchiladas,9
hundred,9
unfinished,9
brackets,9
acrobatics,9
pulled,9
console,9
bright,9
regardless,9
zs,9
shirts,9
powder,9
songs,9
fleury,9
fill,9
revealed,9
sphinx,9
reflections,9
ans,9
woolf,9
continuum,9
c0,9
thier,9
besides,9
flames,9
ipsa,9
congruent,9
3f,9
hv,9
grinding,9
astray,9
gnosis,9
alight,9
fragmentation,9
gt,9
xm,9
pc,9
fois,9
hof,9
dolphin,9
vos,9
gtp,9
grasshopper,9
grains,9
fruits,9
pre,9
bastards,9
keener,9
breasts,9
absolutely,9
noooo,9
profane,9
lj,9
conical,9
unity,9
jungle,9
wireless,9
summit,9
sp,9
fro,9
mouse,9
adler,9
outstretched,9
create,9
compr,9
2a,9
plain,9
porte,9
chatter,9
experiment,9
yahoo,9
substitute,9
doom,9
gaggle,9
considerations,9
foliage,9
phantasy,9
pointless,9
martyr,9
fleas,9
prayers,9
rofl,9
century,9
scrap,9
stock,9
rougher,9
grave,9
ents,9
canon,9
ct,9
lowered,9
donate,9
records,9
springs,9
dsa,9
brute,9
demand,9
lrt,9
semiotic,9
homomorphisms,9
chug,9
bobbing,9
infinitive,9
pauses,9
liam,9
sadly,9
shuld,9
bn,9
concept,9
increasingly,9
grace,9
finds,9
rusty,9
loving,9
cute,9
fleche,9
serves,9
citation,9
nodes,9
spooked,9
grapes,9
3n,9
retain,9
winds,9
bk,9
summing,9
m3,9
spectral,9
tools,9
agency,9
synchronization,9
brilliant,9
represents,9
afraid,9
complexity,9
oe,9
missing,9
repetition,9
degenerate,9
secrets,9
encoded,9
device,9
creating,9
restoring,9
truths,9
overflow,9
decades,9
acoustic,9
exploration,9
describing,9
lifetime,9
feeling,9
submission,9
silences,9
timeline,9
nonempty,9
flt,8
sorrow,8
chones,8
eternity,8
tf,8
kissy,8
cursive,8
hc,8
periodic,8
decoupling,8
dk,8
definiteness,8
stain,8
fo,8
speaks,8
females,8
operations,8
stand,8
philosophy,8
examined,8
pity,8
pugnacious,8
conjugation,8
rate,8
grin,8
fj,8
unable,8
rights,8
whence,8
constructive,8
logspace,8
weakness,8
histories,8
rhombus,8
laptop,8
guest,8
induction,8
chemist,8
deutsch,8
tht,8
approximates,8
bees,8
boss,8
soup,8
fn,8
dieter,8
marching,8
dag,8
v4,8
nj,8
iff,8
2t,8
agglutination,8
nonce,8
karma,8
pubic,8
chevalier,8
theorems,8
hoodie,8
cf,8
homotopy,8
xkcd,8
ffs,8
somehow,8
8am,8
cymbals,8
twitching,8
int,8
jmp,8
stick,8
aggresive,8
chalice,8
kripke,8
union,8
logging,8
hauls,8
acu,8
seek,8
snowflakes,8
lookin,8
share,8
upside,8
memo,8
disturbed,8
domestic,8
rd,8
vy,8
wayne,8
frozen,8
utility,8
lapel,8
tmrw,8
poppies,8
joints,8
inn,8
engaged,8
horticulture,8
shots,8
twine,8
windy,8
nymphs,8
exotic,8
lisp,8
sensitivity,8
vol,8
input,8
began,8
rainforests,8
twice,8
international,8
afresh,8
wetsuit,8
ship,8
honk,8
mix,8
sled,8
gang,8
staff,8
pig,8
cup,8
canal,8
eats,8
repair,8
cries,8
messages,8
flawless,8
eureka,8
wine,8
cop,8
mass,8
happiness,8
devil,8
libre,8
wetter,8
factory,8
cage,8
strike,8
shutters,8
dna,8
slumber,8
ocr,8
oer,8
stained,8
grove,8
glows,8
exponent,8
attraction,8
vigorously,8
immerse,8
primal,8
transforms,8
diphthong,8
depiction,8
shallow,8
discover,8
masking,8
technique,8
entombed,8
realm,8
physical,8
violence,8
therapy,8
peer,8
suggests,8
accidental,8
civilization,8
tragedy,8
reverence,8
upstream,8
narrative,8
genre,8
proxy,8
traverse,8
preserve,8
observing,8
authority,8
institutional,8
melody,8
inquiry,8
t0,8
types,8
spicy,8
forbidden,8
magnus,8
lires,8
decidable,8
jones,8
fam,8
pins,8
formal,8
sketch,8
buzzer,8
hommage,8
cette,8
prologue,8
hehe,8
mast,8
subway,8
uniform,8
wishes,8
shoulders,8
yourselves,8
lover,8
admiring,8
animals,8
beloved,8
pupils,8
shrink,8
brownstone,8
hip,8
succeeded,8
hypothesis,8
slanting,8
acg,8
infernal,8
screw,8
tm,8
iphthong,8
te,8
teeny,8
silver,8
indication,8
leap,8
knot,8
fix,8
novo,8
shutting,8
25,8
ls,8
max,8
converters,8
serve,8
gipsy,8
cg,8
xl,8
whitespace,8
ursule,8
act,8
armpit,8
arrested,8
shops,8
legal,8
dominant,8
faggot,8
simpsons,8
balls,8
photo,8
bestial,8
cleveland,8
logicians,8
xxii,8
sombre,8
signs,8
belong,8
brady,8
voices,8
associated,8
soda,8
decoy,8
stumbling,8
evaporate,8
hardly,8
tumbling,8
arrest,8
24hrs,8
indented,8
commands,8
primarily,8
heimat,8
workers,8
bling,8
sold,8
heheh,8
insects,8
gardens,8
m2,8
loose,8
perpendiculars,8
simulating,8
engage,8
beck,8
jellyfish,8
detour,8
vial,8
simplest,8
contours,8
weave,8
pico,8
hu,8
cheval,8
homogeneous,8
soil,8
departure,8
wel,8
piled,8
tre,8
rule,8
gg,8
listeners,8
zone,8
hk,8
winding,8
sphinxes,8
refreshing,8
destroy,8
reflexes,8
n0,8
atomic,8
ff,8
suck,8
garbled,8
doin,8
sweats,8
whoops,8
flowering,8
apparent,8
silently,8
depend,8
fan,8
calculus,8
basement,8
amt,8
limbo,8
gypsy,8
mal,8
social,8
dif,8
surprising,8
conclusively,8
metallic,8
semicolon,8
delivered,8
practical,8
bury,8
simulation,8
imagination,8
t2,8
oop,8
vast,8
resistance,8
rtial,8
oi,8
abbr,8
lograngian,8
zh,8
log2,8
abacus,8
carefully,8
countryside,8
subgroups,8
ohh,8
instrument,8
conversation,8
potential,8
visualization,8
intrinsic,8
producing,8
exact,8
category,8
artifacts,8
listener,8
tormented,8
schema,8
validation,8
typing,8
research,8
triggered,8
executed,8
jersey,8
z0,7
xyz,7
grip,7
quadrants,7
br,7
xxiii,7
awesome,7
changer,7
distributed,7
borage,7
updated,7
infty,7
postscript,7
nearest,7
relate,7
bradford,7
briefly,7
rh,7
imma,7
tear,7
floating,7
satisfactorily,7
hopeful,7
anchored,7
makin,7
oddball,7
lmfs,7
folding,7
hostages,7
agg,7
hal,7
meal,7
camus,7
madam,7
mp4,7
towers,7
glow,7
thousand,7
unreal,7
unique,7
affairs,7
undone,7
literary,7
characters,7
materials,7
axiomatization,7
auster,7
adventure,7
xz,7
attribute,7
hearts,7
wt,7
hey,7
vc,7
vf,7
warfare,7
cheated,7
rewind,7
eqp,7
imho,7
hive,7
vn,7
cdr,7
foolish,7
stole,7
fashion,7
tom,7
5th,7
construct,7
sv,7
valli,7
iph,7
abortive,7
convolutional,7
raise,7
suffers,7
f0,7
walker,7
fs,7
freight,7
vary,7
checking,7
alleys,7
msa,7
disjoint,7
strand,7
monotonous,7
latin,7
heh,7
aloft,7
h1,7
bei,7
awkward,7
conjecture,7
decayed,7
sampling,7
a3,7
despair,7
reconstitute,7
curie,7
fog,7
jewelry,7
brutal,7
stops,7
wendy,7
lmp,7
dominants,7
eqk,7
ensembles,7
brisk,7
functor,7
divisors,7
implications,7
sundown,7
fools,7
pile,7
twitcon,7
bedside,7
boards,7
derivation,7
disposal,7
pz,7
ea,7
stair,7
conundrum,7
depends,7
nrt,7
lyric,7
botched,7
orbits,7
trembling,7
moth,7
sparring,7
joke,7
kevin,7
stretches,7
endure,7
hobgoblin,7
i1,7
paws,7
embers,7
entanglements,7
spill,7
caterpillar,7
mortal,7
perturbations,7
sweatshirt,7
carson,7
conditioned,7
copper,7
stockings,7
carpenters,7
bonds,7
dearest,7
mauva,7
yelp,7
feminine,7
combat,7
vehicles,7
strollers,7
clever,7
hurricane,7
stumped,7
striking,7
correlation,7
uk,7
banged,7
task,7
superior,7
ceo,7
recite,7
priority,7
lands,7
regency,7
fat,7
pug,7
beckons,7
longitude,7
cattle,7
catherine,7
herd,7
wai,7
flank,7
explosions,7
jaded,7
bitter,7
wool,7
dreamed,7
valleys,7
waits,7
useless,7
wagon,7
elegance,7
snooker,7
reverse,7
objective,7
sleeps,7
emptied,7
bitches,7
suspect,7
t3,7
anguished,7
growth,7
floats,7
loser,7
sample,7
eg,7
reject,7
ranged,7
rainbow,7
introduced,7
enriched,7
echoes,7
cathedral,7
veil,7
maintenance,7
powers,7
blindness,7
incapable,7
framework,7
transformed,7
generations,7
discovers,7
massive,7
reconstructed,7
avatar,7
epistemic,7
subculture,7
production,7
destructive,7
collective,7
enabled,7
alchemical,7
spectrogram,7
generation,7
fragility,7
shouts,7
beckoning,7
aches,7
worn,7
shaven,7
compactly,7
lisbon,7
thong,7
sup,7
dragging,7
xp,7
deserve,7
pa,7
constructing,7
transverse,7
ridiculous,7
purely,7
signals,7
permitted,7
imbeciles,7
beaches,7
chamber,7
western,7
rag,7
essentially,7
ours,7
plenty,7
bent,7
v0,7
liquid,7
worthy,7
fairy,7
acio,7
kj,7
agreement,7
z3,7
reordering,7
dew,7
frisch,7
langage,7
theirs,7
verification,7
rightly,7
mattresses,7
intersected,7
sin,7
northern,7
thankful,7
reconstructions,7
zzz,7
shade,7
weathering,7
sterile,7
bisector,7
srt,7
uhh,7
wracking,7
programming,7
parade,7
react,7
pant,7
mirroring,7
mensch,7
cfs,7
geography,7
stirring,7
assess,7
achieve,7
cc,7
professionally,7
comedy,7
domains,7
spatiotemporal,7
secondary,7
choc,7
musing,7
plucked,7
smells,7
arabic,7
az,7
monolingual,7
flea,7
alicia,7
mb,7
hale,7
quitting,7
abic,7
drew,7
algebraics,7
spleen,7
prose,7
sensible,7
drifts,7
4th,7
third,7
dances,7
york,7
elm,7
convolution,7
midi,7
seductive,7
tibetan,7
implant,7
inflated,7
briskly,7
phantom,7
xxix,7
pptp,7
significance,7
pls,7
mir,7
boredom,7
aci,7
protect,7
28,7
famille,7
abacii,7
tiresias,7
severely,7
journey,7
float,7
bolt,7
firewood,7
nevada,7
consonant,7
chinese,7
expensive,7
snowfall,7
awful,7
regime,7
sands,7
inversion,7
swings,7
archery,7
activities,7
capacity,7
warts,7
leafy,7
clearing,7
refutation,7
lettrecht,7
cours,7
shout,7
india,7
abacci,7
plastered,7
uncertainty,7
magnitude,7
19,7
grecian,7
examines,7
decaying,7
alleyway,7
2i,7
lucky,7
amplification,7
hare,7
feeding,7
exponential,7
wilt,7
cs,7
pale,7
including,7
sh,7
ace,7
replaced,7
kk,7
acl,7
ache,7
pt,7
abal,7
bliss,7
beginning,7
groaning,7
cardinal,7
completely,7
entity,7
r0,7
eigenvectors,7
ldots,7
h3,7
vierge,7
0x,7
intuitive,7
suggestion,7
eine,7
3c,7
dp,7
nf,7
metaphors,7
total,7
thread,7
integrity,7
fiction,7
mediocrity,7
expectations,7
communication,7
optics,7
creep,7
fragment,7
meets,7
server,7
realization,7
reinforcement,7
embrace,7
relationships,7
fixing,7
sentiment,7
meme,7
danger,7
classic,7
formality,7
spooky,7
rephrase,7
soo,7
obituaries,6
bet,6
dais,6
fold,6
cons,6
oc,6
geez,6
ich,6
ent,6
chevelure,6
1871,6
fc,6
gulp,6
defend,6
f5,6
slurry,6
sweeney,6
ohhhhh,6
gypsies,6
mamma,6
forehead,6
neighborhood,6
governs,6
moles,6
ooohh,6
ahhhhhhh,6
accept,6
sailor,6
extraordinarily,6
version,6
ceil,6
towns,6
elizabeth,6
paradigm,6
bought,6
mistress,6
worked,6
aus,6
abccd,6
hadn,6
pertinent,6
decidedly,6
dijkstra,6
replied,6
intentions,6
fascinated,6
bch,6
eternally,6
aroma,6
sigma,6
instance,6
cv,6
fallen,6
2011,6
surreal,6
cosmetic,6
b3,6
ecdsa,6
ss,6
jensen,6
ks,6
wed,6
liberty,6
lighted,6
sag,6
expires,6
reassuring,6
zzzz,6
gr,6
xiii,6
dac,6
gcd,6
cannonball,6
infinities,6
scales,6
jour,6
dfs,6
makers,6
hotels,6
practice,6
eq3,6
clarification,6
chicago,6
braces,6
prolog,6
v3,6
edt,6
abandon,6
bellamy,6
forearms,6
devoted,6
invariance,6
fainting,6
extends,6
expert,6
cdu,6
pies,6
corresponding,6
responsible,6
whereby,6
escaping,6
dauphin,6
dyed,6
bp,6
benefit,6
spreads,6
refused,6
s0,6
unset,6
accord,6
proposition,6
exponents,6
augment,6
carried,6
ez,6
mood,6
believed,6
ceremonies,6
limbs,6
happen,6
hofmanns,6
bmp,6
shook,6
ult,6
criminals,6
cdn,6
holes,6
logit,6
monads,6
cursory,6
suffer,6
edges,6
derived,6
wouldn,6
curse,6
amount,6
type,6
nothingness,6
diracs,6
orgie,6
hier,6
ist,6
followers,6
sciences,6
detailed,6
72,6
millions,6
eqi,6
definately,6
claws,6
abacitation,6
moorgate,6
demanding,6
vai,6
hills,6
chuckles,6
lemma,6
ethereal,6
discerning,6
arity,6
instant,6
shame,6
isolate,6
sir,6
bg,6
causal,6
ge,6
ao,6
reasons,6
piercings,6
sweetheart,6
ke,6
bruised,6
brecht,6
concatenation,6
blacks,6
axiomatically,6
cic,6
crop,6
accursed,6
clerk,6
redwood,6
fx,6
marguerite,6
granite,6
ltp,6
desires,6
canoe,6
cracks,6
raising,6
main,6
coz,6
fahrt,6
nozzles,6
souls,6
produce,6
worms,6
dug,6
helmet,6
beauteous,6
friday,6
musings,6
ghosts,6
subtracted,6
sparrow,6
food,6
mingle,6
implausible,6
hire,6
concave,6
caress,6
etymology,6
goto,6
draw,6
cracker,6
fl,6
merci,6
audacity,6
sinking,6
thirties,6
squad,6
overset,6
entry,6
flops,6
flickering,6
carbine,6
grown,6
oblivious,6
hookah,6
threesome,6
wheres,6
disk,6
stir,6
gathered,6
virgin,6
refresh,6
inductive,6
whoa,6
lukewarm,6
painful,6
entropic,6
respiration,6
ec,6
harmonies,6
rtp,6
lifted,6
reflex,6
perfumes,6
stairwell,6
typically,6
fate,6
barrier,6
debauchery,6
fires,6
dampened,6
martyrs,6
boring,6
transparent,6
artist,6
observe,6
attains,6
ruined,6
charts,6
superimposed,6
torus,6
cutoffs,6
emergence,6
useful,6
evaporates,6
wetsuits,6
containment,6
pride,6
glory,6
fe,6
nesting,6
poem,6
alchemically,6
repeated,6
glide,6
presupposes,6
radical,6
mythology,6
hardware,6
oblique,6
chaotic,6
diameter,6
comparison,6
contact,6
comments,6
attuned,6
composition,6
lookup,6
humor,6
tolerance,6
vulnerable,6
shared,6
losses,6
ontological,6
exposed,6
sync,6
visibility,6
intensity,6
philosophical,6
victim,6
template,6
sonic,6
reaches,6
reversal,6
transition,6
deception,6
fake,6
progression,6
interface,6
generational,6
inviting,6
juice,6
thyself,6
opens,6
row,6
flyby,6
scream,6
s4,6
comic,6
forecast,6
thesis,6
unexpected,6
forgetting,6
ami,6
siphon,6
oasis,6
surely,6
swollen,6
teen,6
honesty,6
lemme,6
snip,6
announce,6
stud,6
ahahahahaha,6
rafters,6
excerpted,6
phantasmagoria,6
mince,6
comb,6
ings,6
lippert,6
100,6
tedious,6
exhausted,6
movie,6
angelina,6
intense,6
gazes,6
publique,6
excepting,6
shape,6
gis,6
prevails,6
ri,6
rm,6
ang,6
havard,6
cp,6
jj,6
approximating,6
billion,6
ext,6
univariate,6
simplification,6
lyre,6
chord,6
8th,6
auf,6
aptitude,6
gross,6
1n,6
wah,6
greetings,6
royal,6
vignettes,6
individuals,6
exp,6
urinal,6
amok,6
folds,6
moist,6
mics,6
praying,6
mountebank,6
feeds,6
invitation,6
extract,6
frm,6
equals,6
subjected,6
tags,6
worst,6
passionately,6
pressed,6
chop,6
brass,6
join,6
implementation,6
operant,6
wands,6
widened,6
knit,6
matt,6
hedge,6
respond,6
resources,6
warned,6
rubies,6
multivariable,6
kills,6
disjunction,6
unary,6
mauss,6
acolytes,6
prying,6
hysterical,6
10am,6
neighbouring,6
comical,6
incommunicable,6
eyeprod,6
dm,6
crook,6
glitched,6
hella,6
candle,6
unequal,6
tugs,6
stations,6
grammars,6
solid,6
pyramids,6
poppin,6
summertime,6
parted,6
milk,6
bags,6
toulouse,6
blaze,6
lent,6
invented,6
hashed,6
meadow,6
bah,6
mysteries,6
ordering,6
implemented,6
boil,6
voiture,6
remorse,6
coincide,6
romantic,6
lattice,6
divisibility,6
relief,6
lineage,6
marsh,6
jelly,6
lagrange,6
duh,6
slap,6
wav,6
foggy,6
discovering,6
endlessly,6
quest,6
sculpture,6
paces,6
smokes,6
slashed,6
chase,6
je,6
kh,6
ppv,6
suisse,6
poultry,6
fmod,6
thirty,6
frizzie,6
mnemonic,6
heights,6
remained,6
mom,6
prey,6
voluptuous,6
nop,6
auditory,6
trumpet,6
antique,6
guidance,6
weeds,6
climbing,6
rotten,6
trip,6
hmp,6
trouser,6
concern,6
vt,6
pippi,6
18th,6
apt,6
hcl,6
job,6
hunger,6
rf,6
neglect,6
cow,6
dspace,6
lows,6
rouge,6
shh,6
guides,6
media,6
obscure,6
stings,6
dam,6
counter,6
chat,6
cam,6
yr,6
mild,6
pinky,6
woah,6
fellows,6
rp,6
crept,6
credit,6
mux,6
similiar,6
bun,6
m1,6
compute,6
degradation,6
termination,6
vor,6
lays,6
cyberspace,6
visions,6
honeymoon,6
fmp,6
shuffling,6
wn,6
mazes,6
whatever,6
2b,6
93,6
algebraical,6
riemannian,6
k4,6
cdd,6
xh,6
2n3,6
acn,6
smallest,6
cast,6
infix,6
rhs,6
snacks,6
equalizer,6
equ,6
permutations,6
copy,6
hn,6
km,6
semicolons,6
differences,6
mathematician,6
hallucinatory,6
i2,6
ignoring,6
anxiety,6
tension,6
diagnostic,6
enabling,6
empirical,6
crash,6
infrastructure,6
anonymity,6
legend,6
semiotics,6
thermal,6
contextual,6
failures,6
participants,6
snapshot,6
consequence,6
exposure,6
argument,6
priest,6
attribution,6
collapses,6
experiences,6
taste,6
cognition,6
pairs,6
smash,6
flame,6
win,6
sanctuary,6
completed,6
tornado,6
tradition,6
completion,6
insight,6
legitimate,6
centuries,6
haunting,6
remove,6
temporary,6
epic,6
fractal,6
embedded,6
representation,6
aesthetics,6
delusion,6
report,6
ensure,6
nonconsecutive,6
logician,6
dal,6
ahhhhh,5
contemplating,5
3s,5
ie,5
abf,5
pouvoir,5
pollen,5
musk,5
dedicated,5
abn,5
applications,5
observes,5
romeo,5
noone,5
latest,5
greatly,5
extent,5
solomon,5
tunnel,5
stevens,5
nonchalance,5
51,5
multiverse,5
strictly,5
addressed,5
whirlpool,5
lf,5
blossoms,5
sustained,5
gash,5
kline,5
scrutiny,5
flourish,5
vietnam,5
tummy,5
icons,5
selling,5
accordingto,5
profusely,5
equally,5
lap,5
vb,5
cal,5
erste,5
hypothetical,5
sobbing,5
distress,5
lists,5
sophistries,5
eden,5
prudhomme,5
vlt,5
terminal,5
emerald,5
vh,5
giphy,5
hound,5
3m,5
supersymmetry,5
mrt,5
fh,5
opportunity,5
nx,5
pulsing,5
zd,5
diag,5
abac,5
hai,5
cesium,5
bruce,5
ummm,5
baggy,5
ids,5
afaik,5
imitation,5
uld,5
chill,5
upright,5
rico,5
kerry,5
endian,5
moores,5
mnt,5
complementarity,5
mains,5
nombre,5
titles,5
honest,5
operas,5
bouquet,5
dda,5
rtf,5
xf,5
chances,5
twofold,5
xj,5
jn,5
googling,5
inertial,5
ows,5
denfant,5
eliminating,5
footage,5
assumed,5
realize,5
newcomers,5
couldn,5
pavement,5
privilege,5
carpeting,5
docs,5
zones,5
wc,5
ses,5
kp,5
terminate,5
familles,5
cells,5
gilded,5
disdain,5
givens,5
rw,5
mays,5
wordpress,5
turkey,5
alternately,5
sings,5
needed,5
tl,5
reserved,5
abacs,5
coq,5
mistakes,5
zrt,5
yikes,5
dg,5
gather,5
nz,5
timings,5
consistent,5
mk,5
roughed,5
dwarf,5
baptism,5
agents,5
rapidly,5
presuppose,5
lenient,5
extended,5
drowsiness,5
isomorphisms,5
ein,5
xxvii,5
translated,5
hsa,5
reports,5
warning,5
adam,5
3rd,5
hausdorffs,5
odyssey,5
projects,5
allowing,5
touches,5
entendre,5
tudes,5
armand,5
tempted,5
xr,5
pulsed,5
rises,5
netting,5
conditioning,5
chemtrails,5
standard,5
streets,5
theoretical,5
yk,5
verbally,5
dagger,5
goon,5
cocktail,5
breeding,5
domaine,5
poured,5
noob,5
possess,5
hydrants,5
indeterminate,5
guesswork,5
hooded,5
disgust,5
race,5
ia,5
backwards,5
dancing,5
su,5
welts,5
essential,5
cutie,5
greens,5
engulfed,5
uf,5
faithfully,5
aging,5
kissing,5
reflected,5
cocktails,5
fedora,5
duval,5
refusal,5
doe,5
ambient,5
temp,5
implicit,5
anchor,5
protected,5
hangs,5
rust,5
vanished,5
typical,5
gammon,5
abi,5
erotic,5
missionary,5
tolerate,5
coals,5
turf,5
tombs,5
io,5
spittle,5
negro,5
hop,5
abacient,5
rude,5
ua,5
mojo,5
identical,5
salons,5
azalea,5
twilight,5
mlt,5
coriolanus,5
offs,5
stories,5
gene,5
saxony,5
beckon,5
pugs,5
giving,5
dung,5
amenities,5
regretting,5
heckle,5
legacy,5
masters,5
dissipation,5
gn,5
nine,5
2013,5
smelly,5
pedro,5
member,5
delight,5
honking,5
ji,5
rejected,5
likes,5
dominions,5
leur,5
1h,5
rugs,5
taxiway,5
succesful,5
darkened,5
russian,5
b4,5
capture,5
gy,5
groan,5
marvelous,5
metamorphoses,5
reclined,5
semper,5
suspicion,5
morpheus,5
decisions,5
incognito,5
measure,5
frost,5
hears,5
exempt,5
electrophysiological,5
diagonally,5
conceive,5
personal,5
momentum,5
span,5
acme,5
renaud,5
archiving,5
mans,5
bomb,5
mermaids,5
keening,5
archduke,5
charm,5
thoughtful,5
accompanied,5
relevance,5
concords,5
cyprien,5
wider,5
amber,5
utopia,5
cemetary,5
dev,5
sad,5
eating,5
fleece,5
vertigo,5
wo,5
instruction,5
coercion,5
3600,5
biographies,5
fur,5
observations,5
rapid,5
battle,5
gap,5
avoiding,5
rumbling,5
possibility,5
basic,5
fail,5
rendered,5
neutral,5
terror,5
projected,5
paranoid,5
implement,5
channels,5
offset,5
reaching,5
assimilation,5
asks,5
apology,5
conventional,5
evil,5
acknowledges,5
delete,5
disappears,5
recovery,5
vortex,5
laurel,5
rituals,5
extraction,5
devastation,5
artificial,5
activation,5
symbolized,5
cosmos,5
progressive,5
montage,5
claims,5
iterative,5
attained,5
sensory,5
explicit,5
exploited,5
rite,5
moral,5
humanity,5
pedantic,5
predator,5
apocalypse,5
2017,5
brittle,5
immortality,5
rep,5
subrange,5
ten,5
ning,5
marble,5
murmur,5
rolls,5
viagra,5
och,5
sparks,5
bandages,5
skull,5
quelques,5
cease,5
solitude,5
appeal,5
23,5
reduction,5
favoured,5
singletons,5
skydiving,5
trunks,5
cooking,5
rainforest,5
ember,5
laugh,5
profanity,5
dominos,5
unhooked,5
voil,5
savoy,5
professors,5
courants,5
displacing,5
horse,5
ret,5
exciting,5
groom,5
genitive,5
se,5
loire,5
1891,5
dominique,5
dufour,5
earshot,5
viz,5
gavarni,5
province,5
sociable,5
xiv,5
deaf,5
orpheus,5
mice,5
ships,5
blaring,5
whore,5
gig,5
meridian,5
davenport,5
swarms,5
sieve,5
alternative,5
ranking,5
village,5
gay,5
generalisation,5
acia,5
glowing,5
gramophone,5
pretend,5
roofs,5
diphthongs,5
sys,5
concrete,5
references,5
oath,5
napoleonic,5
invent,5
keel,5
tuxedo,5
clairvoyance,5
guard,5
inaccessible,5
conceivably,5
compose,5
broke,5
ot,5
metrosexual,5
buff,5
aberrations,5
justified,5
scattered,5
sooo,5
lu,5
travers,5
sc,5
greets,5
sauce,5
camper,5
knifepoint,5
bypassing,5
ish,5
package,5
stood,5
symptomatic,5
0h,5
orgy,5
buds,5
gnomes,5
kommunications,5
juicy,5
cautions,5
focussed,5
mediterranean,5
medium,5
wrinkle,5
flurry,5
bait,5
freshener,5
havre,5
straighten,5
supposed,5
confines,5
jacks,5
whisper,5
mens,5
freely,5
soap,5
loveliness,5
fossil,5
woolwich,5
conversely,5
cowards,5
nymph,5
yam,5
calmly,5
consistency,5
reduce,5
miles,5
heals,5
atm,5
fingered,5
handkerchief,5
50,5
monotonic,5
factor,5
armando,5
gizmodo,5
delightful,5
abacis,5
panty,5
abd,5
someplace,5
attracting,5
crockett,5
pmo,5
viola,5
boiling,5
neared,5
phlogiston,5
excessive,5
integrator,5
ceilings,5
flashlights,5
lassitude,5
maintained,5
supremes,5
obese,5
odours,5
gypsum,5
chunk,5
akin,5
profusion,5
integral,5
eds,5
chocolat,5
decays,5
wading,5
embarking,5
stationed,5
crystalline,5
joint,5
lamps,5
acs,5
dir,5
babel,5
interlude,5
hyatt,5
relates,5
repulsive,5
kombucha,5
cities,5
boundless,5
duffle,5
rj,5
friggin,5
yuck,5
nage,5
disasters,5
nes,5
tourists,5
monsoon,5
dx,5
schizophrenic,5
primeimes,5
furthering,5
sociologist,5
greece,5
0x0,5
mug,5
bypass,5
blonde,5
ala,5
parent,5
afs,5
market,5
crowd,5
slave,5
springtime,5
potion,5
xc,5
wolves,5
fatigue,5
rsa,5
idealistic,5
conv,5
proofs,5
gentle,5
lags,5
seasons,5
hyacinths,5
guesses,5
maroon,5
phosphoric,5
blind,5
distinctions,5
quads,5
fountain,5
strain,5
snowed,5
sprite,5
undiscovered,5
politics,5
cis,5
freckles,5
mpt,5
crew,5
finish,5
organ,5
chevaliers,5
soto,5
ahahahah,5
8m,5
brook,5
beast,5
hues,5
sim,5
assurance,5
parametric,5
transformations,5
shores,5
sau,5
cubic,5
wasn,5
pareto,5
sausage,5
scramble,5
10th,5
stinking,5
bam,5
imposed,5
newspapers,5
classical,5
evaporated,5
dragons,5
variable,5
swept,5
plan,5
eqq,5
waterfalls,5
z1,5
xxiv,5
tarps,5
snowmen,5
msn,5
kv,5
nsfw,5
experienced,5
firm,5
loosely,5
literature,5
haste,5
11th,5
admittedly,5
rarely,5
bounding,5
aragon,5
matched,5
directed,5
decision,5
abag,5
ourselves,5
durch,5
agglomeration,5
x0,5
ccl,5
pinkie,5
thereto,5
roi,5
backspace,5
ee,5
algebraal,5
permission,5
matters,5
swaying,5
r4,5
ired,5
acmp,5
omega,5
gm,5
xa,5
fahrenheit,5
private,5
ry,5
cylindrical,5
metaprogrammer,5
demonstrates,5
bal,5
thames,5
chalons,5
ltn,5
heretic,5
sff,5
ihrer,5
oky,5
cz,5
cag,5
delay,5
faulty,5
multiply,5
zf,5
2e,5
tn,5
buzzed,5
consecutive,5
drugs,5
emerges,5
analyzing,5
pause,5
pedagogy,5
adaptation,5
stable,5
ensures,5
recorded,5
obligation,5
regress,5
crashes,5
attempt,5
spurious,5
ecosystem,5
moderating,5
global,5
mastery,5
timing,5
responses,5
translator,5
decode,5
bot,5
surprise,5
relies,5
ironic,5
prediction,5
cultivated,5
fade,5
applies,5
parody,5
quietly,5
harmonic,5
cure,5
precious,5
asymmetric,5
fascinating,5
commitment,5
sarcasm,5
gods,5
precedence,5
praise,5
exposing,5
robot,5
punishment,5
teaching,5
species,5
obsidian,5
resonant,5
gradient,5
virtue,5
iced,5
sweetie,5
c4,5
nate,5
abaciation,5
fy,5
unclosed,5
doh,4
lasted,4
definitional,4
cav,4
academy,4
hallucinations,4
ect,4
boson,4
prisoner,4
ku,4
z2,4
1f,4
bav,4
gi,4
mpf,4
goldenrod,4
january,4
generators,4
0n,4
existent,4
a0,4
metaprogramming,4
hh,4
dermatology,4
agu,4
yamaha,4
brod,4
formulae,4
1e,4
freunde,4
00am,4
homage,4
doubtful,4
possessing,4
panic,4
yn,4
rotating,4
porta,4
thereafter,4
centerline,4
sagal,4
rtl,4
illuminations,4
rom,4
acis,4
measurements,4
fishnet,4
hrt,4
indivisible,4
dcd,4
denoting,4
pv,4
dresser,4
realtime,4
builtin,4
imagining,4
exemplary,4
unser,4
lage,4
replication,4
diverge,4
inspection,4
ahhaha,4
sysiphus,4
dutch,4
mommy,4
whatsoever,4
govern,4
hmmmm,4
mattock,4
dau,4
mlk,4
psd,4
snares,4
oohhh,4
chan,4
ntial,4
pooh,4
riemanns,4
prick,4
internal,4
reducing,4
mpd,4
vals,4
symmetries,4
mails,4
20mins,4
4m,4
functors,4
pmp,4
reactions,4
dahlia,4
shine,4
waal,4
zr,4
correctly,4
circulation,4
alveolar,4
washroom,4
pursuing,4
fight,4
lda,4
confine,4
unpleasant,4
blankly,4
lay,4
fingerprints,4
surrealism,4
insulting,4
succumbing,4
butts,4
dirichlets,4
congruences,4
limoncello,4
github,4
lis,4
opt,4
snowfalls,4
lts,4
vp,4
src,4
loitering,4
heaps,4
gegen,4
ere,4
hoes,4
concerning,4
nay,4
walkthrough,4
gah,4
adage,4
botox,4
neednt,4
straightforward,4
exhaustive,4
bfa,4
proceed,4
cmon,4
notto,4
latter,4
flown,4
bedlam,4
sincerely,4
fathers,4
pdf,4
nameless,4
trouvais,4
biasing,4
tes,4
leuven,4
stony,4
vu,4
trail,4
hfs,4
nets,4
caves,4
nuns,4
illusions,4
thx,4
differentiated,4
accident,4
finest,4
circuits,4
elk,4
yc,4
contre,4
paint,4
della,4
ti,4
arb,4
ivory,4
cfa,4
luminance,4
leaflets,4
unpacked,4
dre,4
vars,4
flowed,4
criterion,4
letting,4
excitement,4
campagne,4
benedict,4
kaggle,4
suivant,4
enimie,4
2z,4
chirping,4
za,4
asia,4
langevin,4
2am,4
elses,4
management,4
cutters,4
yap,4
broeck,4
insensitive,4
nightingale,4
functional,4
leche,4
sda,4
frank,4
whacking,4
chrome,4
michel,4
rod,4
placed,4
delicate,4
coupier,4
fille,4
acre,4
goody,4
dads,4
camping,4
bz,4
admiration,4
jst,4
sj,4
ach,4
scorching,4
brightness,4
alphabetically,4
tape,4
arrears,4
plt,4
gli,4
wf,4
restore,4
crosshair,4
brothels,4
botanic,4
nextto,4
arts,4
haus,4
seawater,4
delectable,4
poppie,4
peeps,4
steps,4
ultra,4
copious,4
rfs,4
pomps,4
retract,4
conditional,4
willy,4
rr,4
farts,4
senses,4
oil,4
covers,4
inclined,4
pools,4
adoption,4
vague,4
drape,4
charity,4
session,4
mam,4
viaduct,4
mould,4
cr,4
kai,4
ware,4
coochie,4
enemy,4
windowless,4
motto,4
mentally,4
brand,4
arched,4
zoom,4
fest,4
83,4
bride,4
cur,4
scd,4
hesitation,4
roger,4
scraped,4
prev,4
mismatch,4
plows,4
geht,4
multiverses,4
examining,4
unsolicited,4
dink,4
mothers,4
vibratory,4
diabolic,4
southwest,4
pooping,4
anon,4
nurture,4
billy,4
dissipated,4
thud,4
burst,4
spanish,4
torneo,4
40,4
typology,4
cuffs,4
refit,4
venison,4
shellfish,4
giraffes,4
tongues,4
libert,4
roses,4
foi,4
bridal,4
abominable,4
veg,4
elet,4
eagle,4
ac3,4
agree,4
adored,4
limon,4
wheels,4
edgy,4
yokels,4
aaaaa,4
reed,4
johns,4
xii,4
pheromones,4
berkshire,4
nai,4
adopts,4
russault,4
hacked,4
recreation,4
bertha,4
hermes,4
integrative,4
90,4
phonology,4
thrice,4
faun,4
10d,4
garnished,4
swarm,4
ladder,4
gram,4
gatling,4
monkey,4
hooligans,4
nether,4
xo,4
matisse,4
wept,4
lst,4
estuary,4
grating,4
marvellous,4
disinterested,4
sane,4
similitude,4
fisherman,4
travelled,4
horoscope,4
income,4
coins,4
models,4
tuck,4
ifs,4
ips,4
underwood,4
piling,4
rev,4
blade,4
utter,4
fellas,4
opprobrium,4
baboons,4
schools,4
amongst,4
rx,4
blinding,4
refers,4
exponentials,4
bitwise,4
ringtones,4
imprecise,4
heuristics,4
deepen,4
definetly,4
convenient,4
rhinoceros,4
sparrows,4
stumps,4
realities,4
api,4
ian,4
unmixed,4
bohemian,4
pneumatic,4
centreline,4
gauze,4
hamlets,4
pcs,4
lelouch,4
successive,4
creole,4
footnotes,4
raison,4
walkway,4
spaghetti,4
mange,4
constrained,4
mist,4
xb,4
connivance,4
ignoble,4
transcends,4
ul,4
10ms,4
prohibited,4
defeat,4
panelling,4
laplace,4
rendezvous,4
planet,4
laquearia,4
dio,4
bucket,4
sung,4
disquiet,4
disc,4
dizziness,4
multi,4
withered,4
divergent,4
ert,4
torches,4
dissection,4
bias,4
refutable,4
quoted,4
eugenides,4
torch,4
chucks,4
symmetrically,4
accordion,4
urinating,4
crows,4
knell,4
reconnect,4
ivy,4
hon,4
trinity,4
agony,4
ecological,4
irrelevant,4
female,4
firing,4
phases,4
80s,4
depended,4
duress,4
ditched,4
cleansing,4
puppet,4
oak,4
tale,4
uncertain,4
conceived,4
propagation,4
systematic,4
dw,4
inf,4
warming,4
classification,4
casts,4
jeffery,4
blues,4
att,4
dominance,4
localization,4
domine,4
dynamic,4
inspiration,4
srivastava,4
mystical,4
tr,4
haunt,4
powered,4
bloomed,4
stern,4
reminder,4
ny,4
safe,4
listening,4
formation,4
python,4
scalar,4
lenfant,4
hrs,4
passion,4
lighting,4
mysterious,4
privacy,4
ensemble,4
luster,4
burns,4
kafka,4
appreciated,4
reasoning,4
baudelaire,4
guitar,4
contexts,4
resilience,4
incursion,4
script,4
heresy,4
traces,4
initiated,4
investigate,4
discuss,4
debugging,4
grade,4
rescue,4
awe,4
engineering,4
enforcement,4
lava,4
aftermath,4
communion,4
mortality,4
fills,4
generated,4
archaic,4
modeling,4
parsing,4
shines,4
dating,4
elite,4
insertion,4
keyword,4
mediated,4
consumption,4
diagnosis,4
request,4
srfattach,4
sanctimonious,4
healing,4
doctrines,4
priests,4
ascent,4
sequencing,4
filtering,4
extracted,4
resurrection,4
dominates,4
negotiation,4
slash,4
fixation,4
setup,4
immersion,4
hierarchies,4
causality,4
unconscious,4
irish,4
macromolecular,4
junctions,4
ceaselessly,4
staircase,4
av,4
encoding,4
pondering,4
trampled,4
abandons,4
observed,4
6am,4
networks,4
ppp,4
abject,4
succubus,4
lift,4
consequently,4
ballroom,4
jawed,4
fellow,4
billions,4
freund,4
36000,4
nuptials,4
camo,4
polarisation,4
illusion,4
ela,4
violently,4
woke,4
longitudinally,4
abound,4
click,4
heterogeneous,4
culled,4
horn,4
longhand,4
chairs,4
pew,4
singer,4
geodesic,4
impure,4
phd,4
conjugated,4
aragonese,4
eyelids,4
unintelligible,4
scent,4
abcdefghijklmnopqrstuvwxyz,4
animated,4
erupt,4
fremont,4
ergo,4
hieroglyph,4
zx,4
retraining,4
pursue,4
instructive,4
admires,4
attitudes,4
metabolic,4
poe,4
diana,4
reflexive,4
headspace,4
mmp,4
74,4
sql,4
runtime,4
preferred,4
swift,4
jagged,4
pierces,4
gf,4
dual,4
yonder,4
tfa,4
halting,4
amorous,4
flute,4
elapses,4
melodie,4
aground,4
catfish,4
afa,4
strictness,4
unrecorded,4
shabby,4
shits,4
nerves,4
serpents,4
quotes,4
delights,4
plume,4
nuestra,4
whoopi,4
undoing,4
actor,4
attics,4
fag,4
pound,4
arable,4
hatching,4
arxiv,4
kala,4
powdered,4
admired,4
skeletons,4
plaster,4
tuition,4
0z,4
ld,4
frat,4
swimsuits,4
luscious,4
71,4
conserved,4
msg,4
rewinding,4
moit,4
olivier,4
adventures,4
groupland,4
haired,4
inc,4
ecstatically,4
nurse,4
decree,4
ico,4
beggars,4
mj,4
alphabet,4
pms,4
sumatra,4
leblanc,4
starry,4
idle,4
kx,4
clumps,4
cardigan,4
tos,4
eclair,4
aborting,4
movements,4
semblance,4
swain,4
tonights,4
paintings,4
benedicta,4
construed,4
christian,4
vials,4
shivers,4
ro,4
judge,4
cream,4
24th,4
deity,4
expectation,4
fatta,4
lighten,4
whoop,4
ups,4
romain,4
tobacco,4
odour,4
rudely,4
oceania,4
abs,4
spatially,4
surviving,4
threatened,4
rms,4
torrance,4
mpaa,4
dia,4
leggings,4
sinker,4
admirably,4
bow,4
indestructible,4
cellular,4
octavio,4
conf,4
lw,4
drunks,4
fleeing,4
revive,4
predicate,4
tights,4
thereby,4
vide,4
sneeze,4
voluptuousness,4
rrt,4
frying,4
immune,4
quantity,4
mandible,4
5h,4
keyhole,4
palmyra,4
tract,4
wavelet,4
alchemist,4
burgundy,4
wince,4
homology,4
simulates,4
metronome,4
shalt,4
trample,4
polarities,4
enchanter,4
panicking,4
duckie,4
electrodynamics,4
ae,4
mauser,4
riches,4
riders,4
lv,4
sd,4
carp,4
hawking,4
goo,4
groping,4
thursday,4
corresponds,4
briars,4
arctic,4
cdv,4
forerunners,4
washbasin,4
philadelphia,4
wane,4
laurentian,4
arrangement,4
symposium,4
interior,4
snowman,4
ros,4
shhh,4
mpa,4
additional,4
sell,4
obviously,4
charming,4
assiduously,4
tarot,4
laidlaw,4
scandinavian,4
bas,4
tue,4
bec,4
rubbish,4
planets,4
cbd,4
snails,4
np,4
abnormal,4
streisanders,4
tous,4
razor,4
bend,4
petrified,4
cockroach,4
marathons,4
sisters,4
selection,4
plums,4
mortuary,4
woolworths,4
zug,4
realizes,4
macaws,4
premier,4
pcr,4
obliquely,4
oscillations,4
wreckage,4
mega,4
erupting,4
glazed,4
colon,4
daa,4
siding,4
caustic,4
clippers,4
coupled,4
korea,4
comparable,4
salient,4
interleaved,4
prefers,4
tweet,4
grew,4
wetting,4
reflective,4
induced,4
existentially,4
signatures,4
familar,4
log3,4
pilot,4
eps,4
weeps,4
ski,4
iphones,4
cheat,4
boot,4
phoebus,4
poets,4
seven,4
spur,4
throbs,4
dang,4
spacer,4
kant,4
summoned,4
distribute,4
recaptured,4
fi,4
gasp,4
rebound,4
desperately,4
cushion,4
definite,4
lingering,4
alphabetic,4
peaks,4
chooses,4
cell,4
expense,4
comprar,4
monk,4
billings,4
studied,4
moped,4
arches,4
amounts,4
decreases,4
subcluster,4
tangential,4
limber,4
pascals,4
steal,4
superficial,4
sweltering,4
brotte,4
pit,4
valse,4
metaphorically,4
attested,4
carries,4
sits,4
dept,4
nonconsistent,4
deciphered,4
converse,4
cardinality,4
mcgarity,4
pixel,4
shaves,4
analytic,4
ucd,4
conscious,4
ments,4
parasites,4
program,4
mare,4
brot,4
lifeboat,4
abcc,4
lmn,4
paragraph,4
focusing,4
sop,4
goodbye,4
vests,4
sob,4
determine,4
plu,4
sbb,4
eqy,4
econometrics,4
geometric,4
eqm,4
rtm,4
sind,4
generes,4
3a,4
i3,4
skill,4
simplicitys,4
unknowns,4
graphology,4
survival,4
gj,4
tis,4
ovid,4
unencumbered,4
2r,4
hiding,4
vk,4
leopold,4
crest,4
machetes,4
hers,4
oscillating,4
statt,4
bs,4
1k,4
lightly,4
treat,4
bearing,4
749,4
eventually,4
kindness,4
abaa,4
maui,4
gradually,4
generates,4
recurrence,4
spectrum,4
subtext,4
scalable,4
symbolism,4
receives,4
ascetic,4
reputation,4
anime,4
typo,4
measurable,4
optimization,4
timeless,4
software,4
endpoint,4
recirculation,4
filtered,4
autonomous,4
adolescent,4
revival,4
conservation,4
creative,4
neutrality,4
exhibit,4
lecture,4
analyzes,4
local,4
university,4
demonic,4
trauma,4
achieves,4
operates,4
abounds,4
retort,4
exit,4
foundation,4
libertine,4
scientific,4
description,4
honor,4
societ,4
contaminated,4
invoking,4
emerged,4
prevents,4
suspension,4
breakage,4
proving,4
bone,4
resting,4
solidarity,4
deflection,4
deaths,4
montreal,4
humility,4
noble,4
transcription,4
elimination,4
relics,4
instantly,4
restores,4
escalation,4
exhaustion,4
unavailable,4
mystic,4
neural,4
ism,4
output,4
contribution,4
removing,4
friendship,4
traditional,4
delta,4
inherited,4
confusion,4
myth,4
worship,4
tide,4
captures,4
descended,4
annihilation,4
arcane,4
student,4
pathways,4
trance,4
connections,4
abstinence,4
hearing,4
root,4
served,4
sect,4
users,4
catastrophe,4
parking,4
vampire,4
ip,4
pyramid,4
safety,4
price,4
profoundly,4
rue,4
opium,4
sentences,4
disturb,4
willage,4
lmu,4
aye,4
icing,4
daphne,4
sorts,4
873,4
s6,4
zp,4
sommage,4
faa,4
dvi,4
nonfree,4
mois,4
inkling,4
hed,4
distinguish,4
nanotech,4
chloe,4
notebooks,3
abcb,3
rabid,3
makest,3
rtly,3
soooo,3
perch,3
angelic,3
tribute,3
dcl,3
hic,3
fao,3
aaaa,3
fortunate,3
y3,3
alasdair,3
det,3
ahahah,3
wailing,3
isomorphic,3
taxiing,3
hazard,3
germany,3
nap,3
0m,3
zy,3
definer,3
roberts,3
hain,3
dinger,3
fyr,3
cxx,3
afternoons,3
mall,3
buzzard,3
maryam,3
club,3
mpfs,3
mike,3
thatll,3
mustve,3
mauve,3
yv,3
axes,3
g3,3
nicht,3
arbeit,3
chu,3
multivariability,3
nonconforming,3
phobia,3
gramscis,3
derivatives,3
hierarchic,3
lucidity,3
generality,3
participating,3
width,3
il,3
hmhmm,3
eines,3
rt2,3
4g,3
automap,3
leclair,3
605,3
704,3
lmj,3
cauchys,3
necessity,3
jimmy,3
doppleganger,3
introduction,3
darmstadt,3
bx,3
dbs,3
painstakingly,3
snort,3
scl,3
zw,3
exercised,3
dost,3
hast,3
fain,3
extra,3
admit,3
alsatian,3
indifference,3
u2,3
tls,3
polish,3
celebrate,3
maun,3
judys,3
axii,3
vole,3
axiomatical,3
initializer,3
mockery,3
supersymmetric,3
mikes,3
yerself,3
sting,3
metals,3
hutton,3
paralleled,3
cosmological,3
hieroglyphs,3
survey,3
everyones,3
lace,3
multivalued,3
cdf,3
academia,3
dh,3
harbor,3
byzantine,3
routine,3
cour,3
homeward,3
jz,3
cough,3
d4,3
suite,3
acv,3
buzzards,3
faucher,3
logline,3
computational,3
gramsci,3
rho,3
wikipedia,3
civ,3
tympan,3
1lt,3
abacic,3
rz,3
park,3
proportional,3
appetite,3
noteworthy,3
gym,3
maggie,3
vectors,3
cnd,3
eclectic,3
8s,3
asc,3
respectto,3
wanders,3
absconding,3
conforming,3
puke,3
gv,3
ucl,3
wednesday,3
hostile,3
fastened,3
diadem,3
abcf,3
flag,3
haven,3
binds,3
multimethod,3
nb,3
alinement,3
lauchy,3
mf,3
donning,3
leavings,3
confer,3
sparse,3
hieroglyphics,3
slicing,3
blogspot,3
thankfully,3
freuds,3
crimes,3
dimes,3
hapless,3
sq,3
drywall,3
h0,3
nympho,3
christies,3
miraculously,3
sfs,3
30th,3
violent,3
nuestro,3
min,3
lp,3
soar,3
alpha,3
diracism,3
weaknesses,3
yd,3
villages,3
mumbling,3
melting,3
disperse,3
jh,3
psycho,3
saga,3
winks,3
ennui,3
winning,3
uptown,3
obsessed,3
7d,3
activated,3
deform,3
sharp,3
vivant,3
ags,3
psy,3
freaking,3
alot,3
abacina,3
counting,3
bagels,3
calculations,3
electrocute,3
confined,3
rc,3
slt,3
mselves,3
undertaking,3
kara,3
apparition,3
javascript,3
ook,3
pala,3
oon,3
yt,3
voyant,3
kg,3
roux,3
ooo,3
weeping,3
lunches,3
giggles,3
file,3
dl,3
nonconformism,3
lii,3
deviation,3
nitive,3
smiling,3
wondering,3
lolol,3
fuzzy,3
prolonged,3
conjunct,3
simulations,3
flocks,3
discharges,3
casement,3
chose,3
rale,3
bax,3
opal,3
chel,3
mantle,3
duckmen,3
artists,3
foo,3
writhe,3
oyu,3
sais,3
aff,3
3k,3
persist,3
legion,3
mmfao,3
barged,3
plaid,3
blackness,3
sperry,3
wabash,3
sudden,3
concentric,3
freudian,3
dilemma,3
ocl,3
xor,3
terese,3
cov,3
wiht,3
mh,3
bic,3
leisure,3
motherfucker,3
damping,3
freude,3
underlying,3
adjective,3
eqf,3
algo,3
pasteur,3
ned,3
mighty,3
walnuts,3
tubers,3
marchant,3
cloisters,3
chit,3
succulent,3
harvest,3
agna,3
e3,3
sublogical,3
latitude,3
longitudes,3
abut,3
variety,3
pyr,3
syphilis,3
alexey,3
magazine,3
edr,3
blame,3
brunch,3
nee,3
ako,3
opposition,3
unter,3
knuckled,3
whitish,3
wendigo,3
flanged,3
camels,3
campfire,3
walkie,3
parity,3
comparisons,3
gallows,3
jackin,3
aed,3
fridges,3
peering,3
burned,3
buns,3
indifferently,3
poisons,3
hungers,3
illusory,3
erratic,3
confounded,3
webs,3
perf,3
unidirectional,3
rendering,3
champs,3
lyr,3
nsf,3
entwined,3
ir,3
sinkhole,3
shavings,3
kew,3
untoward,3
0000,3
amori,3
vines,3
scoping,3
slimy,3
strip,3
drag,3
grazes,3
wandering,3
departs,3
ruin,3
furrow,3
thundered,3
rab,3
wires,3
chapel,3
ozzie,3
confound,3
blu,3
righteous,3
screensaver,3
serpent,3
compassion,3
0003,3
renewed,3
limping,3
lass,3
littered,3
merchant,3
excursion,3
sunken,3
pointy,3
surrounding,3
roosting,3
merrily,3
maternal,3
mis,3
snookers,3
utterance,3
packing,3
rattle,3
chemistries,3
22,3
45,3
deafeningly,3
looney,3
wedgie,3
rtt,3
elms,3
gallipoli,3
wir,3
zum,3
echt,3
clair,3
rubbery,3
dock,3
stopping,3
gaily,3
automaton,3
0r,3
fleabag,3
gnat,3
imperfect,3
cracking,3
crimewave,3
banks,3
carina,3
gc,3
nonconjunctive,3
temperatures,3
boxers,3
lange,3
twitched,3
subdimensional,3
ej,3
stitched,3
surrender,3
snowflake,3
carv,3
societe,3
hymen,3
conn,3
rambunctious,3
heute,3
bischer,3
beobachter,3
whacked,3
generous,3
dis,3
prophecy,3
ciphers,3
interruption,3
cyclone,3
undoubtedly,3
ps4,3
freiburg,3
flawed,3
lashes,3
instincts,3
tulips,3
kitten,3
conclusion,3
wheeler,3
nadel,3
radiant,3
gaulle,3
sym,3
beans,3
magnificent,3
saunders,3
ra3,3
signed,3
quad,3
survives,3
curiously,3
meese,3
ons,3
pressing,3
varying,3
sabbath,3
greet,3
deserts,3
correctness,3
36s,3
lockers,3
panel,3
tracer,3
hem,3
metropole,3
escapade,3
yrs,3
greedy,3
gripes,3
drowning,3
cleaver,3
hopefully,3
ntime,3
sober,3
hbb,3
flecked,3
trombone,3
figure,3
hzf,3
rotterdam,3
hanged,3
peephole,3
changelog,3
walrus,3
monochromatic,3
zippered,3
emblazoned,3
button,3
ew,3
hush,3
curling,3
tim,3
mip,3
solver,3
initializers,3
fairmont,3
junkyards,3
pigtails,3
correspondents,3
weathered,3
bros,3
jugs,3
pitch,3
wreck,3
brads,3
pyrrhic,3
merges,3
tv,3
improvement,3
cosine,3
springing,3
canada,3
profit,3
absentmindedness,3
daft,3
belly,3
harebrained,3
saigon,3
enharmonic,3
suave,3
ins,3
wished,3
writhing,3
orgasmic,3
rmb,3
laundry,3
bootstrapped,3
elude,3
leurs,3
capital,3
ence,3
plucks,3
fifty,3
practised,3
guilt,3
inducing,3
whoever,3
ics,3
eachother,3
chants,3
afk,3
website,3
briar,3
patch,3
pepper,3
reconstructing,3
www,3
2n2,3
metres,3
scenery,3
beep,3
peaking,3
napa,3
aridity,3
raindrops,3
spiderman,3
swell,3
constructed,3
fare,3
tarball,3
complimentary,3
million,3
carbon,3
saturation,3
surrounds,3
hollow,3
binocular,3
acrt,3
yatra,3
hits,3
cylinder,3
purple,3
afterwards,3
cleanliness,3
definetely,3
paste,3
indentation,3
revolutions,3
sayin,3
harbour,3
tomb,3
fallacies,3
phoenicians,3
frag,3
philander,3
vase,3
striker,3
templating,3
prf,3
complemented,3
lenfer,3
violets,3
nugget,3
gifted,3
keystone,3
cusp,3
picker,3
27000,3
station,3
cutout,3
snowball,3
motivation,3
orchard,3
cosmogony,3
torquemada,3
undergraduate,3
manuscript,3
extents,3
rags,3
judged,3
angry,3
saucy,3
abominably,3
miserably,3
nio,3
bootstrap,3
resets,3
tomahawk,3
dominated,3
nadis,3
aliphatic,3
ominous,3
scatter,3
herring,3
iirc,3
unsolved,3
dorl,3
4d,3
xxi,3
awakes,3
trusted,3
guilty,3
surfaces,3
menial,3
proffered,3
chow,3
corrections,3
transducer,3
addendum,3
clap,3
sns,3
dryers,3
robo,3
decryption,3
liz,3
ambiguous,3
assholes,3
workday,3
i0,3
resign,3
acacia,3
dazed,3
jars,3
unitary,3
geophysical,3
jump,3
bordering,3
ken,3
0d,3
waveform,3
kim,3
aggregate,3
faint,3
carcass,3
perturbation,3
revives,3
reconstituted,3
originality,3
ascending,3
2005,3
ecclesiastics,3
hello,3
ecstasies,3
fozzie,3
fives,3
vital,3
econ,3
pauls,3
greek,3
dissipates,3
amid,3
exploitation,3
waiters,3
periods,3
ralini,3
alchemies,3
smoothness,3
sickness,3
saunas,3
incense,3
imparted,3
goonswarm,3
playback,3
cont,3
alway,3
punctuation,3
mappings,3
enchants,3
voluntarily,3
forgets,3
kelvin,3
wound,3
strata,3
connectivity,3
nfa,3
unlocks,3
supersedes,3
tori,3
coefficients,3
charlatan,3
lfs,3
logj,3
drummers,3
pffft,3
discreet,3
rippled,3
gusts,3
rotated,3
ols,3
machete,3
hesitate,3
andrew,3
track,3
multiples,3
indelible,3
lecteur,3
pmid,3
smashing,3
lasts,3
moisture,3
iterations,3
qn,3
chromatic,3
lectured,3
stutter,3
guardian,3
airy,3
infinitesimally,3
ravaged,3
sinister,3
turtle,3
nuggets,3
conviction,3
acoustics,3
mailer,3
shrinks,3
categories,3
brownish,3
nonchalantly,3
impenetrable,3
buddhist,3
whispers,3
wink,3
students,3
adv,3
rims,3
decorating,3
former,3
hyperbolic,3
beta,3
infant,3
ferret,3
appendix,3
frothy,3
implosion,3
luminosity,3
innovation,3
austin,3
feuerbach,3
gar,3
pursued,3
linkage,3
discord,3
undecidable,3
structurally,3
attestation,3
regularities,3
possessed,3
lesson,3
promptly,3
r5,3
phoning,3
dampers,3
imposing,3
spa,3
constantly,3
ance,3
wtih,3
partial,3
whip,3
inhabit,3
danced,3
ping,3
retrieve,3
notifies,3
forgiving,3
k0,3
nonuniform,3
violated,3
replacing,3
evolve,3
independence,3
abyssal,3
plant,3
formulas,3
protocols,3
tragic,3
exposes,3
omniscience,3
mournful,3
pathology,3
encapsulates,3
theologys,3
grim,3
translations,3
biography,3
opacity,3
notification,3
ash,3
burden,3
ecology,3
underground,3
separation,3
cached,3
presentation,3
performs,3
humanities,3
emotion,3
genius,3
dependency,3
consent,3
naming,3
bounces,3
organically,3
zoology,3
resource,3
anger,3
topologies,3
insights,3
retention,3
rebuilding,3
talks,3
timbre,3
fleeting,3
religiosity,3
hitting,3
fades,3
survivor,3
thrives,3
spirituality,3
forgives,3
sends,3
linguistic,3
online,3
liturgical,3
inspire,3
terminology,3
enables,3
loneliness,3
signaling,3
participation,3
chakra,3
bishop,3
illumination,3
anonymous,3
silhouette,3
summoning,3
entities,3
colors,3
psyops,3
maximization,3
sprawl,3
recreating,3
symbiosis,3
transform,3
maxim,3
dissolution,3
levels,3
ending,3
pristine,3
trending,3
label,3
decoding,3
intuitions,3
suspicious,3
primary,3
generating,3
abuser,3
erasure,3
disappearing,3
indefinitely,3
overwhelms,3
connects,3
aphorisms,3
tonal,3
scaling,3
invoked,3
outrage,3
gameplay,3
excellence,3
substrate,3
liminal,3
iceberg,3
permanent,3
inscribed,3
everlasting,3
transmutation,3
caterpillars,3
conceit,3
afoul,3
pruned,3
shuffled,3
lick,3
reconstitution,3
zt,3
gilt,3
skid,3
2j,3
burnham,3
landau,3
illusionary,3
dico,3
masses,3
alert,3
dave,3
taps,3
2xn,3
immovable,3
sovereignty,3
skylines,3
mezzanine,3
fts,3
unlit,3
tuning,3
adequate,3
units,3
stun,3
yorkshire,3
cursors,3
traveller,3
flush,3
experimentation,3
features,3
yat,3
errol,3
uglier,3
sociological,3
bri,3
darkening,3
dialect,3
russie,3
sneer,3
suitable,3
residue,3
nonrandom,3
limbing,3
morose,3
poitier,3
chambers,3
junctures,3
hofstadters,3
disdainful,3
darwin,3
zealand,3
ignored,3
mailing,3
ahoy,3
christophers,3
604,3
replete,3
loooong,3
voce,3
irrefutable,3
pascal,3
swallow,3
barber,3
earned,3
elapse,3
strives,3
einsteins,3
gb,3
mhmmm,3
stuttering,3
refuse,3
steel,3
wavelets,3
seeks,3
astonishment,3
aca,3
richness,3
std,3
spreadsheet,3
penance,3
inflexibility,3
proto,3
cupid,3
firs,3
forefinger,3
wp,3
hyperdimensional,3
followup,3
verbatim,3
wolf,3
debt,3
nations,3
pissed,3
fame,3
monad,3
variables,3
p2p,3
fence,3
neuter,3
vert,3
mow,3
hairline,3
fringed,3
boundaries,3
passerby,3
rum,3
acrid,3
omgggggggggggg,3
hookers,3
sincere,3
succ,3
2001,3
macdonald,3
nc,3
hooker,3
entwickler,3
restriction,3
xid,3
walruses,3
g1,3
prological,3
unix,3
wrinkly,3
headaches,3
cooing,3
kings,3
approx,3
plunge,3
apologies,3
jun,3
zebra,3
bizarro,3
wyr,3
dd,3
breathe,3
acids,3
crackle,3
thrilled,3
lobster,3
dynamical,3
enamoured,3
papa,3
spherical,3
openmp,3
demise,3
statements,3
spurting,3
crosswise,3
seasonality,3
additive,3
pooling,3
elys,3
wala,3
joy,3
ragtime,3
continuation,3
sunning,3
abt,3
reflexively,3
aps,3
kine,3
driveway,3
addition,3
assigned,3
suppositive,3
facile,3
4k,3
theta,3
pillows,3
fet,3
tentatively,3
mortem,3
regatta,3
kr,3
basaltic,3
recounting,3
neath,3
slacks,3
boots,3
waist,3
grassland,3
rayon,3
hacking,3
juggernaut,3
1010,3
overdue,3
frisk,3
catatonic,3
glossy,3
vulgar,3
faye,3
dbt,3
attached,3
10mins,3
tense,3
ver,3
sang,3
xray,3
chinos,3
spinning,3
billows,3
gaps,3
smart,3
official,3
littering,3
cohen,3
subliminal,3
rcd,3
2lt,3
ost,3
chem,3
pluck,3
quantitative,3
gums,3
doll,3
clacking,3
cmb,3
crosswalk,3
huxley,3
compacted,3
packets,3
caution,3
spends,3
plains,3
rooftops,3
stepped,3
dings,3
blouse,3
chador,3
pom,3
tuba,3
dumbfounded,3
wireshark,3
individuated,3
axi,3
devils,3
advocate,3
practises,3
dumbstruck,3
2015,3
ceases,3
devoured,3
garret,3
members,3
ests,3
sein,3
typ,3
pio,3
ylt,3
restricted,3
coherence,3
gyms,3
abode,3
anciently,3
bm,3
hunt,3
roulette,3
subtended,3
kona,3
seated,3
fevers,3
dop,3
appearing,3
ducktails,3
ifixit,3
lamp,3
dams,3
sword,3
kekking,3
conference,3
flux,3
pal,3
inch,3
gettin,3
chico,3
transcending,3
grouplove,3
seals,3
enticing,3
clj,3
numbering,3
disclaimer,3
phishing,3
convert,3
reworking,3
ppk,3
afar,3
woohoo,3
variance,3
checker,3
rb,3
peuple,3
dip,3
e0,3
satina,3
curvy,3
arg,3
enigmata,3
sequences,3
wlt,3
sorta,3
definers,3
nigga,3
acj,3
kite,3
ire,3
y1,3
latency,3
oscillates,3
rabies,3
ys,3
vst,3
toothbrushed,3
environnement,3
discharging,3
12th,3
deviations,3
tall,3
peu,3
broca,3
plate,3
minus,3
suggested,3
retest,3
agr,3
lilienthal,3
toll,3
opulent,3
unseen,3
bose,3
concord,3
365,3
joseph,3
importance,3
assaults,3
sliding,3
octave,3
drs,3
tai,3
treatise,3
88,3
panorama,3
stk,3
mascot,3
lapland,3
pressure,3
boulevard,3
darling,3
invasive,3
provenance,3
abda,3
cortisone,3
regulated,3
arse,3
poincare,3
soit,3
sanctified,3
outs,3
moab,3
draft,3
ado,3
disappointed,3
i4,3
items,3
whaddya,3
dyou,3
format,3
mv,3
ascension,3
infants,3
xxvi,3
frisbee,3
bowery,3
usually,3
alternate,3
forced,3
pat,3
adm,3
macaulay,3
anatole,3
lovelace,3
ig,3
diese,3
edging,3
dawning,3
ahahahaha,3
surmise,3
dreamboat,3
formulations,3
nada,3
iiiii,3
participated,3
heer,3
illustration,3
cosy,3
crumbs,3
trillion,3
print,3
voor,3
mantelpiece,3
iron,3
snows,3
awk,3
opp,3
serpentine,3
vin,3
caressed,3
decanter,3
sucks,3
f4,3
abr,3
martins,3
ym,3
stampede,3
matthew,3
rufus,3
museum,3
piggy,3
gust,3
ron,3
ahahh,3
makoto,3
companion,3
wells,3
underwater,3
author,3
suns,3
shining,3
arithmetic,3
passive,3
shear,3
foul,3
playa,3
francais,3
augmentation,3
fcnt,3
engendering,3
pallid,3
excitation,3
consecrated,3
rotate,3
stared,3
ic,3
bowl,3
dcr,3
gyro,3
izer,3
wallonne,3
sly,3
dartagnan,3
cathedrals,3
novella,3
comin,3
chute,3
lym,3
croaking,3
tendency,3
omggggggggggggg,3
pep,3
sharted,3
camaret,3
campo,3
picturesque,3
careers,3
elision,3
armrest,3
peril,3
assign,3
scoped,3
alphabetical,3
delivery,3
snoring,3
divination,3
pucker,3
rosy,3
ordered,3
recursively,3
lascivious,3
travail,3
epithet,3
ecstatic,3
seabrook,3
campes,3
invocation,3
gen,3
cuteness,3
convulsions,3
philly,3
broglie,3
dos,3
gravity,3
baboon,3
dj,3
recently,3
chemo,3
str,3
illuminates,3
1120,3
sainte,3
si,3
d8,3
mmm,3
condo,3
humans,3
droit,3
breeze,3
borealis,3
entreprises,3
vault,3
ting,3
sluggard,3
dime,3
junior,3
gdb,3
darn,3
superset,3
limpossible,3
dizzy,3
pow,3
urinalysis,3
cnet,3
junkyard,3
hin,3
cows,3
egoism,3
galore,3
february,3
finnish,3
kb,3
pixiv,3
pants,3
q3,3
chloroform,3
bacon,3
forthcoming,3
guise,3
correspondence,3
matlab,3
neu,3
spoke,3
bish,3
dungeon,3
auxiliary,3
chemical,3
nuke,3
ree,3
whiz,3
urges,3
gk,3
generically,3
borrowed,3
virulent,3
honestly,3
goldfish,3
melt,3
bda,3
plowed,3
twelve,3
monotonically,3
theories,3
worthless,3
dissolves,3
rove,3
doggystyle,3
12000,3
threads,3
kissed,3
fashionably,3
aged,3
classifiers,3
ferris,3
diagrams,3
painters,3
bonnet,3
remover,3
fave,3
mingled,3
chimp,3
trouva,3
elapsed,3
kropotkin,3
dlt,3
zm,3
hyr,3
multiform,3
wand,3
fishes,3
purposes,3
mono,3
subconditions,3
extension,3
glt,3
1i,3
autograph,3
hg,3
screens,3
epoch,3
lectures,3
michelangelos,3
adequately,3
vowel,3
wagyu,3
verwand,3
rtate,3
focussing,3
haaaaaa,3
sfa,3
vintage,3
vive,3
geology,3
biv,3
aic,3
frosting,3
readers,3
4f,3
theoretic,3
b0,3
ki,3
hint,3
sessile,3
mz,3
zj,3
noooohhh,3
nonrecursive,3
misery,3
8c,3
tj,3
subsidence,3
recluse,3
m4,3
entwicklung,3
stuttgart,3
wander,3
ching,3
monomorphisms,3
kung,3
doo,3
pp1,3
traced,3
decoder,3
hallucinating,3
axisymmetric,3
sombra,3
napolean,3
autres,3
athens,3
isle,3
libitum,3
implicitly,3
fax,3
specialisation,3
isolation,3
consolation,3
greatest,3
unintended,3
afterlife,3
decade,3
awesomeness,3
creation,3
satanic,3
module,3
stepping,3
shock,3
paranoia,3
grand,3
thermodynamics,3
merging,3
guru,3
demonstrated,3
graceful,3
disruption,3
proven,3
navigation,3
escaped,3
pickup,3
mediation,3
punished,3
leading,3
consensus,3
nested,3
surreality,3
ascendant,3
cliff,3
neko,3
obsession,3
momentary,3
traps,3
commit,3
precedent,3
rec,3
diablo,3
mastered,3
ux,3
impact,3
maintaining,3
processed,3
apocalyptic,3
revolution,3
transmitted,3
witnessed,3
demons,3
2003,3
synchronic,3
parsed,3
idealist,3
enduring,3
currently,3
genuine,3
sophistication,3
ignorance,3
requiring,3
catholic,3
transcendent,3
theorys,3
ancestors,3
criteria,3
rejecting,3
timeout,3
trigger,3
entangled,3
activate,3
universality,3
canvas,3
marine,3
protective,3
interpretation,3
community,3
embodied,3
driven,3
pirate,3
dots,3
collapsed,3
spiritualism,3
relevant,3
inferno,3
pleasures,3
toxic,3
gaming,3
paradoxical,3
confidence,3
frames,3
identified,3
exception,3
vain,3
casual,3
mining,3
serendipitous,3
quintessence,3
filth,3
detected,3
liberation,3
caret,3
longing,3
synchronicity,3
leaving,3
tries,3
wether,3
labyrinth,3
psychology,3
scoring,3
resplendent,3
emotions,3
curated,3
ulterior,3
parser,3
ageless,3
quasi,3
latent,3
primitive,3
client,3
artistic,3
gravitation,3
avoidance,3
shifting,3
archeology,3
probabilistic,3
tombstone,3
color,3
trove,3
desiring,3
infection,3
lens,3
wrath,3
anomaly,3
sans,3
augmented,3
recovering,3
cozy,3
manifests,3
glyphs,3
hit,3
reverberating,3
reflectance,3
psychological,3
intimacy,3
mission,3
karmic,3
retains,3
maintains,3
chai,3
planes,3
sufficient,3
copying,3
invoke,3
register,3
immortal,3
generics,3
blend,3
connecting,3
historic,3
archeological,3
ringing,3
potent,3
destroying,3
hunter,3
sharing,3
dangers,3
wrecking,3
dimensionality,3
paradigms,3
inheritance,3
toggle,3
smiles,3
mountaintop,3
revenge,3
throne,3
abacias,3
pathological,3
exquisite,3
constituted,3
monitor,3
macbeth,3
paid,3
fateful,3
cascaded,3
rightarrow,3
searchers,3
forgive,3
retina,3
leve,3
tails,3
indirect,3
aco,3
dic,3
erm,3
uncluttered,3
ooohhh,3
theyve,3
2c,3
vr,3
2g,3
subsidized,3
thi,3
incl,3
hofstede,3
vj,3
ttf,3
lsa,3
deu,3
czeslaw,3
ollie,3
will4,3
transactions,3
sneezes,3
cidr,3
freiheit,3
guggenheim,3
j1,3
hahahahah,3
acp,3
yummie,3
hurt,3
opportune,3
eq2,3
sprout,3
bif,3
firstly,3
minerals,3
3e,3
axiomatics,3
yh,3
sel,3
kd,3
0005,3
unsparing,3
abcfa,3
sis,3
bcg,3
dagg,3
oclok,3
zfs,3
agm,3
pau,3
denfer,3
picking,3
lai,3
z4,3
descartes,3
mending,3
peut,3
sf,3
herzl,3
edit,3
bj,3
propres,3
zc,3
diesem,3
abacitated,3
hofmeyr,3
chuckle,3
chantant,3
mile,3
pimps,3
wedged,3
famished,3
lmb,3
iphth,3
slinking,3
chalmers,3
cd1,3
bingo,3
layering,3
festival,2
idealism,2
journals,2
sess,2
3l,2
openwrt,2
comp,2
gaussian,2
watering,2
abacif,2
cockpit,2
acting,2
wallpaper,2
5a,2
maius,2
ackp,2
jusve,2
hideous,2
phipps,2
whydo,2
descriptions,2
yare,2
schizophrenics,2
hre,2
ditch,2
collectively,2
efficiently,2
itu,2
649,2
algebraists,2
aciii,2
topographic,2
essentiallyof,2
entail,2
lengthy,2
monkeys,2
ughhhhh,2
tron,2
nadk,2
alois,2
classifying,2
supershuffle,2
sixty,2
uma,2
cops,2
sympathetically,2
wingless,2
schr,2
ooohoo,2
shrugged,2
ecdr,2
demotic,2
wisely,2
hugs,2
trembles,2
fns,2
indices,2
dalg,2
jax,2
actors,2
lingerie,2
admire,2
bayess,2
mic,2
oise,2
abv,2
pros,2
inset,2
bc2,2
mugshot,2
abala,2
sublines,2
wurden,2
oder,2
xv,2
sniffs,2
lnk,2
shiiiit,2
promises,2
misconstrued,2
sahara,2
pp2,2
archie,2
inaudible,2
cem,2
szt,2
injury,2
toothbrushes,2
abbc,2
lecturing,2
ltics,2
tumblr,2
outwards,2
priceless,2
frizzles,2
introduce,2
pointing,2
alpes,2
heimann,2
metathesis,2
nal,2
reids,2
equiv,2
exasperated,2
bellinger,2
onsets,2
cou,2
dmaggie,2
zb,2
kornblatt,2
unimpressed,2
fal,2
spirits,2
promising,2
ris,2
intersectional,2
basically,2
mammoth,2
lmsa,2
sleepy,2
yii,2
brooms,2
prt,2
someday,2
daj,2
blume,2
baltic,2
bitching,2
fd,2
inertia,2
feynman,2
confide,2
1t,2
perplexing,2
kommando,2
thiiit,2
1a,2
6m,2
interpreting,2
jij,2
vw,2
mlq,2
tcd,2
wetness,2
candidates,2
soffit,2
3am,2
cholera,2
mentioning,2
yoall,2
cagr,2
streisal,2
spellings,2
limoncellos,2
dividend,2
avi,2
bayou,2
electrophysiology,2
matches,2
tribbits,2
onset,2
buf,2
havant,2
veered,2
sucking,2
outburst,2
horny,2
cst,2
rumble,2
s01,2
bestowal,2
anyones,2
airboat,2
sbd,2
yams,2
eqmutable,2
msr,2
cognitive,2
ceuphony,2
c5,2
underarm,2
langer,2
exclusivelyto,2
composite,2
caressing,2
coincidence,2
banda,2
posting,2
seventh,2
translate,2
kavli,2
freiherz,2
hymic,2
singularity,2
nooooh,2
fells,2
8000,2
approximate,2
t4,2
nexus,2
charted,2
unexplored,2
yw,2
molybdenum,2
dav,2
yyz,2
xl1,2
0049,2
axm,2
areas,2
bung,2
bdv,2
satisfactory,2
mx,2
64,2
h5,2
0x1,2
um,2
saisonnes,2
batch,2
houseboat,2
sande,2
lmna,2
ltnute,2
devi,2
douse,2
subgrouping,2
regularly,2
0014,2
da17,2
courting,2
cutter,2
pong,2
typography,2
cau,2
econometrical,2
dugs,2
axion,2
urge,2
cagrfs,2
cheatois,2
amiss,2
paw,2
metroplex,2
mlsa,2
logn,2
awry,2
angelo,2
mauck,2
dury,2
ncl,2
dereferencing,2
prado,2
ragland,2
hilbert,2
fmap,2
nadmp,2
monosyllabic,2
okays,2
constitute,2
4y,2
mitts,2
fre,2
nthe,2
cythera,2
generalized,2
indexing,2
szs,2
xna,2
dank,2
adding,2
generalizability,2
lc,2
pok,2
oph,2
mirai,2
doktor,2
occurred,2
nonhomogeneous,2
clk,2
goons,2
cakewalker,2
underpass,2
actp,2
octavian,2
doa,2
acios,2
sic,2
compilers,2
olt,2
moin,2
eqation,2
mauvaise,2
follette,2
knippert,2
brightening,2
videos,2
5hrs,2
aromatic,2
suppositions,2
hunch,2
fluttering,2
involving,2
tauf,2
hb,2
omen,2
ull,2
expansions,2
defs,2
commentaries,2
darlin,2
okight,2
definitly,2
ahhhhhhaha,2
plucker,2
conjugations,2
poems,2
breast,2
sole,2
bewegung,2
cds,2
noted,2
projet,2
regularity,2
subnodes,2
databank,2
weights,2
opyr,2
footprints,2
boto,2
yung,2
cha,2
jd,2
trolley,2
tracks,2
0500,2
authored,2
15c,2
ceilian,2
taite,2
hd,2
dispute,2
plow,2
2mb,2
decals,2
donut,2
beim,2
alschauung,2
ves,2
fonctionnant,2
inflexible,2
linearly,2
pareil,2
tiled,2
canvasses,2
hspace,2
mufucka,2
dnt,2
gaa,2
suva,2
sifting,2
lt3,2
opercularis,2
soll,2
duckling,2
popper,2
equivocations,2
kindly,2
classifies,2
readability,2
runtimes,2
researcher,2
monomial,2
graphites,2
femme,2
balmoral,2
diii,2
prioritizes,2
kf,2
671,2
qf,2
hl,2
phu,2
yoke,2
depending,2
syntactically,2
i120,2
ableto,2
harmonious,2
f8,2
hells,2
citizens,2
bytes,2
juan,2
omaga,2
arses,2
midget,2
sally,2
sells,2
stirrup,2
verdant,2
juke,2
uglies,2
abba,2
polarizing,2
aga,2
oscillators,2
kmp,2
pois,2
tyranna,2
garbara,2
sisina,2
zeta,2
icd,2
adc,2
dii,2
rightmost,2
baur,2
automatically,2
thas,2
mpg,2
bbmp,2
kia,2
washout,2
sid3,2
ayyy,2
irreducible,2
wheresoever,2
pasture,2
combinator,2
marni,2
distressed,2
tremble,2
videns,2
mav,2
supersonic,2
nadpa,2
una,2
refered,2
refrains,2
dictate,2
miak,2
inception,2
garten,2
subposed,2
nautilus,2
correspondences,2
ted,2
spain,2
writers,2
bifurcated,2
ocassive,2
daaaaaa,2
mona,2
madame,2
lenitive,2
hideously,2
tilts,2
cannibalism,2
giraffe,2
outskirts,2
foraging,2
redefined,2
flyers,2
acisp,2
philharmonic,2
instrumentation,2
orchestra,2
d5,2
sydney,2
leventhal,2
fleck,2
carpooling,2
teardrop,2
sooooo,2
gaudium,2
frizz,2
urinals,2
bugaboo,2
360,2
vey,2
w0,2
cockatiels,2
lep,2
revote,2
verona,2
hommages,2
scrabble,2
absentminded,2
gatineau,2
6f,2
spandex,2
irons,2
frenzy,2
skinnies,2
izakaya,2
brocade,2
kl,2
816,2
tattooed,2
sapphires,2
deconstructed,2
afro,2
crock,2
apartment,2
infirmary,2
whistle,2
handyman,2
broad,2
musicians,2
shards,2
holiday,2
mons,2
threefold,2
presupposing,2
cleanser,2
hypot,2
feingold,2
wanting,2
thyme,2
shop,2
bluff,2
enchilada,2
vigour,2
remarks,2
clam,2
ceremony,2
quattro,2
rhys,2
jackrabbits,2
reflector,2
lute,2
0y,2
heater,2
canoes,2
shuffle,2
kathleen,2
bauchy,2
sao,2
lsd,2
sauntering,2
rollers,2
lovesick,2
hag,2
wears,2
independently,2
suzi,2
itches,2
anonymously,2
avr,2
terry,2
jingle,2
homemade,2
clockwork,2
windmills,2
iven,2
sunflower,2
shi,2
nina,2
correspondent,2
rda,2
glee,2
jutting,2
aj,2
replicate,2
sommages,2
abct,2
zvz,2
weep,2
suckle,2
partly,2
panicked,2
app,2
midmorning,2
torne,2
sites,2
midline,2
coo,2
assent,2
ant,2
vibrance,2
aguda,2
6th,2
runnings,2
yds,2
2x2,2
crashed,2
actions,2
continuouss,2
housework,2
thunderclap,2
redacted,2
miatta,2
fairway,2
skyways,2
competition,2
sunbather,2
phallus,2
martian,2
charlatans,2
frets,2
woudnt,2
oven,2
poetical,2
gulf,2
robe,2
melons,2
barking,2
retuned,2
crossed,2
afz,2
har,2
sousa,2
bender,2
kells,2
eqms,2
beachside,2
redness,2
studded,2
brow,2
swag,2
cim,2
leprous,2
ltz,2
railings,2
vigil,2
showered,2
hildebrandt,2
lmic,2
shaggy,2
hcdt,2
cpl,2
kilometre,2
gangbang,2
fcd,2
homosexual,2
ssao,2
ummmh,2
omgggggggggh,2
avail,2
dor,2
willow,2
faking,2
o3,2
zg,2
jackhammer,2
diz,2
frightened,2
uition,2
brian,2
marchand,2
mastermind,2
kiau,2
auditing,2
celebrities,2
flamingo,2
mineral,2
mangle,2
kopp,2
nadc,2
movies,2
eid,2
cray,2
dado,2
brazil,2
triomphe,2
hls,2
cnts,2
sources,2
crepes,2
russole,2
checkers,2
zeroth,2
cui,2
pierce,2
toast,2
moai,2
enferm,2
entrance,2
llev,2
rairie,2
prophet,2
defenseless,2
fattening,2
los,2
biased,2
nard,2
delirium,2
talked,2
bass,2
atoms,2
ipod,2
wy,2
tricorn,2
delightfully,2
analyses,2
fewer,2
baroque,2
conic,2
topography,2
antics,2
elephant,2
durations,2
campaign,2
turnkey,2
2008,2
mou,2
fas,2
cdda,2
lmtp,2
exhale,2
shoving,2
doggy,2
escorts,2
havnt,2
contrivance,2
umpires,2
errabund,2
famer,2
vibrator,2
nestle,2
meander,2
spelt,2
smelt,2
norah,2
penis,2
mooney,2
mutts,2
supper,2
sojournos,2
mort,2
rxxi,2
lattimore,2
vogue,2
circumference,2
khz,2
sparkle,2
hunchback,2
pag,2
machet,2
psa,2
deceased,2
duckman,2
fiv,2
terezi,2
geese,2
frontiers,2
lttp,2
litany,2
croci,2
dep,2
deformations,2
alperovitch,2
spences,2
startle,2
lorem,2
chambre,2
lenfants,2
changers,2
heydrich,2
nonlinearities,2
frein,2
anthonys,2
laurentis,2
pooped,2
saic,2
camilla,2
linker,2
ffa,2
heuser,2
ey,2
j3,2
hx,2
1xx,2
cent,2
trismegistus,2
whyyyy,2
positiv,2
cdl,2
carrot,2
berry,2
bersetzung,2
bathe,2
enclosure,2
clovis,2
rtmp,2
electrophysiologist,2
trio,2
hubby,2
ungovernable,2
astute,2
kal,2
mounds,2
lmuna,2
owy,2
uns,2
kersey,2
admiral,2
letters,2
wien,2
tambourines,2
virens,2
trotting,2
subclades,2
sighted,2
commanding,2
oubliette,2
gaudet,2
14k,2
lyin,2
squats,2
redden,2
existance,2
cheeks,2
abridged,2
cloudy,2
draperies,2
palabras,2
cathcart,2
dautumn,2
whack,2
cts,2
simulator,2
abduct,2
abg,2
halt,2
wadhav,2
vols,2
brookery,2
splendid,2
externality,2
02,2
1173,2
bottling,2
elevator,2
goodwood,2
rewrite,2
nds,2
ebony,2
sledding,2
piet,2
screwing,2
whirl,2
autom,2
maggots,2
cate,2
macaw,2
lodgings,2
ung,2
qv,2
checkered,2
entourage,2
blindfold,2
tarnished,2
shoulder,2
shouldve,2
bumps,2
shivin,2
beams,2
telltale,2
disambiguation,2
aha,2
touchy,2
rattled,2
popeyes,2
ecstasie,2
breezeway,2
sy,2
flags,2
mple,2
cum,2
tubes,2
bang,2
load,2
aspergers,2
greenway,2
lambda,2
nightly,2
mixture,2
thunderstorms,2
algebraals,2
napier,2
driftwood,2
tangle,2
surrey,2
miso,2
hia,2
unfolded,2
afairs,2
whitewashed,2
dynamically,2
simultaneous,2
salt,2
enchantments,2
serials,2
iambic,2
pulsar,2
bosons,2
ensign,2
semitones,2
pr4,2
weary,2
constructions,2
locker,2
kindling,2
snakes,2
inability,2
arabutin,2
amo,2
lun,2
r2p,2
rosario,2
mozzies,2
etch,2
jock,2
shuffles,2
equivalency,2
rapture,2
ants,2
wag,2
hs,2
cords,2
astutely,2
amplitude,2
soups,2
lmfaoooo,2
langues,2
walleye,2
spade,2
phylogenetic,2
fakes,2
gmbh,2
wd,2
tigers,2
faculties,2
reproach,2
friz,2
ravaging,2
2ms,2
morpheme,2
kews,2
forcings,2
hmmmmm,2
vivid,2
dialled,2
salamander,2
dy,2
inhaled,2
disassembled,2
diligence,2
cdj,2
adoptive,2
felled,2
affords,2
undo,2
raymarching,2
suckling,2
moduli,2
amused,2
sts,2
paralleling,2
corporate,2
cdrt,2
mfs,2
nagata,2
sg,2
poplar,2
widow,2
eyepatch,2
frankincense,2
talent,2
ically,2
metamaterial,2
1400,2
howto,2
cockaigne,2
breivik,2
sed,2
observable,2
stereotypes,2
acts,2
strop,2
phony,2
readjustment,2
fmon,2
split,2
rt3,2
agricultural,2
roosters,2
planetarium,2
halcyon,2
alcalde,2
buffoonery,2
batching,2
ethereals,2
fender,2
decoupled,2
poetically,2
mediating,2
aboard,2
shortest,2
suffocate,2
displacement,2
cbs,2
knoll,2
dazzling,2
incorrigible,2
amours,2
havin,2
skype,2
cockroaches,2
clime,2
therein,2
anatoly,2
ranges,2
bugs,2
muggy,2
gratefully,2
precondition,2
desecration,2
profundis,2
firey,2
hamster,2
jx,2
gratuitia,2
plummie,2
dogwood,2
eccentric,2
seriously,2
wakefulness,2
patterned,2
rance,2
fau,2
01,2
metering,2
appellation,2
extenuating,2
insults,2
boston,2
shimmy,2
wooded,2
impervious,2
olives,2
defecate,2
bummers,2
annular,2
fung,2
tb,2
sai,2
vacant,2
brokedown,2
sickle,2
sparkling,2
jusqu,2
twist,2
climax,2
permit,2
gambit,2
robotic,2
beg,2
troup,2
cdsa,2
martens,2
surly,2
darted,2
fleurs,2
saxby,2
pewter,2
quando,2
climates,2
lends,2
crunched,2
tfl,2
expounded,2
loos,2
serene,2
wendel,2
isation,2
ltion,2
obelisk,2
lectern,2
fishy,2
skinned,2
sweatshirts,2
dyeing,2
1hrs,2
electrocution,2
eqid,2
salutes,2
candles,2
sapiential,2
squirrel,2
alligators,2
fucker,2
midnights,2
redline,2
spacing,2
credence,2
welche,2
nonconnected,2
lsu,2
moises,2
barcelona,2
juga,2
nov,2
feasts,2
airships,2
subsymptotic,2
schrodinger,2
freiher,2
ingersoll,2
nan,2
deserter,2
agglutinating,2
curved,2
ions,2
hacks,2
summaries,2
liebb,2
fleckmann,2
xlviii,2
affecting,2
magna,2
blinded,2
dynamo,2
toro,2
admixture,2
offend,2
rother,2
enthroned,2
operon,2
connectives,2
checks,2
striding,2
penumbra,2
fabric,2
opa,2
obtainable,2
proposals,2
juggle,2
wendell,2
tyr,2
ists,2
mace,2
posterity,2
frosts,2
halls,2
probes,2
mayonnaise,2
pitched,2
picket,2
massacre,2
chequers,2
untied,2
wetland,2
beau,2
euphony,2
fense,2
abace,2
canard,2
crowded,2
lad,2
digression,2
mutable,2
ecliptic,2
kyu,2
lmf,2
mcginnis,2
arctically,2
waterfall,2
anschluss,2
swimin,2
ch3,2
deprecating,2
chay,2
divvy,2
rigid,2
plundered,2
idlt,2
lmude,2
compile,2
vibrato,2
zwischen,2
lmcd,2
twig,2
jenkins,2
enumerations,2
harms,2
retired,2
acry,2
ibd,2
prairie,2
miley,2
ochre,2
tenderness,2
soundscape,2
groupings,2
mandibles,2
ceos,2
11k,2
gauge,2
loooool,2
iu,2
nommes,2
omna,2
dilation,2
propus,2
bobble,2
adduces,2
miuk,2
dialectical,2
agglutin,2
delighted,2
3611,2
stocks,2
bellow,2
chock,2
saddened,2
consort,2
doubleday,2
evaluating,2
kimberly,2
dreamt,2
mothball,2
fowl,2
livid,2
gratuitous,2
fer,2
catechisms,2
consultant,2
prism,2
49am,2
digger,2
ue,2
doxxing,2
js,2
datal,2
ativity,2
neighbors,2
strauss,2
raii,2
weedy,2
proton,2
awhile,2
24h,2
wang,2
bluestones,2
sqf,2
simile,2
dreadful,2
vep,2
exaggerated,2
wagering,2
goodmorning,2
lisk,2
pmt,2
newly,2
cockney,2
consonance,2
motionless,2
cahoots,2
leftovers,2
gmail,2
sway,2
wij,2
dowsing,2
reusing,2
wracked,2
compacting,2
islet,2
colliding,2
yu,2
tyrants,2
nadd,2
lattendance,2
meek,2
edgier,2
devolved,2
nebulous,2
baselines,2
rea,2
manually,2
fourier,2
3100,2
entries,2
pducks,2
whooped,2
thre,2
confluent,2
toasty,2
chigga,2
lion,2
unintegrated,2
solitaire,2
illumines,2
dishes,2
acted,2
lean,2
fds,2
riv,2
gallic,2
elmer,2
todos,2
pots,2
coco,2
zippers,2
impressive,2
perturbed,2
thundering,2
postprocessing,2
lidless,2
habla,2
revue,2
fsp,2
feverishly,2
eludes,2
simpl,2
consumes,2
seatbelts,2
unwise,2
babylon,2
jansson,2
bisectorial,2
investigating,2
pda,2
chh,2
spoiler,2
uniques,2
remaking,2
epochs,2
postulates,2
carnage,2
puff,2
subnet,2
explored,2
cetacean,2
yeast,2
detective,2
servile,2
penultimate,2
coordinates,2
haptic,2
horses,2
breadcrumbs,2
checked,2
palace,2
sandwiches,2
soothe,2
thirds,2
logism,2
beard,2
extraordinary,2
2h,2
roseate,2
grasses,2
redstone,2
abh,2
spectre,2
facsimile,2
axz,2
maynard,2
persistence,2
spend,2
senfant,2
mistresses,2
cu,2
sputnik,2
noticable,2
ind,2
2l,2
audited,2
fractals,2
cavern,2
belted,2
reclamation,2
pov,2
mlp,2
divisions,2
forty,2
oux,2
elided,2
ept,2
sheltering,2
nil,2
ample,2
multiplied,2
ponders,2
indignant,2
wordsworth,2
archers,2
cata,2
daunt,2
shooting,2
abcm,2
exceed,2
nnn,2
vioux,2
irresistible,2
fasten,2
bunches,2
jux,2
hygienic,2
cued,2
height,2
teal,2
10k,2
hearty,2
abigail,2
hermitage,2
adf,2
whys,2
primate,2
noether,2
gcr,2
raining,2
sarah,2
blueberry,2
condemned,2
blueness,2
transgression,2
monoblocks,2
pantry,2
rhomboid,2
theyll,2
reactive,2
portico,2
scon,2
hoods,2
procedure,2
avey,2
sobs,2
interpolation,2
martina,2
doorstop,2
curving,2
hns,2
loudspeakers,2
stat,2
saunter,2
uplifting,2
peremptory,2
napalm,2
2018,2
dim,2
comprable,2
ale,2
looping,2
cus,2
license,2
straightened,2
fth,2
supply,2
carve,2
damning,2
subcases,2
eqg,2
mackerel,2
rtion,2
chocobos,2
noth,2
performances,2
lager,2
31st,2
snowplow,2
imploring,2
tri,2
closeness,2
journal,2
belle,2
murders,2
attunement,2
grubby,2
cowardss,2
unlimited,2
endearing,2
adventurous,2
lemur,2
redo,2
publick,2
donkeys,2
verbeese,2
plaything,2
joyous,2
gener,2
predictions,2
shorthand,2
fuchsia,2
depressed,2
mystics,2
evaluate,2
associations,2
gander,2
frizzled,2
macguffin,2
constructivist,2
disturbing,2
clinking,2
bess,2
cbj,2
avalon,2
damme,2
knobs,2
petite,2
dijkstras,2
blinking,2
prelude,2
clams,2
notchy,2
typescript,2
foundations,2
tentacular,2
sil,2
joes,2
enigma,2
trickery,2
rejigged,2
geo,2
monograph,2
ecclesiastes,2
domini,2
oic,2
james,2
seraphim,2
clojure,2
cd2,2
umbrella,2
gullibility,2
mah,2
phoned,2
skimming,2
petals,2
theyd,2
specialization,2
charge,2
waterlogging,2
freges,2
waaaaaaally,2
spence,2
riverboat,2
acknowledgements,2
3x3,2
blackbird,2
amnesia,2
dander,2
obtains,2
faux,2
lessness,2
busier,2
freak,2
toiletries,2
gauche,2
timer,2
strangeness,2
analyzer,2
pastebin,2
yp,2
val,2
dirks,2
peckertime,2
nonmoving,2
exhibited,2
ciao,2
anatomies,2
traveler,2
graham,2
empt,2
australian,2
subsample,2
7900,2
representatives,2
poincar,2
adj,2
6k,2
lyrical,2
nsz,2
pointer,2
omits,2
infatuation,2
beek,2
prize,2
semilevel,2
dudes,2
baptized,2
suggest,2
pas,2
impossibility,2
reciprocal,2
tic,2
fantasies,2
tst,2
singularities,2
alain,2
nonconditional,2
sig,2
praiseworthy,2
lmuic,2
snaf,2
nonterminal,2
siz,2
kaleidoscope,2
nonlocality,2
dramas,2
mediator,2
subjectivity,2
acfiii,2
herein,2
randomly,2
rtv,2
rely,2
cvj,2
tmp,2
fruitful,2
cne,2
baudrillard,2
purest,2
chaoss,2
breathtaking,2
recherche,2
relying,2
paradigmatic,2
curator,2
monument,2
conversational,2
enigmatic,2
splinter,2
touching,2
positioning,2
sanity,2
hacker,2
ecosystems,2
authorization,2
robust,2
tsunami,2
scientology,2
forwarded,2
transference,2
corridors,2
largest,2
mutations,2
markup,2
steep,2
2014,2
biology,2
recovered,2
calibration,2
consult,2
archived,2
anti,2
trash,2
composing,2
appreciation,2
assignment,2
recreates,2
babbling,2
stigmata,2
parallelized,2
demonstrate,2
widens,2
tier,2
tangent,2
machines,2
drives,2
conquered,2
horrors,2
facto,2
bowels,2
pragmatic,2
prototype,2
dylan,2
blocks,2
stratification,2
atlas,2
supported,2
reverberation,2
virus,2
vote,2
esthetic,2
ideals,2
paralysis,2
friction,2
concerns,2
attempting,2
sophisticated,2
microwave,2
vulnerability,2
charismatic,2
recount,2
essence,2
analogous,2
medical,2
luxury,2
completes,2
symbiotic,2
gesture,2
enlists,2
haunted,2
ripeness,2
eternality,2
archangel,2
alias,2
absorbed,2
transmitting,2
classroom,2
folded,2
overlord,2
grounded,2
introduces,2
efficiency,2
operating,2
optimizing,2
timestamp,2
nom,2
negation,2
undergo,2
grudges,2
decomposes,2
grounds,2
pun,2
confirming,2
terrifies,2
distortion,2
accelerates,2
recuperation,2
illuminate,2
sonorous,2
remark,2
immanent,2
alliances,2
resist,2
biological,2
indistinguishable,2
ion,2
genomic,2
supreme,2
micro,2
ziggurat,2
receiving,2
absurdity,2
punk,2
pursuit,2
emitting,2
tempestuous,2
cherished,2
creepy,2
colloquial,2
prominence,2
resurrected,2
library,2
colonizer,2
honing,2
host,2
loses,2
amplify,2
represented,2
bind,2
dissonance,2
macabre,2
filial,2
fictional,2
2004,2
simultaneity,2
planetary,2
delivers,2
unmasked,2
idols,2
philosopher,2
seduction,2
violates,2
recover,2
modus,2
ambassador,2
quo,2
autonomy,2
parsimony,2
disciplines,2
reward,2
lone,2
jigsaw,2
parse,2
ideology,2
medial,2
tao,2
assesses,2
rubble,2
subsurface,2
desultory,2
compulsive,2
banal,2
grants,2
kudos,2
commission,2
modeled,2
existentialism,2
conceptual,2
striving,2
emission,2
extremes,2
klein,2
twitters,2
soliloquy,2
overlords,2
cultivating,2
slab,2
disordered,2
genesis,2
transit,2
graveyard,2
kismet,2
policy,2
channeled,2
compromising,2
ashes,2
confounding,2
recipe,2
avoid,2
limelight,2
intros,2
cocoons,2
mystification,2
establishes,2
primordial,2
targets,2
borders,2
korean,2
resonating,2
symbolically,2
stimulus,2
exits,2
infiltration,2
installed,2
basket,2
population,2
explorer,2
hybrid,2
totally,2
paradoxic,2
pullquote,2
bloomers,2
breaker,2
archon,2
credibility,2
infected,2
knights,2
ethics,2
reflux,2
exited,2
intensive,2
analytics,2
sender,2
reproduction,2
relaxation,2
retrospective,2
iteration,2
trait,2
persecution,2
studying,2
predictability,2
stealth,2
sustain,2
ancestor,2
francophone,2
hardcore,2
leak,2
overlaid,2
episode,2
leaking,2
scenario,2
narcissism,2
deleted,2
penalty,2
select,2
disappear,2
resuming,2
esthetics,2
levity,2
executes,2
rupture,2
geniuses,2
null,2
ellipse,2
unearthing,2
reunion,2
wearable,2
payload,2
mechanic,2
elevation,2
whiteness,2
unused,2
item,2
lazarus,2
satire,2
ptsd,2
platonic,2
plateau,2
buffer,2
radically,2
downstream,2
conversations,2
invokes,2
nurtured,2
torpor,2
scripts,2
assembly,2
retro,2
dump,2
mesh,2
xxxx,2
allow,2
mahler,2
refraction,2
lexical,2
eduardo,2
oj,2
caresses,2
womb,2
blackened,2
grumbling,2
assure,2
burp,2
iis,2
pcm,2
luminous,2
erupts,2
wearisome,2
lightens,2
unguent,2
loudmouth,2
fitch,2
knut,2
crois,2
autocorrelation,2
suitably,2
croak,2
martinis,2
begining,2
rtions,2
unattuned,2
whereas,2
satchel,2
cocksucker,2
suchness,2
oopen,2
zwolle,2
foresee,2
plumber,2
culling,2
atter,2
kst,2
outer,2
tyler,2
gropes,2
opiate,2
founders,2
slog,2
fluid,2
cruz,2
causa,2
organizing,2
jaw,2
pendant,2
overgrown,2
tentacle,2
idling,2
vale,2
nico,2
rots,2
imagined,2
walkers,2
ial,2
peeking,2
cyberspies,2
whenever,2
smh,2
sutter,2
manning,2
zth,2
clause,2
textbooks,2
moron,2
surgical,2
sacks,2
cns,2
proclaiming,2
eczema,2
pimlico,2
fiiiiiight,2
existentials,2
phantoms,2
ughh,2
rice,2
acrobatic,2
clu,2
1800,2
draws,2
smacked,2
foreign,2
cker,2
federal,2
ola,2
albedo,2
imperfections,2
2007,2
bool,2
outline,2
ising,2
snuck,2
pickax,2
clutching,2
chmp,2
clouded,2
merchants,2
cleave,2
repaired,2
hornier,2
pastime,2
headroom,2
fym,2
avg,2
landings,2
dax,2
procontin,2
gummow,2
backs,2
rabble,2
defeated,2
ally,2
underclothes,2
xxz,2
propane,2
sophisms,2
bakht,2
drago,2
sot,2
hilarious,2
solids,2
constants,2
bibliography,2
1876,2
civil,2
carlin,2
raoul,2
ternary,2
lupus,2
lakala,2
extensibility,2
1mb,2
cbe,2
lenghts,2
shoreditch,2
duplex,2
rve,2
definitive,2
francaise,2
ste,2
oconnell,2
openbsd,2
theatre,2
backflips,2
idly,2
defect,2
exhibits,2
snag,2
supple,2
buster,2
cheetos,2
daydreams,2
porto,2
baritone,2
cakes,2
monks,2
amundsen,2
mongolian,2
vibrators,2
ansstellung,2
bled,2
duffs,2
gz,2
nettles,2
harem,2
crucified,2
pickle,2
billowy,2
lyrically,2
oppressing,2
fishbowl,2
replaying,2
hopg,2
unfold,2
refractive,2
planck,2
gab,2
buffed,2
picked,2
limitless,2
convolutions,2
matroska,2
hilliard,2
univ,2
abca,2
famile,2
ohu,2
expectant,2
verwaltung,2
mit,2
monstrosities,2
hoo,2
australia,2
vah,2
tampermonkey,2
vanquish,2
libido,2
xxxi,2
endnotes,2
vainly,2
flaring,2
figures,2
rtn,2
beards,2
varied,2
xerox,2
timidity,2
bold,2
rams,2
bedspread,2
anko,2
consoles,2
continually,2
pallet,2
associative,2
turbulence,2
accesible,2
pi,2
genealogy,2
reflectors,2
floodlights,2
threshing,2
fif,2
abe,2
obtuse,2
neva,2
cradle,2
convolved,2
jacked,2
rop,2
freshen,2
ireland,2
skills,2
confiding,2
joux,2
checky,2
immobility,2
7p,2
ath,2
knl,2
dihedral,2
bluer,2
wrappers,2
ixx,2
transgressions,2
gustav,2
fedoras,2
prefixed,2
postfix,2
romance,2
laboratories,2
clearest,2
agnes,2
archipelago,2
gravestone,2
hovel,2
alto,2
prevent,2
ameliorate,2
assented,2
acct,2
iphtheria,2
noncorresponding,2
irt,2
rax,2
ragged,2
exclamation,2
norton,2
acne,2
thistle,2
camisole,2
deletion,2
fronds,2
tracker,2
amazingly,2
dod,2
362,2
subdivision,2
occurrence,2
maccabe,2
datatype,2
suckers,2
marriage,2
orthogonal,2
condensed,2
xmov,2
arca,2
shuldnt,2
fore,2
nominally,2
editing,2
lec,2
pastry,2
blanched,2
foreseen,2
n8,2
corroborating,2
winder,2
synapses,2
asterisk,2
cie,2
baudelaires,2
martyred,2
swooning,2
mathews,2
1l,2
descents,2
como,2
aspherical,2
satyr,2
dissipating,2
splitting,2
aint,2
tumults,2
dart,2
oa,2
commonly,2
clumped,2
footsie,2
lag,2
chakrabut,2
ecl,2
cord,2
corrupt,2
tien,2
hadley,2
brace,2
supersampling,2
shovel,2
uninteresting,2
limestone,2
rained,2
despise,2
hydrating,2
metered,2
clapham,2
converges,2
ursula,2
mannequin,2
argyle,2
ras,2
eh,2
ligne,2
organised,2
abrasion,2
fht,2
yammering,2
knowest,2
els,2
voit,2
qs,2
tbh,2
wut,2
robins,2
shrinkage,2
mandelbrot,2
godwin,2
watercoloured,2
surge,2
herds,2
subnets,2
bga,2
lore,2
currying,2
waver,2
urchin,2
heal,2
2y,2
sprites,2
10m,2
armoured,2
nto,2
dollop,2
governance,2
conferring,2
artillery,2
boulle,2
lascaux,2
xlii,2
filaments,2
cohomological,2
ak,2
veer,2
prue,2
beings,2
5am,2
central,2
stranger,2
lclk,2
denominators,2
waitin,2
dwindled,2
mouthing,2
geordie,2
breton,2
pseudocode,2
gurney,2
perceptual,2
grammatically,2
monographs,2
havilland,2
dell,2
flipped,2
tightening,2
alchimie,2
hedgehog,2
okra,2
frog,2
dpa,2
dreamless,2
moa,2
bowers,2
accordingly,2
starfish,2
dragged,2
cort,2
ratchet,2
monst,2
statuette,2
super,2
surround,2
islamic,2
libres,2
omissions,2
q1,2
crude,2
sluggishly,2
defin,2
nen,2
hyper,2
aiu,2
registers,2
hays,2
rls,2
bea,2
idem,2
ous,2
vagabonds,2
galleries,2
lorda,2
tinkle,2
rv,2
stuffs,2
duration,2
integrated,2
fella,2
humboldt,2
moonwalk,2
lookalike,2
emacs,2
grained,2
darts,2
ratatouille,2
oft,2
exercises,2
endby,2
gratia,2
clip,2
skylight,2
acfa,2
deforms,2
marlin,2
weariness,2
huseless,2
germans,2
rainfalls,2
handkerchiefs,2
mornin,2
iris,2
reassigned,2
waaay,2
etoile,2
bean,2
followedby,2
apropos,2
shovels,2
zombified,2
discomfort,2
0f,2
niggardly,2
banded,2
hercules,2
moo,2
representational,2
lighter,2
junction,2
8hrs,2
prisms,2
metacarpals,2
decor,2
nie,2
torquay,2
s9,2
honours,2
6d,2
combing,2
camisoles,2
corners,2
yatta,2
enema,2
december,2
watery,2
honks,2
rips,2
cements,2
filling,2
snet,2
volition,2
cull,2
dividing,2
hopes,2
ultimately,2
thrones,2
prospect,2
truffle,2
cienne,2
venit,2
biometrical,2
ljt,2
deny,2
laurents,2
frequent,2
unheard,2
sparsely,2
absconded,2
neighbours,2
paging,2
enchiridion,2
dattais,2
dsp,2
nigh,2
aq,2
musik,2
amsterdam,2
lq,2
alberti,2
granular,2
crocus,2
arguably,2
1991,2
tendril,2
sneezing,2
unger,2
defineless,2
ful,2
voyaging,2
batshit,2
chi,2
dissimilar,2
foote,2
undivided,2
swans,2
witches,2
spambots,2
dirs,2
cdk,2
untersuchung,2
resigns,2
spreading,2
strolls,2
chang,2
uncertainly,2
austen,2
mashing,2
dales,2
debatable,2
luke,2
catacombs,2
cdo,2
brooding,2
exceptions,2
lugs,2
cbr,2
mlaa,2
tubs,2
beethoven,2
plops,2
30m,2
snowy,2
pimples,2
geschichte,2
cheap,2
forall,2
thickness,2
postulate,2
xe,2
forensics,2
knob,2
auguste,2
mult,2
supposing,2
ganged,2
chile,2
fob,2
teenager,2
tra,2
detours,2
crystallography,2
abcag,2
teh,2
tectonic,2
chimein,2
expander,2
foreseeing,2
dorme,2
grise,2
romp,2
clothed,2
adn,2
gebieten,2
americana,2
recompression,2
cropped,2
7000,2
perplexed,2
jackal,2
omni,2
0s,2
sorting,2
popo,2
saves,2
moldy,2
24000,2
fleckenfels,2
crosstalk,2
wendys,2
yellowish,2
pales,2
inflection,2
diet,2
whooping,2
ervation,2
scenic,2
vince,2
iridescent,2
fresco,2
upp,2
affine,2
edd,2
enchanting,2
nning,2
bonaparte,2
dimple,2
texture,2
gooners,2
googly,2
oz,2
kingsway,2
sift,2
tunnels,2
thrust,2
determination,2
derbyshire,2
topless,2
makos,2
seuven,2
manual,2
suicidal,2
shingles,2
bandanna,2
ubers,2
1849,2
plovers,2
funnel,2
bbc,2
substrings,2
nonlocals,2
tag,2
wrongly,2
abaculum,2
12k,2
lurk,2
swarming,2
aidan,2
reassessment,2
ende,2
mac,2
edited,2
nags,2
noirs,2
insane,2
klt,2
rns,2
diaphragm,2
tho,2
eb,2
roigne,2
rated,2
gadsden,2
denounce,2
dias,2
lod,2
denier,2
sensation,2
absentmindedly,2
ooooh,2
supine,2
resignations,2
oliviers,2
ntp,2
conchoidal,2
slants,2
mailman,2
hemispheres,2
ancillary,2
zuckerman,2
yearbook,2
teau,2
adiv,2
opiates,2
sittin,2
cyclic,2
disjunct,2
hymnal,2
nymphomaniacs,2
catechism,2
temerity,2
ccr,2
bing,2
abk,2
rq,2
0a,2
cascadia,2
mandala,2
insignificant,2
verifiable,2
illumined,2
volant,2
abaca,2
wouden,2
uic,2
falcons,2
singed,2
wheezy,2
norris,2
tacs,2
gigantism,2
checkerboard,2
feverish,2
anyplace,2
flakes,2
dishing,2
courtroom,2
jackpot,2
entrails,2
swimmer,2
psh,2
superstition,2
prudential,2
developed,2
rounded,2
laquitaine,2
coeur,2
476,2
dermatoses,2
60,2
wal,2
variation,2
uttering,2
yarmulkes,2
bummed,2
abc1,2
nh,2
dox,2
draught,2
beak,2
flowery,2
likelihood,2
peking,2
combo,2
influx,2
forthwhile,2
fancioulle,2
topo,2
teaux,2
wih,2
choy,2
fumbling,2
gully,2
belt,2
rabby,2
wx,2
vue,2
shored,2
groomed,2
sicker,2
combinatorics,2
newton,2
agglomerations,2
electropole,2
panes,2
passengers,2
xliiiii,2
coast,2
waiter,2
jan,2
guideland,2
diabolical,2
catapults,2
sug,2
explanatory,2
oceana,2
covert,2
multiline,2
phlox,2
awsome,2
performant,2
xiviii,2
personality,2
dominator,2
natures,2
highbury,2
skis,2
dset,2
favoring,2
festivals,2
inflight,2
somebodys,2
expands,2
nav,2
xu,2
fic,2
feu,2
endemic,2
damper,2
juic,2
yanks,2
childrens,2
toothbrush,2
teabaggers,2
creature,2
raio,2
rtk,2
belland,2
saar,2
patterning,2
metallurgy,2
lilacs,2
fleckner,2
byzantium,2
confided,2
francis,2
chested,2
disguise,2
yards,2
grande,2
physicists,2
facials,2
anno,2
aggi,2
imparts,2
maddening,2
adresse,2
musique,2
divan,2
chalet,2
requested,2
interstitial,2
stasis,2
nowplaying,2
falcon,2
parallelist,2
ettore,2
romano,2
knudsen,2
gotten,2
rick,2
robbers,2
2012,2
thunderbolt,2
drearily,2
snowboarding,2
theme,2
kicks,2
parenthesis,2
par,2
noche,2
perfectionism,2
congruence,2
jw,2
native,2
whew,2
dragoon,2
seq,2
awash,2
buffoonish,2
surfer,2
thunderstorm,2
multisort,2
quaternions,2
d120,2
xt,2
dijk,2
omicron,2
enroute,2
lizardmen,2
gnaw,2
unus,2
denatured,2
manif,2
wok,2
unfortunate,2
quote,2
rbb,2
shocking,2
quotations,2
prs,2
kpt,2
mos,2
zooming,2
killer,2
ner,2
pring,2
oooo,2
librarians,2
anglais,2
accretion,2
inbetween,2
5m,2
vented,2
whizbang,2
sundays,2
amazed,2
thongs,2
bellagio,2
sony,2
grapeshell,2
gh3,2
param,2
infrared,2
rampaging,2
sojourno,2
poi,2
sublimation,2
snap,2
dope,2
cdm,2
currency,2
clp,2
rs,2
sweets,2
mirages,2
marconi,2
sleds,2
mda,2
employ,2
mtp,2
thinkers,2
tyrannical,2
mochizuki,2
ria,2
railway,2
wire,2
mastodon,2
0bb,2
swingarm,2
waltz,2
serous,2
yui,2
costly,2
desired,2
justify,2
pimping,2
germanic,2
xylophone,2
philip,2
eu,2
msu,2
sidereal,2
gattened,2
securing,2
hornblower,2
referred,2
reforms,2
designer,2
attempted,2
brushed,2
tambourine,2
coffin,2
forks,2
logico,2
swine,2
hofbrau,2
ebay,2
sainsburys,2
bcr,2
linea,2
poseurs,2
yew,2
landry,2
debauche,2
cala,2
complements,2
recapture,2
carpenter,2
multiphase,2
elitist,2
southward,2
pairings,2
fermi,2
laziness,2
ley,2
muffs,2
maucher,2
headless,2
guido,2
feeble,2
xxxiv,2
n00bs,2
coc,2
gaudy,2
nonconformist,2
sequiturs,2
fleets,2
ban,2
bigness,2
shan,2
coined,2
piper,2
johnson,2
barrow,2
clad,2
defence,2
reducer,2
publar,2
tolling,2
necker,2
pajamas,2
2006,2
subclasses,2
789,2
lullaby,2
melon,2
35,2
wafers,2
pai,2
ek,2
hofvensky,2
airlocks,2
algebraicity,2
cheer,2
toz,2
x86,2
momma,2
mt,2
mathematic,2
15am,2
hazy,2
equivariability,2
paine,2
cxxi,2
envy,2
cypress,2
tamper,2
gamut,2
clt,2
pulsating,2
overcast,2
edu,2
nonconformance,2
disconcerting,2
intercom,2
fixedly,2
augmenting,2
graphene,2
katta,2
wahaha,2
uhhhhh,2
rewards,2
atleast,2
inwards,2
coupante,2
blazer,2
fial,2
dbg,2
astounded,2
0420,2
ntve,2
10s,2
axx,2
pzz,2
dokument,2
lted,2
iphysics,2
parnassus,2
zl,2
incidents,2
fairview,2
hdt,2
pym,2
deci,2
automatique,2
nno,2
jusatta,2
comics,2
noz,2
infiniteness,2
lobes,2
choux,2
tropic,2
bd2,2
ited,2
psyop,2
bandwidth,2
nn3,2
zym,2
reflecting,2
overpass,2
nonreferential,2
loi,2
dendrochronology,2
w3,2
laan,2
wholly,2
nadelson,2
buttercream,2
identifying,2
mises,2
oed,2
vspace,2
dragnet,2
maintainable,2
conjunctive,2
2d1,2
amor,2
1789,2
ruedy,2
noncoloured,2
nonreciprocal,2
genevieve,2
ducker,2
ko,2
simulators,2
hopk,2
nonconjugate,2
ancien,2
collisions,2
havings,2
lorsque,2
3z,2
fda,2
eqnitive,2
locally,2
hj,2
ifn,2
hapatra,2
toffler,2
unrivalled,2
chippers,2
latex,2
muzak,2
diphtheria,2
aau,2
okey,2
2x3,2
chf,2
s2s,2
heretofore,2
k2k,2
supremen,2
pomade,2
pope,2
aliased,2
relaxes,2
flume,2
cdjs,2
aur,2
acfs,2
711,2
calf,2
verwenden,2
funnily,2
decoherence,2
maik,2
ih,2
lac,2
col,2
poole,2
lam,2
valid,2
ky,2
hijacking,2
infinitives,2
suffixes,2
jks,2
v1v3,2
inclusive,2
cel,2
ceilingly,2
chp,2
camps,2
maker,2
5d,2
mornings,2
stashes,2
resemblance,2
innocence,2
lydian,2
j0,2
alternatively,2
waimea,2
nadf,2
nid,2
subroutine,2
ltial,2
consignments,2
disentangled,2
hw,2
realism,2
alignment,2
powerlessness,2
delays,2
gizmo,2
remembered,2
furious,2
affirms,2
operational,2
climate,2
adds,2
synonym,2
virtual,2
ancestral,2
1984,2
architectural,2
instances,2
ticket,2
criminal,2
scalability,2
genocide,2
alliance,2
organisms,2
eventual,2
diffusion,2
ambiguities,2
protects,2
nostalgic,2
textual,2
shrine,2
materialized,2
epiphany,2
skeletal,2
enjoyed,2
sr,2
compiled,2
meat,2
sought,2
irc,2
pagers,2
empathy,2
clinical,2
refined,2
neighboring,2
scored,2
rym,2
dare,2
container,2
individual,2
timelines,2
substitution,2
cache,2
1998,2
residency,2
scenarios,2
designed,2
suffuses,2
constructs,2
banality,2
wounds,2
fury,2
technological,2
darwins,2
permaculture,2
tranquility,2
missed,2
teaches,2
laurels,2
anna,2
realizing,2
meter,2
ming,2
referent,2
similarly,2
masquerades,2
amplifies,2
aural,2
fundamentalist,2
wreaths,2
salvo,2
cruelty,2
conserving,2
horrible,2
archangels,2
cadence,2
hierarchal,2
christianity,2
mantra,2
anatomic,2
retrospect,2
catastrophic,2
hypnosis,2
reversals,2
blackmail,2
location,2
solipsism,2
quotation,2
perspectival,2
entanglement,2
scheme,2
garbage,2
secrecy,2
horrifying,2
zodiac,2
phenomenology,2
rejection,2
ably,2
groans,2
possibilities,2
egotistical,2
environments,2
panne,2
sank,2
optic,2
helpers,2
stack,2
blooms,2
dialogue,2
atmospheric,2
bazaar,2
honeypot,2
characteristic,2
regex,2
collaboration,2
deformation,2
courses,2
innocent,2
naive,2
extrinsic,2
circuit,2
interpreted,2
topics,2
celebration,2
requirement,2
insurrection,2
glorious,2
improves,2
spiritually,2
calibrated,2
playlists,2
conspires,2
typed,2
fragrance,2
mortified,2
projecting,2
bicycle,2
meant,2
stabilization,2
alexander,2
normalization,2
contests,2
largely,2
ethical,2
maximal,2
targeting,2
imbued,2
editors,2
meanings,2
infamy,2
locust,2
propose,2
seamlessly,2
ontologically,2
mature,2
apparitions,2
hark,2
exhausts,2
operatic,2
narrows,2
crosses,2
celestial,2
ascended,2
orchestrated,2
debug,2
relay,2
blasphemy,2
compromised,2
ojama,2
graphic,2
alt,2
abacian,2
tainted,2
goddess,2
bauhaus,2
teams,2
hats,2
career,2
euphoria,2
bubble,2
mangling,2
solvers,2
harvesting,2
neat,2
defeats,2
psych,2
disgustingly,2
escapes,2
reconfiguration,2
propagate,2
uncovering,2
membrane,2
melodrama,2
neglects,2
treatment,2
pathologies,2
emanates,2
enmity,2
intoxication,2
choose,2
solitudes,2
apr,2
concluding,2
entombment,2
crossroads,2
accidentally,2
builds,2
default,2
cunicorn,2
grammar,2
merged,2
lasting,2
valuation,2
lockdown,2
proximity,2
identifies,2
exalted,2
reddit,2
rewiring,2
tech,2
string,2
humiliation,2
fellowship,2
rockin,2
adjectives,2
acceleration,2
reverses,2
archaeological,2
contradictory,2
daisy,2
permanently,2
zen,2
creeped,2
contrasts,2
idiomatic,2
dampening,2
suffocating,2
induce,2
happening,2
addressing,2
capturing,2
etchings,2
etymologys,2
crossing,2
despite,2
redundancy,2
reminding,2
schism,2
realms,2
resolve,2
fingertips,2
ton,2
creak,2
inevitable,2
hack,2
orthodox,2
notable,2
collage,2
logo,2
embodiment,2
resonances,2
concludes,2
broadcast,2
molecules,2
pathway,2
os,2
violations,2
contamination,2
binding,2
ontologies,2
stale,2
obedience,2
anew,2
intensely,2
sheer,2
archetype,2
intrusion,2
biomechanics,2
carving,2
celebrating,2
dirt,2
external,2
probing,2
fuckup,2
epitaph,2
annotations,2
fits,2
compositional,2
vibrant,2
blossoming,2
annotation,2
cultivate,2
prophetic,2
scope,2
kewl,2
scrolling,2
novel,2
predictable,2
presupposed,2
presented,2
limb,2
advanced,2
refactoring,2
conflation,2
tested,2
difficulty,2
ark,2
devolution,2
posterior,2
displaced,2
progressing,2
hyperbole,2
occultism,2
gardening,2
verb,2
unfolds,2
priesthood,2
revisited,2
philosophers,2
epit,2
arguing,2
coverage,2
desktop,2
interpreter,2
webcam,2
persona,2
leaks,2
pointed,2
flaw,2
oud,2
memes,2
playfully,2
rotunda,2
indian,2
meditations,2
flare,2
encode,2
secure,2
presence,2
attaches,2
norms,2
circa,2
freakin,2
ripples,2
overload,2
orn,2
archivists,2
acolyte,2
trolling,2
nect,2
pss,2
fidelity,2
constructor,2
sloths,2
confessional,2
twisted,2
unlikely,2
terrifying,2
pigeon,2
homepage,2
unveil,2
communal,2
degraded,2
blueprint,2
disconnected,2
victory,2
mutual,2
deleting,2
trapezoidal,2
teach,2
lavender,2
bugger,2
enormous,2
arousal,2
dived,2
tome,2
tunnelling,2
insistent,2
contingency,2
traveled,2
choosing,2
acknowledge,2
distinction,2
supercomputer,2
instructions,2
reconstructives,2
provable,2
bands,2
torques,2
influence,2
repentance,2
coh,2
genetic,2
clusters,2
callback,2
imp,2
ze,2
goals,2
ascii,2
david,2
scarcity,2
reflects,2
anterior,2
crypto,2
motif,2
homophone,2
knife,2
refashioned,2
nde,2
gender,2
overhead,2
unification,2
loot,2
sadness,2
boolean,2
duality,2
revealing,2
scented,2
eal,2
trim,2
sci,2
albino,2
irony,2
phasing,2
brood,2
pitiless,2
hivemind,2
reproduce,2
rainbows,2
racking,2
obeyed,2
prismatic,2
erosion,2
genres,2
gopher,2
buss,2
chaste,2
buffoons,2
y4,2
logarithm,2
3u,2
yout,2
optionally,2
typographical,2
2pm,2
ove,2
seats,2
spiderwebs,2
lettres,2
tolliver,2
rer,2
hamstring,2
lif,2
l4,2
svein,2
kinda,2
wherein,2
ljf,2
yos,2
rio,2
concatenating,2
mittels,2
4h,2
blisters,2
tion,2
criminology,2
disarray,2
geist,2
fishnets,2
gyroscope,2
hierology,2
gaslight,2
mel,2
jusquil,2
dirichletian,2
sock,2
zn2,2
nite,2
vx,2
vier,2
eqn2,2
c2a,2
gimple,2
fuchs,2
abaciod,2
nak,2
3j,2
stroll,2
yesterdays,2
dangit,2
pinkish,2
bythe,2
omitting,2
afair,2
1205,2
frequently,2
gabrielle,2
aam,2
enrico,2
folders,2
joanie,2
sls,2
swamp,2
brownies,2
defuncts,2
lassa,2
ligo,2
u1,2
1814,2
airs,2
ockenfels,2
vl,2
puffy,2
ima,2
ahmmm,2
wl,2
sons,2
mph,2
subsetwise,2
elt,2
yokel,2
eqmals,2
5pm,2
jt,2
rtrt,2
okie,2
worries,2
ifp,2
abacities,2
lmfaooooo,2
damaged,2
everytime,2
sommes,2
srt3,2
uited,2
scratch,2
dit,2
werent,2
favours,2
mauro,2
maugs,2
ng,2
anisole,2
rtif,2
12hrs,2
hildebrand,2
lonsdale,2
cents,2
fopen,2
eyewear,2
pouches,2
nile,2
somewhat,2
autocommunications,2
3r,2
maus,2
subjoint,2
stm,2
gallery,2
genoux,2
pn1,2
leq,2
1j,2
weathermen,2
riddles,2
vanity,2
usto,2
equality,2
reprisal,2
coalescence,2
thankfulness,2
respects,2
beobachtung,2
i5,2
museo,2
latching,2
directlyfrom,2
ohhahaha,2
ppi,2
ltd,2
yf,2
dreadlocks,2
erroneous,2
coupaine,2
handbook,2
davos,2
backgammon,2
xxxiii,2
comfy,2
f2f,2
monsieurs,2
koolaid,2
matta,2
infrairie,2
stupidly,2
0x2f,2
dviii,2
polancourt,2
llevie,2
frizzell,2
4n,2
dono,2
nlt,2
duckle,2
superscript,2
bau,2
ftp,2
curran,2
signature,2
sich,2
pocketknife,2
revolves,2
glade,2
acidals,2
sant,2
indubitably,2
tav,2
webb,2
caption,2
trouvaille,2
dts,2
sn,2
popularly,2
ughhhhhh,2
nls,2
hollywood,2
whoopee,2
blanchard,2
cao,2
bloke,2
ambushed,2
accordance,2
wi,2
georgia,2
haggard,2
england,2
cocks,2
cameo,2
flaucher,2
guards,2
onlyif,2
elixir,2
dolly,2
clothesline,2
ravingsh,2
sander,2
corned,2
ated,2
haa,2
tuesday,2
cah,2
flashes,2
vcr,2
lop,2
upper,2
ohhhhhhh,2
smoothie,2
howling,2
docels,2
decker,2
harlequin,2
stadt,2
canvassing,2
cleats,2
alts,2
poop,2
chuckling,2
eduard,2
lect,2
waggle,2
combs,2
dwarfs,2
spinner,2
eftp,2
smyrna,2
jok,2
rah,2
archaically,2
drapey,2
leute,2
wiz,2
hoodies,2
bien,2
motives,2
frond,2
char,2
martini,2
nord,2
cess,2
fucks,2
broom,2
jukebox,2
pencils,2
daid,2
accomodate,2
droppings,2
swahili,2
denied,2
hemispheric,2
dienst,2
stiftage,2
incantations,2
cane,2
filtration,2
austrians,2
fach,2
expend,2
15mins,2
logically,2
laces,2
neue,2
philology,2
beimants,2
sqlt,2
ren,2
agam,2
ipsilateral,2
ciii,2
vv,2
lovingly,2
throats,2
3p,2
elective,2
hoarse,2
clutches,2
g2,2
savvy,2
d11,2
sqrt,2
repositioning,2
psfs,2
mcginty,2
remap,2
longsuffering,2
juniper,2
rosie,2
impressed,2
shoreline,2
satiation,2
bo,2
agglomerated,1
pqz,1
takonomatsu,1
combinatorialism,1
ipsilateralis,1
searchable,1
rntz,1
gamae,1
machen,1
wettlinger,1
duckdoose,1
dnrt,1
ess,1
betweenich,1
eces,1
quondgh,1
lally,1
inostally,1
keed,1
jhkt,1
electroprecursive,1
excuse,1
dff,1
7z,1
quort,1
dupp,1
mahaha,1
plosmon,1
themage,1
res4,1
workft,1
whoichimim,1
howpereveryh,1
5able,1
allyces,1
synergyisner,1
displayedirstivav,1
burningignryime,1
eoplep,1
engagement5ke,1
backing,1
turnhewsage,1
keess,1
6ovehove,1
perosthh,1
osteost,1
ageperageeage,1
ageghageessagee,1
willoc,1
willper,1
goeldelijk,1
nallllm,1
trouvaison,1
roignement,1
lperveryableondoyh4,1
keondhd,1
disturlateoperation,1
internally,1
precipitation504,1
deterioration,1
lydia,1
mainlyescape,1
chargersordered,1
schwarchardmed,1
lars,1
friesogeneous,1
tireauxs,1
subsidizedtel,1
orallylist,1
lengtelorable,1
transferring,1
partakeiji,1
conceded,1
toute,1
afsc,1
flats,1
augereau,1
kt,1
alsak,1
espachnet,1
lifschitz,1
angelique,1
dictatedev,1
disparatebuilderbuilder,1
pollendevdev,1
squeezing,1
trainers,1
racks,1
disparatelgbt,1
vacancybuilder,1
tripodraheye,1
bitters,1
youmphysii,1
aaal,1
cac,1
tuna,1
fucken,1
gfsm,1
workin,1
mfs2kf,1
nualtial,1
shizzzers,1
0ms,1
2a3w4p5k6o8nfahr,1
probablies,1
yavvyy,1
shouldst,1
hzkmpiii,1
baafmbvi,1
monand,1
lmyrics,1
noooookay,1
webchatroomcentralforums,1
acdiii,1
heckhaa,1
acid1997,1
quesada,1
remarkably,1
noordungen,1
cscending,1
autopsies,1
disallows,1
kennedy,1
subnested,1
subsyllabics,1
dantzig,1
hahahh,1
conflating,1
mcgann,1
leckinger,1
simeon,1
orem,1
0x14000,1
plaids,1
f2c3f4,1
sloppiness,1
sandstone,1
pebbles,1
0004a,1
pata,1
3mals,1
shizune,1
sial,1
ymn,1
chk,1
spans,1
spas,1
mathbb,1
moonshires,1
rrtal,1
normalities,1
poincars,1
p120,1
divorce,1
acryling,1
a6c,1
havai,1
abaganara,1
dzrzrt,1
mrwjkoormd9,1
cowden,1
dauros,1
falconer,1
dennett,1
troubles,1
aaaaaand,1
fac,1
tyropuncturist,1
snowdrifts,1
alsis,1
24ft4t,1
gltwtf,1
probed,1
misleads,1
hltjmljs,1
lllumiuoc2wbtrmso,1
gaaahltjf,1
bbcuniardenneu,1
dendices,1
contributed,1
testable,1
nestripes,1
flecks,1
alexieu,1
chats,1
hehehahaha,1
oww,1
jbz,1
viergeht,1
daat,1
wahelt,1
woortje,1
ungareches,1
feetve,1
aequivalence,1
axiation,1
docuseries,1
flexy,1
monistemology,1
heisenberg,1
wingspread,1
wayofref,1
gellert,1
equivariable,1
axel,1
limitationary,1
hnh,1
mustt,1
wonuld,1
hltz,1
eqx2,1
uncorruptible,1
ifl,1
noncement,1
hgtlt,1
alcomposites,1
philanthropist,1
trackage,1
n2s,1
spaniel,1
unquoted,1
yelpper,1
ungageontageper,1
ageostageond,1
ageoc,1
idisitive,1
organizational,1
stifled,1
withal,1
apprentice,1
pee,1
familycesost,1
underookicheece,1
iessondook,1
cesvery,1
ostberper,1
koonsich,1
broker,1
embeddings,1
rijpho,1
cameraage,1
technke,1
quper,1
ableimoy,1
consally,1
eook,1
5ableoy,1
howghber,1
undereond,1
haah,1
burnaby,1
autobox,1
basilisk,1
lstm5r4,1
cetera,1
4cahhh,1
dominatrices,1
aequitas,1
vermijke,1
ungrunde,1
mpi,1
harapaschen,1
sortation,1
2pf,1
njn,1
limoncellular,1
limonite,1
ceaseless,1
cijihci,1
hau,1
nstheorem,1
kapal,1
kavala,1
distinguishing,1
waller,1
lawn,1
add3,1
nclute,1
goebbels,1
jkavainen,1
scarier,1
arsehole,1
recommend,1
ceclab,1
thompson,1
kane,1
zzzyzzxyz,1
oprjf4,1
zdf,1
otherwiseicable,1
2n1,1
s6e16,1
j11,1
dutti,1
absentia,1
wannacry,1
dvd,1
disposed,1
cizmultiplier,1
sweatys,1
cantilek,1
271,1
menschauung,1
sieges,1
aa0072,1
bca,1
ldotskipunctuatediv,1
ullov,1
diviects,1
clearys,1
20000,1
enferant,1
kugelberger,1
althousen,1
universit,1
zur,1
dokumentung,1
ferecht,1
seuil,1
oedendorf,1
breihausert,1
kommunistie,1
vergleiche,1
snowmobiles,1
i83,1
islets,1
lnt,1
chucked,1
mellifluent,1
speller,1
intersectpoints,1
mpersey,1
composer,1
uyuni,1
apropositions,1
hasno,1
ibook,1
gna,1
agnosticism,1
equivalences,1
toleaf,1
agglaciation,1
n2r,1
scf,1
hano,1
idxximyvyzzqltiiavp,1
panned,1
airbrakes,1
bulbs,1
photosynthesis,1
photorespiration,1
ughhs,1
pahlavi,1
ouvertime,1
comesfrom,1
a1b3a2c,1
ented,1
ppvii,1
bd2k,1
fabrics,1
grayscale,1
designate,1
directlyects,1
subreferences,1
qnts,1
durante,1
dellen,1
verlagsgeschichte,1
beowulfeires,1
irekc,1
kalsh,1
shantuck,1
abald,1
sagora,1
primezents,1
1025,1
fondly,1
lidar,1
eddie,1
griswold,1
meseys,1
cioh3c,1
badalls,1
sungowells,1
ssyphmmm,1
whaaaaat,1
anisotropy,1
l2l,1
coroues,1
cdg,1
gallicemma,1
ligor,1
chalon,1
ftht,1
nfst,1
levenson,1
kyuiiight,1
aedt,1
zzxxxz,1
autogenerate,1
karyoszymkal,1
aah,1
langen,1
2nfcals,1
nfl,1
vhp,1
tauquoise,1
s3rt4,1
superpositions,1
aggression,1
syslogic,1
rno,1
27xxvi,1
2zzz,1
levenschmid,1
waytide,1
f4m,1
ekc,1
pp4,1
fajorreal,1
cds2f,1
makcd,1
ppmp,1
kitty,1
landmaterials,1
excel,1
whizin,1
jusufu,1
shivy,1
affront,1
atlantic,1
pious,1
woken,1
eredicle,1
dauphinoux,1
abop,1
ceilomorphisms,1
shaltt,1
scar,1
7y,1
szm,1
pvoq,1
dwvvhkljhflte3wx,1
vggzzuya4maaaaa,1
subreversals,1
nahh,1
dendrocystiay,1
javax,1
supersubstitutions,1
summations,1
xzs,1
fifo,1
semisample,1
taupland,1
abelian,1
gyrllenweg,1
cowper,1
eqnjective,1
xxxii,1
m3r,1
cited,1
heimatoff,1
iphileus,1
makata,1
souvenirs,1
pespera,1
sombreros,1
eqiv,1
sicieland,1
y0,1
s5,1
yxscales,1
pgs,1
cx5j,1
solutionswith,1
tset,1
bestnight,1
intersectionality,1
daucd,1
radioreferenceuniv,1
hza,1
maiden,1
cowhair,1
fbk2,1
gov,1
recompile,1
dakal,1
xnmp,1
bruno,1
alschhold,1
kritzescht,1
eltan,1
eqnents,1
thmicherism,1
bialystok,1
bdu,1
majorcalls,1
guidelins,1
rjh,1
itre,1
itively,1
anytime,1
sizzle,1
riiiii,1
concat,1
shizzzz,1
sierpinski,1
injections,1
rockduck,1
hshlt,1
acmal,1
echone,1
lusoleum,1
shush,1
ialostringency,1
jusufahaha,1
definethinkeness,1
lk5,1
languellle,1
appellants,1
unaga,1
apollinaire,1
paulie,1
gifts,1
axonoidal,1
rearranging,1
2faje,1
ndrecht,1
lmucd,1
balcio,1
didion,1
adriana,1
eqnals,1
abaciodym,1
seds,1
d2e1d,1
alarchieva,1
1520,1
iridium,1
nadov,1
ltting,1
agga,1
nckw,1
chamberry,1
chimberrybride,1
ringle,1
metzweitung,1
aacv,1
cakewalks,1
chdca,1
penh,1
makiria,1
aahh,1
bother,1
mauna,1
navid,1
rackets,1
bai,1
econgruent,1
lclnj,1
huau,1
abacials,1
voluminous,1
axhf,1
vg,1
denigrate,1
subsections,1
baggie,1
solicitor,1
cd0024,1
eqniphus,1
ldue,1
resolving,1
confuse,1
mauraland,1
docu,1
alessandro,1
battery,1
kalnika,1
arbeits,1
enfermantie,1
sylvain,1
aih,1
retransmit,1
representations,1
1300,1
daising,1
summonic,1
librebs,1
xmpp,1
winged,1
variably,1
e12,1
hadnnt,1
durk,1
acceptency,1
revolt,1
lmjk,1
kalupa,1
fagd,1
homestead,1
everitt,1
patal,1
cephalopods,1
whitney,1
bovary,1
waaayyy,1
otps,1
frele,1
partitionings,1
abathu,1
abcalanna,1
lovest,1
perseur,1
sesshin,1
mmmmmm,1
xhci,1
xjk,1
oneill,1
opm,1
dschmidz,1
menswear,1
thai,1
fahrts,1
daigha,1
freckled,1
o2f3c,1
ito,1
eauclel,1
rodsadhvam,1
unpaired,1
ssazk,1
sazkepers,1
miiight,1
hucka,1
farneses,1
fmpfs,1
blockwise,1
vyabelles,1
aided,1
hormone,1
cortisol,1
seeders,1
accented,1
alv,1
euclideans,1
theoreticians,1
pragmas,1
flecht,1
dbttmugght,1
naucher,1
cordinates,1
nohms,1
ascorrespondence,1
errantness,1
anamorphosis,1
synecdoche,1
imrotavision,1
selpics,1
ceastane,1
mint,1
entheori,1
leo,1
beckell,1
srtv3,1
cape,1
accidents,1
doth,1
eerier,1
stryk,1
2400,1
ndiv,1
alibutinear,1
mmp4kcddau,1
ish20s,1
jmb,1
jmbk,1
vierduffhavadhva,1
jai,1
acif,1
mohammedo,1
scandinavia,1
baryomarkers,1
mited,1
mizzel,1
conunctuated,1
mortals,1
mig2,1
pyclu91,1
acadio,1
cathalic,1
worksage,1
setextract,1
quadrature,1
poort,1
baudoux,1
orecife,1
crecy,1
viv,1
g0,1
nommen,1
entfants,1
499,1
murnauz,1
davidy,1
cj,1
mpn,1
dclock,1
rdaf,1
dtu,1
enzymes,1
decongestants,1
phosph,1
uired,1
landning,1
wordperfect,1
1080p,1
subgents,1
9z3,1
dishevelled,1
daugther,1
lfsoops,1
ptpcdkl,1
hofbraufl,1
decanalogue,1
dausts,1
enamored,1
yessirim,1
frees,1
freundlich,1
soberung,1
untersucht,1
beobacht,1
siegabe,1
baaviz,1
yozzz,1
zzs,1
comprrtly,1
eulogies,1
badger,1
fouring,1
iigs,1
xg,1
nymnology,1
pqwv,1
sapient,1
mausal,1
nigger,1
achereth,1
ightly,1
l20c,1
sockings,1
delphic,1
tmsdt,1
mzj9rwzvyfcagu5gwrjpvg8a,1
laterality,1
911,1
metacomponent,1
a1b3,1
lascendency,1
cosines,1
russos,1
nearas,1
dendron,1
xxxhiiiialate,1
maagrii,1
4950,1
boundedness,1
harp,1
sosostis,1
hpa,1
sviob,1
cocutinie,1
gime,1
viivii,1
nmmm,1
nonprepared,1
prologs,1
remotely,1
daguna,1
frn,1
mnemonics,1
yelling,1
aspects,1
ofcertainlynot,1
1704,1
tatsunabe,1
agt,1
8in,1
kvist,1
erschaffen,1
jolla,1
mifune,1
toffaloisda,1
debaucherie,1
majorganic,1
suchas,1
jugel,1
catholique,1
xvix,1
streisburg,1
maine,1
macau,1
abagca,1
julia,1
abdal,1
dajam,1
cosmop,1
cdxxa,1
eagg,1
raz,1
pecor,1
ouse,1
southwards,1
adp,1
afaa,1
iielnixviiivirexnettics,1
sill,1
borelzs,1
hannard,1
fzz,1
dfsk,1
bosn,1
meriala,1
aquadalising,1
fisked,1
serrow,1
lzr2,1
ymov,1
classifiable,1
abalc,1
wandsprings,1
bfa2bbd3ffe,1
cgxp,1
dglt,1
p89,1
chopping,1
keypair,1
ik,1
txhf,1
1to,1
aborted,1
badwater,1
sangletons,1
seman,1
permis,1
communeaux,1
offending,1
unordered,1
zigzagged,1
catechismals,1
subrangings,1
subcharts,1
nonceletic,1
e2c3,1
diabetes,1
exactlying,1
kalevala,1
comrades,1
cepheid,1
calculator,1
mtpviii,1
strassbergers,1
siphthmic,1
mj5,1
h8,1
r0x,1
daunking,1
fahrz,1
arcloviation,1
koollee,1
verbechts,1
geologist,1
2log,1
aupla,1
hdd,1
nclosed,1
mascarpone,1
vpphaugeleijffl,1
cfv0,1
sabutatie,1
rehash,1
nonterminological,1
faxbault,1
freundesamage,1
nethelp,1
metropolisals,1
chatting,1
dle,1
russaud,1
agat,1
crayer,1
soschinski,1
forsets,1
dmaggio,1
quatre,1
denvironne,1
nonresonant,1
reside,1
japrt,1
mck,1
tittel,1
leafsets,1
dafnehrer,1
eltouraux,1
rejuvenation,1
nonconsonant,1
logand,1
painin,1
chateu,1
ndres,1
volleys,1
debunks,1
admpath,1
midrange,1
abcarnivorous,1
rtwu,1
dauva,1
icsuld,1
crops,1
ciou,1
bcvi,1
hairdresser,1
gaudry,1
cmonadaily,1
2e4x3rt,1
reductions,1
constructives,1
neverbeanyfiction,1
fletch,1
ungroup,1
latero,1
acidal,1
cousins,1
checkout,1
viiovijviii,1
lemsbriefer,1
brotter,1
dungeness,1
pwcd,1
changelessness,1
ceptivity,1
czbc,1
alrethers,1
conspiring,1
2f3j,1
sfda,1
9cyrreo8a,1
mufuggier,1
agglutinous,1
unproved,1
statutes,1
blingford,1
radio,1
midgets,1
thirst,1
scorn,1
abou,1
sref,1
fufilter,1
calledfold,1
fsisiab,1
midcolon,1
mauvemux,1
graphitic,1
romana,1
acmp4caaf,1
saxxii,1
yyy,1
jjkzz,1
dfwlt,1
wftdd,1
bbbh,1
pantries,1
introductory,1
rubric,1
aggmci,1
listing,1
scrt,1
pfism,1
acic,1
hausdorcks,1
dauchers,1
lambton,1
dictated,1
definelessly,1
cd3t,1
interleaving,1
illusive,1
php,1
coreb,1
tunis,1
giorgio,1
leftwards,1
ifx,1
jardine,1
inconvenience,1
cmona,1
pimole,1
woolley,1
pluimatta,1
glaceau,1
goombas,1
cduda,1
spala,1
pozzetale,1
patinkai,1
dokumentro,1
kommunie,1
nuvola,1
chegunda,1
kari,1
noue,1
gaglardi,1
12c,1
tenderloin,1
ifall,1
ssupport,1
rayner,1
cylinders,1
ndnt,1
clicking,1
handmix,1
lyricones,1
adult,1
divisive,1
omns,1
guidel,1
nows,1
3b,1
aaur,1
marsht,1
overnight,1
netsysyclic,1
necks,1
byward,1
lbbfjfs,1
xvid,1
voir,1
auteuires,1
calais,1
nciuncular,1
emprodentifugnant,1
fifth,1
safio,1
yank,1
dereckie,1
i6,1
chafin,1
xxxyax,1
respecttion,1
shem,1
clicid,1
2nf,1
woran,1
sistine,1
stereo,1
waile,1
disassemb,1
lymov,1
maneutnant,1
nnd,1
magenta,1
abaciodeside,1
bbq,1
saig,1
lzrrt,1
ville,1
15120,1
oooohhh,1
aicch,1
eq1sx,1
multivariant,1
gibson,1
pulp,1
monomanic,1
nonterminology,1
crouching,1
hfhltp,1
tyronesia,1
ravingson,1
murkier,1
hlthp,1
inferiorly,1
mako,1
onex,1
cmonk,1
9saves,1
zwrt,1
intendedto,1
throeswithin,1
statesa,1
mewhen,1
proust,1
fjt,1
davide,1
subclause,1
scdata3,1
matting,1
xt0,1
yohu,1
oki,1
mochizake,1
nyessss,1
becks,1
skys,1
rtgen,1
zunzgeberich,1
onenessofone,1
lafferty,1
divinely,1
favourably,1
endomorphism,1
merelyto,1
sunoir,1
deliberatelythat,1
unsokow,1
lsts,1
mauckers,1
chevalsa,1
ethereally,1
divinance,1
backless,1
boltzmanns,1
retwist,1
ranna,1
bremerie,1
duckmonk,1
thankless,1
nonproved,1
calseq,1
0x20f,1
maigalah,1
f2m,1
perignon,1
vibrated,1
inferential,1
diner,1
nagrepedrols,1
acadios,1
sry,1
definitivism,1
hukshien,1
norden,1
pembroke,1
trivate,1
comprarcepciati,1
pokina,1
shrough,1
714,1
ooohhhhhh,1
ferocity,1
renders,1
tyeee,1
bimilateral,1
outlive,1
makea904,1
cpph,1
haahahahaha,1
ahahahmmm,1
enmesh,1
noware,1
paledo,1
entenden,1
violaux,1
lydiatecken,1
blackbody,1
cidhciidcidhtcrkddyh,1
paradisement,1
ridale,1
woese,1
sommagent,1
enthroname,1
lmda,1
rmavt,1
bellen,1
fcf,1
fsic,1
mava,1
5u,1
fvii,1
kz1,1
sosop,1
inaudibility,1
dmakin,1
forthal,1
iphthmicle,1
wtfwumm,1
torvald,1
suchions,1
awaaaaap,1
yama,1
tano,1
takoyou,1
komotake,1
yao,1
hyimos,1
otoole,1
julieta,1
shivu,1
doy,1
izas,1
abang,1
saen,1
panjual,1
keblala,1
combinatorss,1
acinates,1
hcle,1
suiv,1
frage,1
loebstraat,1
spakntark,1
mhv,1
behold,1
hatchington,1
koleci,1
ndial,1
anons,1
nado,1
aunt,1
rucker,1
buffet,1
axillary,1
cyst,1
favorably,1
psfsp,1
makariemu,1
kun,1
keimitsata,1
yaoyasu,1
tanewa,1
demisho,1
fjr,1
dahl,1
erschweil,1
ift,1
tjavacs,1
rcds,1
subfold,1
2numbers,1
bufo,1
hrod,1
takagata,1
desu,1
kantmschichtsgeht,1
2x3e2,1
ligier,1
mistook,1
wst,1
yealryoath,1
onsically,1
dreated,1
nonconformistic,1
abcbr,1
gegun,1
dahrt,1
anmschlet,1
chine,1
deutschste,1
fluke,1
glocks,1
erkrankstag,1
edammentlichen,1
verbaschums,1
tourmalences,1
gewinnelt,1
geistsprache,1
617,1
chee,1
elif,1
lth,1
squaring,1
fardico,1
pourclair,1
pompos,1
reste,1
tournement,1
hus,1
skypic,1
fff,1
courin,1
mention,1
simplifies,1
inwardly,1
ncnt3,1
vrt,1
abacji,1
shallnt,1
asko,1
chiejue,1
ure,1
mugger,1
erbe,1
mkt,1
imac,1
elife,1
bb3,1
eur0400,1
dijdsingers,1
connoisseur,1
rabilit,1
duniversit,1
vsvi,1
hallways,1
rivre,1
havishain,1
kuunuts,1
sorter,1
dosey,1
aguffrance,1
beaters,1
c3cd,1
altho,1
log2log4,1
siriel,1
zbh,1
iddu,1
nye,1
2q,1
sle,1
duvernay,1
unpaved,1
polanyduck,1
resoluci,1
derridas,1
pulsi,1
illette,1
noorem,1
7920,1
ntry,1
spherus,1
agileleafly,1
homomorphograms,1
eqit,1
hauchers,1
cccl,1
modeshift,1
tlizzz,1
setinterval,1
similariarly,1
safair,1
0xff8,1
yyyxxx,1
janusz,1
fbad,1
ptj,1
kommandatauser,1
dass,1
beobach,1
abb2,1
bumbling,1
ersteines,1
acm2,1
dementium,1
paucity,1
6000,1
bialectic,1
hushhurry,1
acop120,1
mashtau,1
syzzyyltrt,1
preceeds,1
percpu,1
sysid,1
openvpn,1
recliner,1
hofstaltigkeit,1
entschieden,1
equidistant,1
eqmplies,1
ms1504,1
kmpb,1
4kopt,1
frontend,1
lideman,1
sowden,1
reallocate,1
sarnoff,1
n4,1
d4c3,1
poitou,1
dqp,1
bcf,1
eqmplettions,1
pkbrute,1
loglog,1
snsd,1
multisective,1
bbe,1
mufao,1
birthday,1
acheson,1
0x00120,1
z3d,1
0zw0,1
c2c3,1
paedic,1
axiects,1
cambulance,1
preferably,1
sio,1
fbl,1
hye,1
nuen,1
miadh,1
gymnastics,1
svm,1
formulates,1
c2x,1
goerl,1
lazy,1
throuhm,1
eqnp3e4f,1
xlw,1
cagno,1
cku,1
abounded,1
xxxxxiiii,1
iphthongs,1
passerage,1
trouvoir,1
november,1
landaus,1
drumming,1
matasylvico,1
docent,1
debriefing,1
environn,1
entreprise,1
dmpixepliiihedgarietic,1
aballiance,1
alwayes,1
accirm,1
enjoying,1
2a3b,1
5c6,1
2ff,1
subduced,1
ljn,1
hilly,1
heavena,1
venus,1
logarithmology,1
axmoglin,1
bjkf,1
kalcio,1
5120,1
ole1,1
supremaculous,1
cdaa,1
woerden,1
loaves,1
broomsticks,1
netclue,1
viergevaise,1
cflh,1
fbllt,1
heindl,1
invariably,1
partitioner,1
abadio,1
lisbers,1
thnate,1
karyotic,1
quay,1
hiude,1
manly,1
hahahaaaa,1
claritys,1
saffic,1
fling,1
badle,1
brioche,1
souvre,1
92mph,1
szlhzyjuo5vt,1
abcntf1,1
eqxrababac,1
diving,1
punks,1
thamesmead,1
bbalaa,1
cfl,1
gault,1
defiance,1
marshmurs,1
vavcstvove,1
vstevaivciou,1
viugviowmov,1
bathtubs,1
nineteen,1
eighty,1
tykusen,1
knausens,1
propos,1
gavest,1
0x3e,1
mwlti,1
apjrtvendavmfidadhpciipuak,1
nade,1
ocd,1
ppjk,1
pralls,1
abmb,1
cbunaurs,1
cx2,1
digitalcrypia,1
priojicador,1
autodieforms,1
uy,1
1r4,1
hauiii,1
bdaa,1
kerstin,1
employed,1
cdavju,1
jovanovich,1
hrabian,1
vii2,1
considerate,1
speakers,1
61173,1
dyrn,1
dmic,1
sna,1
margaux,1
palermo,1
eliam,1
iiii,1
penseilles,1
loblaw,1
allertz,1
4000,1
szbsa,1
tymclature,1
proceeding,1
tcdn,1
tunism,1
nijmegen,1
gfm,1
wnt,1
waa,1
szv,1
subsonality,1
sleeve,1
ltivier,1
abicatry,1
nonceotically,1
partially,1
allemens,1
creuil,1
paysieu,1
2n3j4,1
automantics,1
bed054bd,1
reagannaisal,1
abelishes,1
ndipotentiation,1
ducking,1
n2ntm,1
wrought,1
invalids,1
defiles,1
poincials,1
nouservices,1
rbbg,1
owah,1
umpower,1
webm,1
wavs,1
gook,1
yere,1
lif08,1
wierchinski,1
nadh,1
rebaney,1
kelna,1
davano,1
lmunair,1
15mil,1
consistently,1
linnison,1
84920,1
acadic,1
nahaha,1
p3p2n,1
nearlyhin,1
3rk,1
pertrol,1
geneviards,1
subnetworks,1
lmnuna3z,1
noncoding,1
oink,1
inter,1
hayward,1
galaxy,1
whyamatrice,1
xxh3yax1yyxxxi,1
d3f,1
biodegradation,1
satanists,1
erich,1
paulus,1
daltoniskey,1
10lt,1
2o1,1
pish,1
dona,1
mys,1
sable,1
abscissa,1
dsz,1
cidp,1
eclaves,1
a1a,1
chalculung,1
koenigensault,1
beschuldung,1
entwickl,1
elucidating,1
uadhatsapras,1
s3r,1
b4d,1
blogtalk,1
nnt,1
het,1
sonnendienst,1
subtitles,1
aceny,1
reflexion,1
fltn2,1
raimander,1
definatly,1
baden,1
thrace,1
rfp,1
3y,1
squaredoffs,1
naturale,1
beowulfs,1
satre,1
ains,1
zcd2,1
daestic,1
sozial,1
purgatory,1
meddar,1
matyavadis,1
pkt,1
monotonicity,1
debranching,1
noah,1
mewtwoneedto,1
whydoyouneedtostopyourmojoing,1
nalice,1
whydoyouvent,1
sticke,1
quincey,1
menschine,1
ahn,1
ivyu,1
drank,1
lmh,1
farsightedness,1
ois,1
berspace,1
lwise,1
endy,1
allocate,1
clairvoyante,1
enferro,1
lzj,1
vec,1
vjp,1
freedalism,1
inclination,1
geburt,1
fleuredeutsch,1
sheriff,1
lande,1
delap,1
labs,1
ghis,1
timeseries,1
chyrophilio,1
provoking,1
wertheimer,1
surcharge,1
dollars,1
ele,1
derabled,1
perlin,1
compiling,1
homeworld,1
dseek,1
disarming,1
7955,1
trimsatic,1
acerway89,1
bunchie,1
sprunga,1
pepyric,1
ngh,1
roubles,1
partiphthong,1
opensci,1
bancroft,1
repricing,1
visiteds,1
suprachiasmatic,1
decayslet,1
chewie,1
gargoyles,1
kwimap,1
civp,1
bbl,1
bicapsc,1
abalanda,1
eqoprod,1
attendees,1
sjk,1
eqyndlt,1
subnetting,1
nately,1
sessens,1
verfahrenenfants,1
portne,1
alsatianos,1
chanterelle,1
erheilkung,1
illensteinsgebeleschtlichen,1
berschuld,1
herzau,1
dietz,1
beobachts,1
hinkes,1
oppressive,1
isopample,1
genechhandung,1
onshoring,1
verbeide,1
cfa3c4a6f5d7ebb2bcffaa,1
halopio,1
lemanium,1
lehtig,1
iffrodneten,1
dagscd,1
practisation,1
philodemus,1
icortado,1
paggage,1
duerte,1
inconformance,1
verlagsgeschichts,1
glimpse,1
hokey,1
kix,1
ttfa1,1
tugboat,1
engendereciare,1
longues,1
lyokeyyy,1
kant1,1
daveaulton,1
woolockerrr,1
hemispherical,1
ughhh,1
seawatery,1
silt,1
stlz,1
mihoolhjane,1
fireshore,1
bittermeland,1
quadrodynamics,1
rtness,1
corrosive,1
sessui,1
lxr,1
iik,1
ohcios,1
guttedters,1
a2s,1
vertixiv,1
contrelt,1
rapp,1
phrygosaurs,1
rayons,1
leela,1
loveheart,1
christmassy,1
calclosed,1
eqisective,1
110,1
tyrannosaurys,1
drsquared,1
abcockslevare,1
snopp,1
musket,1
ansflages,1
russisch,1
sausole,1
falag,1
ncc,1
diapered,1
al1,1
footwork,1
buttercup,1
rdu,1
flicker,1
sephirocrats,1
prada,1
knap,1
croatta,1
packiamenfants,1
seth,1
cv2,1
tmz,1
nthspace,1
vagens,1
michigor,1
seagull,1
carpool,1
suborpheus,1
altn,1
ridiculously,1
alwayo,1
enferma,1
p2s,1
awwell,1
ifand,1
lett,1
ictated,1
bingen,1
sausenschule,1
marys,1
wearin,1
ramsey,1
rart,1
ifi,1
heve,1
impressionists,1
gout,1
plagues,1
crudaalv,1
auckler,1
bison,1
erisis,1
datasheet,1
9e04cbb,1
kampf,1
blaktion,1
twits,1
pushing,1
muskets,1
czkxxo,1
eventing,1
oive,1
cdkrtl,1
flattung,1
detag,1
triptole,1
c6,1
bewildered,1
laposte,1
raabneuvers,1
retooling,1
snuggler,1
reflaucher,1
frisks,1
paradisiacs,1
fdip,1
hillary,1
oci,1
signset,1
xxxxxxx,1
addressee,1
board,1
mackelin,1
tltn,1
muxkommando,1
snuggles,1
ktp,1
barbarajeval,1
kecc,1
bline,1
serrated,1
cuscious,1
uud,1
wan,1
repairs,1
bitty,1
winona,1
sprigs,1
duje,1
venire,1
mozzy,1
wimmy,1
granny,1
udd,1
25d,1
dgreekclop,1
cemotic,1
eqklinq,1
arendering,1
wantin,1
mating,1
flailing,1
dunson,1
bathrooms,1
runsagne,1
phosphorus,1
radicalthy,1
playatrical,1
marathoning,1
moesta,1
tisina,1
austerich,1
crimbo,1
amado,1
j2j3,1
ennuais,1
masta,1
tasque,1
superspear,1
cooly,1
chocolatie,1
fineay,1
vyd,1
obscene,1
beef,1
talkies,1
sumyd,1
30a,1
wehave,1
decimos,1
menschichts,1
bisectando,1
verbezahl,1
muskommen,1
para,1
urseds,1
pric,1
dmplh,1
tmb2,1
weinberger,1
nonproto,1
ekg,1
suprabhusma,1
pedophysis,1
chump,1
nonconformile,1
mrtjft,1
faag,1
deis,1
endicottville,1
acepp,1
cbiii,1
dtqiif,1
srtt,1
protheological,1
simping,1
spicing,1
zvoyant,1
audition,1
hidducks,1
i8c,1
wmrwltk,1
okjaw,1
lolokimoseltai,1
sukapakauht,1
disabled,1
crozier,1
binning,1
proprieteur,1
whylt,1
gagged,1
lmp2,1
hounds,1
firecracker,1
oaf,1
regretless,1
execution1st,1
thirstocular,1
afrottisms,1
millionaire,1
agunaan,1
xxv,1
hellfly,1
donnt,1
lmid,1
chmathelissa,1
abramovitch,1
whiteclot,1
daddeeeeeave,1
eerily,1
subsetals,1
rtimes,1
recap,1
mpe,1
cx0,1
abccdp,1
bhavvy,1
argueau,1
friar,1
fayard,1
dyeay,1
bizciddical,1
skydiver,1
geu,1
imprisoned,1
dredge,1
vermijssen,1
uplema,1
shetado,1
rrtath,1
abayaurara,1
alsafet,1
vierdo,1
bbstx,1
fallinwards,1
adhavatnapadimarskullittur,1
brodungorgan,1
foxes,1
infractions,1
ashleigh,1
hotelier,1
haggis,1
spite,1
retropie,1
20rude,1
subsort,1
bugabu,1
isdning,1
alcona,1
fmpp,1
cffv15,1
nad3hep0500000,1
quicks,1
wideangle,1
yerevan,1
blondie,1
makelaia,1
stirling,1
tramway,1
ara,1
taiamantagh,1
circling,1
sms,1
lmfsr,1
maucheway,1
defies,1
entireorem,1
zeny,1
nsute,1
shaftarrow,1
pflico,1
wattage,1
huxettaire,1
ungoing,1
remi,1
suzymes,1
blancks,1
parekhovs,1
sergeants,1
lingerthen,1
moal,1
decommission,1
dtj,1
mmsrotasty,1
ical,1
tie,1
laque,1
walll,1
hoodless,1
skyless,1
decent,1
newborns,1
bdfs,1
pramus,1
openers,1
alsa,1
warden,1
pouets,1
voixs,1
aurisdiction,1
saai,1
curtain,1
sailey,1
stockin,1
ruffles,1
moume,1
mongol,1
manuel,1
meals,1
pah,1
rdp,1
thio,1
intents,1
squid,1
africano,1
libati,1
roseta,1
lolcivid,1
hymnt,1
canons,1
letcsp,1
lhcs,1
partis,1
addiv,1
wretched,1
bbmp2,1
dancin,1
reeking,1
daytime,1
unrolling,1
labouring,1
drilling,1
opponents,1
logrun,1
chirp,1
coilers,1
happend,1
pitters,1
jakarta,1
prefect,1
bummic,1
mota,1
orlandi,1
approxima,1
xyelonian,1
sh8,1
spinae,1
albers,1
suchthat,1
pterostrongosaunce,1
oitaizzi,1
mckenzie,1
fw,1
nadfa,1
physically,1
waddo,1
fleckle,1
zipped,1
nijielet,1
syscon,1
windservant,1
accesibly,1
wheezing,1
10secs,1
cornices,1
errno,1
legon,1
didest,1
cambrycon,1
evenc,1
maaaaaayyyy,1
amblison,1
wallen,1
sprache,1
verandez,1
carouse,1
chong,1
hooting,1
cessna,1
dletscht,1
svelus,1
flecheenfelde,1
fomented,1
smph,1
rrtly,1
hatchery,1
kamp,1
wirschsel,1
beauteien,1
arbeitsendung,1
2020,1
pippenfabrik,1
xn51,1
yl,1
handclutching,1
cli,1
vertureau,1
plummis,1
yakizasho,1
jyu,1
covii,1
1283,1
2089,1
yrt,1
naurissa,1
prixz,1
dei,1
philosophiae,1
ecclesiastesium,1
straphole,1
s2lt,1
regulario,1
ers,1
uku,1
subdisjoints,1
subsiding,1
unincommunic,1
footscray,1
frmornere,1
2uexp,1
epsamples,1
precedes,1
dirseche,1
hubx,1
rosettes,1
med,1
comaly,1
liste,1
clotheswahl,1
lodgers,1
plc,1
ingle,1
vibe,1
indies,1
fulltime,1
stroking,1
05k,1
d1r3h4y11illftj,1
phuic,1
mesey,1
dreck,1
krivam,1
verstappenberger,1
vectranolemia,1
propped,1
ckx11,1
acde,1
whyttothithe,1
dromedary,1
contribui,1
xoculus,1
23m,1
rtrr,1
270f,1
sophism,1
projective,1
interruptions,1
associativity,1
authorized,1
frijoles,1
deciditions,1
abaciic,1
vecodings,1
gebhardt,1
arrangementsare,1
throughthe,1
mrrr,1
doodles,1
giuz,1
meck,1
byometry,1
brivoux,1
lidding,1
uddord,1
erisidon,1
dak,1
lmalaysia,1
boudoir,1
admittance,1
wen,1
kurzberger,1
gaped,1
hammersmith,1
chafed,1
crooning,1
eatem,1
interneting,1
knacked,1
marty,1
reel,1
halley,1
paung,1
enimos,1
polarizers,1
baggurirlsland,1
whelping,1
sailwherea,1
sprightly,1
toil,1
embankment,1
aby,1
mfd,1
vsnchrip,1
galevance,1
blabbermouth,1
cleopatra,1
chicasa,1
sayah,1
vancomycin,1
amioux,1
svyabatas,1
broomish,1
figs,1
rfjk,1
vpv,1
crotchety,1
ues,1
starfly,1
preimage,1
redlineage,1
wavnt,1
handle,1
legroom,1
unsure,1
gremlins,1
wireswold,1
africado,1
pillaged,1
boiled,1
calledonce,1
accurate,1
baloon,1
whyyy,1
0015,1
emberspring,1
paradisiacalisation,1
atascariate,1
nonenumerable,1
glitchy,1
subways,1
drifters,1
agj,1
chefs,1
springcleaning,1
byga,1
alie,1
ulightic,1
menschaucher,1
grnecht,1
supropathos,1
pw,1
resampling,1
jusess,1
ojibit,1
abbracado,1
conficierno,1
italia,1
randomness,1
s3e,1
davinsons,1
nonlogic,1
windswept,1
gashouse,1
rechnued,1
ojusvoord,1
rijksmuseum,1
nieuwenden,1
richel,1
blaustein,1
timp,1
masts,1
accreted,1
chapters,1
abasc,1
kattholemona,1
hightails,1
garfield,1
lm16,1
chamberedat,1
15a,1
brodys,1
6051,1
972,1
365m,1
lexpense,1
manchise,1
knor,1
ddos,1
rae,1
raiften,1
dauvault,1
st3u2,1
ts1t,1
gdc,1
mhz,1
weizhenschule,1
cntes,1
yugoslavovarskhomme,1
dbexyd,1
ctauuleanceale,1
parallelliamepth,1
helsinki,1
fcr,1
fcn,1
dmultiv,1
tw,1
glocksky,1
rome,1
lippincottel,1
cisterns,1
frizzies,1
cin,1
plei,1
older,1
oea,1
imbedded,1
pressur,1
rieglund,1
bestar,1
turbines,1
posthaste,1
infrauss,1
belfer,1
1259,1
loudest,1
jungleall,1
acclimation,1
followeds,1
1071,1
yaneye,1
cepanic,1
jn1,1
hfsgfaoffbb14000u8scdaabcf9cad0011d05,1
stray,1
duckxant,1
pyz,1
xapril,1
whatsthefuck,1
dtag,1
borl,1
shuffleset,1
baseline,1
subnaulette,1
warded,1
underno,1
tucking,1
gahzacko,1
itunes,1
stickers,1
chosls,1
sjdt,1
kkltivodsk,1
abcaaa,1
bacamates,1
closebyeball,1
mbrt,1
speedway,1
thrusting,1
quaternion,1
doubleentiordirectionalinversequad,1
unturned,1
uo,1
0520,1
phienicized,1
kuwabata,1
bland,1
loewitz,1
invariantness,1
koffee,1
subfolding,1
metrology,1
ltu,1
mvil,1
waterloo,1
tyranas,1
saids,1
macon,1
arbovacs,1
arcta,1
darwinian,1
cron,1
achilles,1
loosey,1
functuary,1
chitch,1
vise,1
lz1,1
grazie,1
testnet,1
motorman,1
xsiii,1
bundal,1
complaining,1
hemih,1
slsis,1
fbing,1
waan,1
iommupport,1
pjning,1
esen,1
yaemulsky,1
entendry,1
maculduck,1
instructums,1
lapis,1
dscents,1
yohimbo,1
gogyabitch,1
bicarbonating,1
stunted,1
21,1
26,1
29,1
32,1
33,1
34,1
38,1
43,1
slices,1
equalto,1
subsetlets,1
vauve,1
jmph,1
alrodt,1
chillwave,1
tightrope,1
lockscreen,1
huauen,1
honed,1
america,1
ipsidoux,1
mouvement,1
idaux,1
petersen,1
existendi,1
oppr,1
brillant,1
tendons,1
savers,1
afin,1
njies,1
sierras,1
sangre,1
18f11,1
w04,1
chopr,1
xxzzhxxx,1
nightwith,1
nonconvexial,1
siphonous,1
spainting,1
m6,1
domin,1
refsize,1
leer,1
macchiato,1
claret,1
byong,1
chocolate,1
tpnt,1
ao3,1
wizened,1
baciccon,1
makatasala,1
mathematicas,1
azureblue,1
murcia,1
duvalier,1
whattaon,1
sesshomme,1
chou,1
menshinjizen,1
dokkina,1
beaux,1
caiaphant,1
niszymotic,1
baming,1
zab,1
pectorals,1
consommed,1
olly,1
sucka,1
bagpdeqflt,1
haaaaaahhhh,1
devilish,1
giatta,1
itable,1
chosennause,1
huis,1
allemagne,1
propre,1
oberwill,1
wallerau,1
thieme,1
berschle,1
isnumbers,1
satu,1
tambi,1
oltage,1
josef,1
armelles,1
appellables,1
automiques,1
chevel,1
retchos,1
pianoes,1
entenduires,1
gions,1
marconis,1
lor,1
hcid,1
hjihlt,1
jimiiadh,1
thntf,1
russon,1
badgtp,1
falder,1
cayrundreo,1
falaise,1
protheorico,1
pourrait,1
halore,1
hahrt,1
footrest,1
dreyfus,1
riddle,1
swampy,1
gate,1
panties,1
foxhole,1
derbies,1
ncd1,1
nptypes,1
sevival,1
lbd,1
outf,1
waterlogged,1
pma,1
undressed,1
miaime,1
alchemna,1
proprietary,1
drab,1
staychord,1
nakimabe,1
shiho,1
cheonin,1
taizai,1
yume,1
haien,1
aufgabe,1
figaro,1
euclidian,1
tn2s,1
sett,1
axydial,1
caffe,1
harbinger,1
gargantuan,1
rtort,1
dereference,1
lypsos,1
fags,1
skinning,1
retconned,1
urela,1
wk3,1
yid1,1
suimpascites,1
bayertau,1
abacique,1
stoice,1
stews,1
inorem,1
divt,1
gavs,1
eqrt,1
rkz,1
timeouts,1
monokai,1
lmlt,1
flinner,1
tarynger,1
knelt,1
looooool,1
patricide,1
secluded,1
poplarwood,1
funct,1
dier,1
gess,1
soundings,1
hyperactivity,1
disgusted,1
lagrangians,1
metam,1
fomos,1
semblablec,1
phoebusier,1
eyestry,1
olthe,1
d20,1
sundaymorning,1
oooooky,1
bardo,1
unsecured,1
bannago,1
achcd,1
ilt,1
plumped,1
cricketundaughtwe,1
3x4p1zzgjyzfzxxhbseoxhmd,1
yau,1
heather,1
infantile,1
locutions,1
adain,1
castle,1
boulder,1
orgiesrt,1
guttural,1
pjs,1
scntk,1
idcty,1
erwelt,1
dairy,1
entenduer,1
chamborta,1
homomorphial,1
homoclines,1
paulo,1
jude,1
weil,1
0x01a00fa1,1
xeroblog,1
macbookpro,1
micsluggable,1
afdt,1
macleod,1
throatless,1
beesnakes,1
mane,1
blowers,1
beckones,1
shoveling,1
doesnve,1
skated,1
stoolhomme,1
festus,1
arctosaurology,1
dekeney,1
ciudad,1
canel,1
izemos,1
nuertes,1
mortis,1
skating,1
acraps,1
computing,1
cntf,1
sgp,1
mpv,1
blowdrip,1
forelimbs,1
feebler,1
blackmonstrosity,1
limbao,1
okaberry,1
umsaye,1
trident,1
vineyard,1
screeching,1
evaporating,1
1xxid,1
idll,1
jane,1
formarray,1
pillowed,1
lemming,1
nymphat,1
ringer,1
pouts,1
twinkling,1
51ms,1
pyglets,1
thym,1
mauritoidoshailandrevagannaalevaraisiolemonkeye,1
gl,1
farcical,1
calloused,1
education3,1
shed,1
emergency,1
assessor,1
voally,1
smoothies,1
mattangaem,1
nicherwell,1
rainier,1
amillion,1
sandas,1
disease,1
sixway,1
achellget,1
isideal,1
luggage,1
oomph,1
opyright,1
doorssarah,1
devo,1
wansnt,1
charahaha,1
bbaaally,1
magically,1
ubiliarity,1
locus,1
rightarrows,1
ghosting,1
unmaintain,1
studie,1
abolati,1
broe,1
uniformities,1
yippo,1
opn,1
9h12p,1
noce,1
tt0,1
kyzzz,1
unafa,1
manageram,1
ycd,1
fai,1
hufuizhinuziho,1
russetto,1
readiness,1
607,1
iltzymolality,1
nervous,1
eqxial,1
afghos,1
felden,1
aptly,1
hambing,1
nerds,1
squaresabrisons,1
glazes,1
stainings,1
neeson,1
raptors,1
broodmare,1
yonkes,1
blueish,1
rtnocturnal,1
humeian,1
alls,1
szs1r,1
davi,1
ilias,1
odko,1
armband,1
wakejizz,1
lin,1
43ohrw,1
forehand,1
18u,1
cooose,1
tjokpo,1
nakpap,1
linaa,1
sinken,1
berden,1
gebiete,1
festimens,1
siederungen,1
nachser,1
rippen,1
econometrika,1
wendelauten,1
verso,1
ursprudente,1
beo,1
gesellschaft,1
vedraenii,1
enz,1
wmalagridge,1
wedgy,1
abak,1
bonsai,1
playboy,1
oto,1
1kbps,1
maclyander,1
chevenoux,1
wharves,1
bersey,1
stegma,1
lollap,1
izplek,1
css,1
tokaoi,1
mcgurry,1
kqh,1
bursashe,1
bra,1
operdo,1
sylvie,1
jacknife,1
phiapoulet,1
autobahn,1
gobyways,1
p1p3,1
m1400,1
daltmacher,1
didnn,1
buzzers,1
twitp,1
minorhrodude,1
borstal,1
pharconys,1
abaaa,1
siting,1
mewtwogoes,1
dagraabb,1
cbcddda,1
koppel,1
reidy,1
infringement,1
belundue,1
mabeu,1
wristwatch,1
cambodial,1
ccd1115,1
obscen,1
verbegeleichte,1
maurit,1
viaduzd,1
vidim,1
arkaby,1
criminally,1
barks,1
110ual,1
mauding,1
eclairoux,1
spole,1
abordante,1
willinga,1
fatality,1
oxydabutu,1
pcs5417,1
sweden,1
csg,1
pseudoenumerable,1
77,1
78,1
cheetah,1
pags,1
lessay,1
environnementen,1
capstone,1
domeview,1
withinglows,1
s1104,1
y17,1
tyrannosaurus,1
rex,1
powerclk,1
adapts,1
fahrung,1
genevaert,1
hofbrueckenfabrik,1
fahrwrt,1
allusion,1
wie,1
bremer,1
kewels,1
bumming,1
a3m,1
mileepropin,1
bedeval,1
ransacked,1
skipblox,1
barbaraiday,1
96,1
indifferentfully,1
lillee,1
mages,1
tins,1
mausalev,1
resident,1
nadler,1
sanders,1
mnau,1
freesia,1
eqcords,1
roos,1
weingarten,1
twirl,1
brows,1
goers,1
wearier,1
dems,1
gunn,1
5mins,1
illuminant,1
hairss,1
spectators,1
pence,1
stinger,1
bandini,1
essen,1
weizsberger,1
wendung,1
spandau,1
ulcers,1
ifnt,1
marling,1
agencies,1
abcs,1
mopcatchrealism,1
lusittanus,1
2ffc1,1
bddbb,1
dabcbb3,1
fmonodel,1
wainwright,1
easterntimetp,1
rangham,1
bihocken,1
lovelyminds,1
lils,1
graza,1
goest,1
raided,1
cusack,1
eep,1
biographer,1
ouould,1
kantseschein,1
snapretting,1
tires,1
passions,1
lizards,1
kopg,1
champae,1
realitys,1
drom,1
conformist,1
harris,1
mongrelmidnight,1
toaff,1
msettles2th,1
thiond,1
boltpack,1
organellas,1
alsoel,1
syslog,1
diy,1
multivibrations,1
xclark,1
proofreading,1
17f,1
homolinear,1
fsh,1
mammoths,1
indelibly,1
piercyclic,1
acceptances,1
affirmation,1
dindialbei,1
herauschau,1
erwenden,1
uid,1
nttal,1
gerrand,1
christenson,1
ak47,1
nonintegral,1
wonk,1
oakey,1
acolysts,1
latham,1
nyah,1
romanese,1
consonantals,1
mlnings3d,1
m83,1
dtls1,1
8ms,1
intersectionality14th,1
discovery16,1
consistencyiurolometry,1
distanceman,1
poppenfels,1
footway,1
rras1,1
swizzler,1
sabe,1
otha,1
rollins,1
cheerleader,1
freshest,1
jijjrt,1
amiibo,1
simplicities,1
centerfold,1
resplendency,1
miweurl,1
bleeds,1
kornel,1
ratty,1
tuneup,1
2pae,1
8mins,1
stiftungs,1
raignson,1
charmer,1
bimbo,1
philippoouxmenhains,1
sungorurn,1
onyx,1
haitoscope,1
dajaskara,1
yrne,1
zagrevi,1
handers,1
pyjamas,1
maggot,1
whittier,1
goonsighters,1
firecloand,1
aya,1
affviii,1
agmpyr,1
ffordo,1
nngh,1
bummer,1
gullible,1
iup,1
rechtsduck,1
tollstofft,1
entbrokten,1
breitung,1
geordliche,1
propvivid,1
selda,1
dizconjunctio,1
omgggggggggg,1
rol,1
toit,1
pol,1
sconker,1
sonntagschnitt,1
v4v4,1
roughe,1
enact,1
1942,1
xyc,1
teabag,1
armidoes,1
cge2,1
stopcd4,1
willa,1
bends,1
indemnity,1
thunding,1
hoppers,1
bloodshot,1
pierogies,1
loon,1
firebats,1
hmpaa,1
kzzm,1
ltrt,1
nhkcxlqrjov,1
cicd,1
dismissing,1
tay,1
baffled,1
suratjecta,1
pyrosmphys,1
fbr,1
melville,1
burnett,1
hightail,1
dryeyes,1
forthe,1
homine,1
korn,1
wyff,1
babysitters,1
wmovzw,1
theyrent,1
tihm,1
upna,1
shir,1
tornadoes,1
dictionaries,1
checkmate,1
hzm,1
shm,1
lothrop,1
adresses,1
glacr,1
sn0dgte,1
tomorrowendday,1
radeon,1
matlograms,1
tops,1
leewardeeee,1
huddle,1
cipherss,1
pwy,1
binomialit,1
sqlite,1
sheaf,1
zyra,1
flattered,1
bobbin,1
ifulum,1
jasonwalker,1
whitewater,1
whoas,1
lefthand,1
threroseitzes,1
abactinio,1
migga,1
downstairs,1
toyou,1
estam,1
elio,1
casa,1
vingilla,1
lvinde,1
chirpy,1
giiight,1
whd,1
bodyroom,1
runway,1
huld,1
acrnw,1
gahciel,1
exteriors,1
subkorean,1
mmp3sx,1
rtiles,1
showst,1
seest,1
abare,1
monsoonslt,1
faintv,1
cdl11cdgxxiiiiaaux,1
vico,1
xliii,1
elumnus,1
tympanic,1
count4,1
v1c5a,1
strl,1
enchanterly,1
raubauden,1
nadee,1
reactivate,1
laughed,1
lauv,1
komba,1
ltosnap,1
hoxie,1
leclerc,1
llnt,1
guio,1
yahin,1
teenaged,1
arrabanga,1
metamodels,1
beauteuf,1
ruey,1
shard23,1
videoed,1
heijden,1
fasnap,1
waites,1
mc,1
phat,1
comically,1
contorting,1
ltb,1
subbranches,1
hangings,1
oclastic,1
sessages,1
dalags,1
mauel,1
gist,1
freundes,1
hofbrauch,1
wimmonferrrrt,1
softness,1
deadliest,1
snowsea,1
a05v,1
maf,1
saoid,1
isextractsemanticderiving,1
alc64,1
papella,1
reusability,1
dompsonsci,1
chowing,1
bunker,1
huysualgious,1
eastwards,1
aaa00,1
woa,1
erebus,1
byyyy,1
upic,1
yesssshhhh,1
ssg,1
foreachalternateforallweld,1
deckwork,1
dtech,1
acrosection,1
meman,1
lierno,1
ght,1
zusambei,1
doner,1
frischfeld,1
hofstaedt,1
satterthwaite,1
363nd,1
edn,1
caveside,1
surprisingly,1
dbf,1
noncongruent,1
madal,1
walle,1
kanten,1
stonebest,1
whizzing,1
foghoul,1
fairytale,1
bw,1
wb,1
angle2,1
dirichletsch,1
20n,1
fjh,1
bdt,1
lenfantile,1
glean,1
dydab,1
kolk,1
ravingsheva,1
implicably,1
repackaged,1
stampeding,1
maigrda,1
mungoing,1
vibratories,1
weighed,1
carburetas,1
maintainthmic,1
llambe,1
macpherson,1
rcr,1
yendar,1
climes,1
blomberg,1
wiley,1
exhales,1
1mo,1
glassrelease,1
semiprecessive,1
takkalala,1
rjx,1
gisbourne,1
abclassos,1
abacieuplex,1
faucet,1
aficionado,1
xrange,1
oleanderhavings,1
makimipulso,1
hoult,1
elysian,1
serviram,1
astrabits,1
whenthe,1
pli,1
saoux,1
electrop,1
rendus,1
raukas,1
meis,1
elkwood1997,1
chafing,1
alvarezmonkey12,1
floatingly,1
simpaticoresponants,1
nish,1
nouldneue,1
loooove,1
gea,1
drosophila,1
boldface,1
mammals,1
zi,1
sina,1
kom,1
lauch,1
tp2,1
pln,1
matinee,1
moeratto,1
leitung,1
vellen,1
munchkins,1
logorce,1
nears,1
teapot,1
twinkies,1
haskelin,1
cmd,1
20f,1
idemm,1
l0,1
deer,1
ghalish,1
painkillers,1
srtf,1
hussein,1
ack15,1
rtting,1
passos,1
christi,1
sepulchre,1
johnnie,1
jean,1
flyboy,1
ephenoneal,1
3c1,1
xcjrtn,1
bufs,1
axkai,1
afting,1
sash,1
veggie,1
chemise,1
abacibi,1
caucdo,1
semitoneals,1
gluckstein,1
mas,1
visor,1
agonizingly,1
lizzie,1
wefting,1
dicked,1
leu2ns,1
nag,1
moam,1
awakistan,1
explainers,1
beets,1
matti,1
maya,1
ido,1
confounder,1
ppaai,1
motic,1
socs,1
announcenew,1
gona,1
rtives,1
estimation,1
relatingwimple,1
withgoulefdom,1
genuflexing,1
cutings,1
36hrs,1
threeple,1
cappin,1
dahahaha,1
peru,1
confectionary,1
dissipative,1
cutty,1
gsp,1
veneto,1
zombiography,1
sittine,1
coolkool,1
reticos,1
burdened,1
subcategories,1
mamm,1
excluding,1
aquitaine,1
multisubropy,1
jakubils,1
yamams,1
mariners,1
gaggled,1
didnnt,1
interrupted,1
cantabria,1
bicrodectonology,1
kbbb,1
pineal,1
twitconology,1
crocka,1
jabulance,1
caribe,1
mornay,1
dreadfuck,1
acs120,1
hacksen,1
folgad,1
discreetly,1
telegram,1
tripled,1
clit,1
chienin,1
statistic,1
ulden,1
itasca,1
figis,1
klimti,1
videt,1
sabb,1
quixote,1
p3x4,1
u2073,1
vodels,1
subthymic,1
supie,1
venir,1
javari,1
eletion,1
tremors,1
mant,1
cosina,1
ndrape,1
bofh,1
spectrometry,1
welpr,1
koolhaas,1
ethel,1
wandsall,1
opio2,1
b5,1
thosis,1
imnt,1
staringa,1
thisarrestme,1
raad,1
karyginical,1
exalagon,1
waaaaaayyy,1
definatley,1
thrower,1
ryou,1
mapher,1
macd,1
intoxicating,1
liju,1
aaaaff,1
paula,1
catallow,1
nsw,1
mintel,1
affably,1
dissatisfied,1
shittier,1
isadimetric,1
taife,1
roseiander,1
lykkenborn,1
jingles,1
2f6,1
malsons,1
tmrwttt,1
shinkai,1
moosfahrt,1
hangering,1
kwai,1
pthen,1
axiality,1
clamp,1
0e,1
gifford,1
blundell,1
goonray,1
practicali,1
lyrecorpsivism,1
champion,1
beiru,1
decompositions,1
kronach,1
tollinger,1
vjy,1
zv,1
nonrecessary,1
ln3,1
hnah,1
xxviiii,1
karyvalu,1
cept,1
nozzler,1
rhythmate,1
ballistic,1
chows,1
facedown,1
nubuck,1
underfly,1
amcdt,1
abcdef11,1
affectives,1
vignette,1
vedaily,1
batus,1
crappiest,1
settled,1
limberly,1
pash,1
definatonial,1
furnace,1
bore,1
boltons,1
27899,1
sd20,1
finkmann,1
conjunctiv,1
crojbckman1997sted,1
rafao,1
malaise,1
delicacy,1
speedos,1
sprinkler,1
convective,1
archievais,1
prae,1
portant,1
trop,1
illumin,1
fowlers,1
conch,1
contributors,1
trifold,1
backer,1
kindial,1
cx,1
macros,1
pixie,1
rtch,1
piglet,1
nightsince,1
manyy,1
kdckplt,1
xhdlr,1
pokeyface,1
drenched,1
prostrate,1
mari,1
tian,1
fimply,1
hahahahh,1
ceisony,1
neighborhoods,1
strathclyde,1
forthial,1
sunnyside,1
tarpley,1
xes,1
thnh,1
viidijon,1
backside,1
jakob,1
anopercess,1
timberlake,1
ottoman,1
hjhov,1
p0h,1
museating,1
mattin,1
berkommando,1
partei,1
bersetz,1
imoen,1
hovered,1
exarico,1
551,1
chuckbag,1
nicet,1
gabalta,1
authorship,1
r2x,1
cmpcf,1
5to,1
lymph,1
2fymth,1
defini,1
xu2x,1
ppopcalo,1
abacusio,1
quil,1
entendres,1
aufklug,1
brodershein,1
sozialenfahr,1
na2,1
acep,1
boyfriend,1
hieronymo,1
diauen,1
niet,1
lt3rt,1
hunehrer,1
dbxoymis5,1
ughmmm,1
verymuch,1
langevins,1
dokuznezny,1
inadequately,1
formulated,1
phakult,1
gebrung,1
zauchverbeihrer,1
kommt,1
poleaus,1
bandal,1
riveault,1
lest,1
abp,1
distinguishably,1
cladological,1
dengle,1
franceaux,1
pixivoli,1
citizen,1
savile,1
sotto,1
clmnot,1
parnass,1
jens,1
yyyy,1
snowmobile,1
fauxhueds,1
abakar,1
wealth,1
pizzzz,1
egfz,1
metrodome,1
bracelets,1
rockfalls,1
nearbys,1
mrtm,1
rauchst,1
entwicklommens,1
euclidic,1
11711,1
dido,1
ceylon,1
icidata,1
enh,1
farmer,1
ursprungen,1
syschien,1
cyrillic,1
everybody,1
hummus,1
underline,1
k3n,1
xcm,1
subtrees,1
association,1
pubkeypairs,1
chicagotes,1
released,1
enhancings,1
crayons,1
abrtish,1
nowl,1
entwickthale,1
heimatt,1
ungrund,1
gegewindel,1
sensitivly,1
574,1
lifts,1
cd16,1
germs,1
yeakel,1
uitz,1
furnaces,1
tbeosrrllntuadhthert,1
hofmayer,1
tung,1
ltah,1
authorless,1
disgusts,1
duchy,1
amis,1
16th,1
stopi,1
simmering,1
stetsons,1
tijuca,1
muslim,1
eardrums,1
manhole,1
cd11000,1
postleaves,1
rndst,1
leafright,1
ventual,1
radii,1
cd50,1
trubel,1
xerosis,1
severalfold,1
orginalsydian,1
blancher,1
haue,1
floes,1
hornby,1
miuser,1
iniases,1
envitised,1
yellowwood,1
crease,1
philthyosaurs,1
splaying,1
datetimesmono,1
tiphutto,1
acci,1
beholdthe,1
zoloft,1
xkendall,1
biding,1
alows,1
tormentedium,1
uavf1773,1
libret,1
stargazer,1
chtungen,1
townline,1
spatiotapedel,1
n00b,1
abcdefgharb,1
arcbutt,1
beagle,1
m9,1
vsan,1
disqus,1
abacsology,1
marciel,1
rtmoose,1
threadered,1
confirminate,1
lencog,1
innes,1
voyageau,1
bushy,1
ipped,1
trenches,1
rtlet,1
opossums,1
yermit,1
dressing,1
homeostatic,1
rndx,1
3dt,1
midafternoon,1
ardour,1
teresek,1
rockets,1
avoirdupoiss,1
oxonabutin,1
barrera,1
dgays,1
612,1
winkle,1
carolina,1
jackhammers,1
feuilles,1
cbca,1
legebruns,1
gcliraczy,1
tintup,1
dattas,1
plodman,1
p589,1
mono2049,1
bd1545,1
foldc,1
aluministic,1
dirham,1
testimonies,1
allials,1
flipside,1
trainwrecked,1
goebel,1
raves,1
verbeilung,1
ttup,1
exhausting,1
sortling,1
monoxide,1
whippetepoints,1
poppler,1
hddav,1
moocherpinski,1
kinne,1
impenetrability,1
5x5,1
rnda,1
haleleaf,1
tatoo,1
corps,1
midiage,1
boulangerlet,1
ronde,1
l15,1
pduic,1
confl3e4,1
vapid,1
frags,1
adopting,1
cyacin,1
rootedness,1
hunching,1
audiotapes,1
ambiance,1
ragazzi,1
spiny,1
enginnium,1
1dimensional,1
crusted,1
nonirreversible,1
trismegist,1
barfly,1
karyosked,1
weltium,1
pasting,1
jagus,1
cd3rd,1
a05ic,1
cheerfully,1
owlets,1
scotland,1
unilateral,1
76,1
magneti,1
unless,1
differently,1
stoiomorphism,1
abent,1
interdimensional,1
jebusnietzahfastway2,1
fq,1
gcdis,1
weiemann,1
norder,1
rony,1
niable,1
dooh,1
redon,1
k8,1
fldaless,1
fred,1
cropdeck,1
xcrap,1
highlights,1
disorganisation,1
ochowicz,1
ebbetsonian,1
lcpl,1
whenciently,1
diva,1
daten,1
maru,1
herzegood,1
nonehobblie,1
ode,1
justdo,1
feature,1
skyharing,1
noobly,1
feasibly,1
contrib,1
tableview,1
shyness,1
eyelid,1
pertain,1
celetics,1
hoppa,1
pdo1211,1
abandiga,1
monosubstantialian,1
1938,1
herefor,1
horseshoe,1
shuttling,1
intend,1
zsample,1
au2h,1
moncari,1
suprisingly,1
ac04,1
peri,1
perl,1
kindskating,1
fray,1
sinkers,1
yor,1
multiplicative,1
deoxidised,1
venereal,1
material3,1
suchll,1
wendt,1
geertz,1
dabb,1
gga,1
caixi,1
jubilant,1
stairways,1
m5,1
thorne,1
dtschoen,1
qrt,1
sclau,1
pamplea,1
bankala,1
sediba,1
lololah,1
moraine,1
polarized,1
zdr,1
oq,1
rapaicohrecords,1
sar,1
senfants,1
nosebleed,1
inlets,1
summery,1
thses,1
kurzweils,1
edmonoscioph,1
burnhams,1
approximably,1
canyon,1
inversely,1
binitmultiplyscopes,1
btihun,1
cch,1
constituent20xxotabata,1
perriers,1
drosoph,1
strangulation,1
revolver,1
smp04,1
cymbals2,1
x16,1
creuset,1
nnegative,1
irvy,1
screwhead,1
foretack,1
unimpressive,1
dari,1
stacles,1
aridos,1
logsolle,1
sative,1
bandwagon,1
brutus,1
diffrential,1
noncollision,1
lepers,1
zisb,1
giorgino,1
recorders,1
majorgin,1
ahod,1
confederated,1
overdose,1
intersectments,1
1314receivable,1
retracking,1
metropolisincidualizaci,1
environemodal,1
normata,1
clevegos,1
desexam,1
cagayanascape,1
cdi,1
naaa,1
biographical,1
alwahahah,1
keyset,1
amecial,1
cdckcd,1
endekmeisterchippen,1
trustme,1
gangz,1
saf,1
eqnafage,1
lenoble,1
xxxvi0xxii,1
swelling,1
male,1
accucredia,1
aborta,1
slipmyra,1
brothouse,1
shiiit,1
philina,1
affinities,1
niv,1
stateless,1
alexei,1
karpovskyi,1
bottier,1
trus,1
kindhermene,1
norm0,1
clasico,1
defacing,1
1time,1
4120,1
nadalldaysofanchoux,1
nad3,1
intrabrt,1
enterppk00073a1,1
suprunednapack,1
rayson,1
bbio,1
beunable,1
coelavale,1
eqylows,1
klines,1
haxe,1
campa,1
abaggio,1
ialialseros,1
bab,1
kalayaha,1
indigos,1
arcos,1
displeased,1
cbm,1
0x000,1
chanced,1
lecta,1
etiam,1
choppeda,1
semisonal,1
kniford,1
coiluconabra,1
balsamaha,1
vertellus,1
adaaccuracy,1
pagensen,1
viennas,1
acutely,1
2m11,1
crossfit,1
fs4n,1
xxspace,1
monday,1
littenden,1
romantics,1
siebelkommando,1
linguist,1
blasduckenfahrt,1
supraben,1
aptitudes,1
groaned,1
nug,1
tousling,1
deciduous,1
surroundings,1
favreaus,1
fraglets,1
anorem,1
kop,1
ppt,1
torre,1
walla,1
salutado,1
vocepa,1
mortes,1
trabajador,1
comunidad,1
consid,1
semimajor,1
interestedin,1
riva,1
cong,1
acipation,1
ebulus,1
hmmo,1
grav,1
ifascinating,1
liters,1
mauguies,1
defective,1
paulieuard,1
saatchit,1
gleiche,1
russet,1
afadhs,1
alifluent,1
dideal,1
sawing,1
caps,1
patternic,1
credds,1
1985,1
geaux,1
arquitinsie,1
1q,1
control0,1
bta,1
afbc,1
alfaroux,1
guggenheimthe,1
rairing,1
blooded,1
gryllus,1
louder,1
tyreal,1
chanson,1
lho,1
wts,1
ohavgin,1
surltier,1
ana,1
mihlienen,1
sunwalk,1
whizzes,1
79k,1
lse,1
mne,1
breech,1
equentois,1
diaries,1
reconfigurable,1
covariance,1
disentanglement,1
netsimpedes,1
bastin,1
diu,1
innocantene,1
entice,1
immer,1
cas,1
rencase,1
freepeckless,1
neuilles,1
crimmins,1
italy,1
phoebe,1
avalancheam,1
pooaming,1
sicule,1
hanna,1
whata,1
spatter,1
enteringsa,1
beguiles,1
fretzschmid,1
aig,1
wets,1
swab,1
etherealwalkery,1
ksii,1
kyate,1
ikalsakade,1
schule,1
entage,1
cheezebush,1
ryuceu,1
sl,1
stuf,1
0rw0n,1
pyramidsa,1
pbb,1
proveance,1
stilettos,1
allocap,1
audion,1
electival,1
nonlog,1
kspace,1
vfbversion,1
ectile,1
circumferences,1
bisard,1
assortoires,1
lymstrom,1
porthos,1
schmid,1
oslo,1
stockholm,1
frot,1
eqimacy,1
alchemising,1
kalays,1
sliders,1
bridged,1
garcia,1
faaaaaaal,1
hamish,1
deckin,1
sultana,1
refract,1
lmvj,1
langia,1
mycocodes,1
kcl,1
sperling,1
binounds,1
lidus,1
harnett,1
leroy,1
perusing,1
cloudie,1
likehin,1
micromatching,1
cnckwitz,1
demounted,1
ledges,1
alasden,1
jmbmph,1
ebk,1
topoints,1
arching,1
shorlines,1
controlh,1
daigrey,1
af3,1
covalent,1
msda,1
xbarb,1
abcr,1
unamendedly,1
lowercase,1
dereferent,1
weimander,1
bazens,1
interdependence,1
boththe,1
ambitions,1
amina,1
demure,1
spm,1
chancery,1
divims,1
unblendable,1
determinate,1
decoratingscenery,1
bersket,1
arbovox,1
infrasound,1
meshk,1
3exlarge,1
lora,1
wamolaln,1
ambition,1
georgino,1
rabb,1
commutes,1
russchweil,1
agglutinative,1
sclkappa,1
hardconceited,1
ratface,1
spacespacing,1
shileeche,1
koto,1
hmz,1
glommingrabble,1
peruvian,1
enthralmed,1
cheesecake,1
supressed,1
interspersed,1
savage,1
gull,1
twittering,1
congeneric,1
helical,1
clercourse,1
interme,1
desnes,1
gratis,1
eqmaginal,1
cookelin,1
vnmp,1
xvpp,1
lt1,1
stump,1
mozzle,1
immaturity,1
lucretes,1
abci,1
umpired,1
lemnth,1
cessthefar,1
abf5zs,1
mea,1
hieromolecular,1
bisectoid,1
canphi,1
grossings,1
yop,1
chl,1
higgs,1
ppw,1
macauva,1
feasting,1
tweed,1
comof,1
keble,1
snacking,1
flyer17120,1
wetlyensign,1
waggonsgarten,1
38615,1
attar,1
bcw,1
meph,1
lawhomomorphisms,1
omials,1
pppical,1
p28,1
locksucker,1
maxson,1
yeas,1
divergence,1
apfs,1
maural,1
dish,1
watermark,1
dismount,1
ities,1
elfy,1
peels,1
runna,1
tinting,1
eucharist,1
devious,1
bjstorell,1
dropbox,1
lengthen,1
raufaept,1
majorgunships,1
uram,1
cheon,1
stav,1
nordre,1
hagle,1
joyen,1
brei,1
patte,1
autoencod,1
monthind,1
aiq,1
perms,1
satiate,1
mumbled,1
subsetions,1
domestichkeit,1
crackling,1
bringed,1
reath,1
frogs,1
encore,1
ume,1
thommes,1
soufer,1
arbeid,1
patattent,1
invictims,1
nouveaux,1
enfants,1
aussit,1
repainting,1
rements,1
sophistry,1
garbledimagine,1
messengers,1
tfaw,1
ojjb,1
eastclimbing,1
begincorrespondence,1
depictational,1
1946,1
coquards,1
xm3,1
4s,1
thrufords,1
www2,1
0llnd54,1
indexisole,1
docuendos,1
ponce,1
dellesta,1
regarded,1
cebulsky,1
mauricet,1
reassembly,1
divents,1
abasakashvilis,1
eisner,1
signa,1
shmiho120,1
carboat,1
icle,1
prologram,1
ralie,1
lecon,1
jags,1
ihi,1
limiol,1
alaxic,1
vagrant,1
automated,1
blended,1
adapter,1
tirolikes,1
ecma,1
rpso,1
automatical,1
chapelle,1
elmerich,1
tookemakapicoacrobat,1
gorgia,1
tellingly,1
invictic,1
indomitable,1
datum,1
hsqu,1
refn,1
paredash,1
legendaux,1
bcg9,1
ack4,1
nonprovinces,1
pudge,1
changin,1
raygun,1
blowfly,1
ripened,1
flyovers,1
cornrows,1
jms,1
hmight,1
stalice,1
anastasio,1
refitting,1
oint,1
pref,1
nesleip,1
mountainsadhvathawandabroadshanjamesymddeb,1
pfaauf0,1
digg,1
subconvect,1
drugged,1
hutch,1
groggy,1
newborn,1
plugs,1
jessie,1
kommunier,1
stadtschule,1
schuld,1
ullauf,1
makufsky,1
wabliche,1
erletig,1
verbeulter,1
30pa,1
ju,1
po3,1
gle,1
biotechnology,1
brunswick,1
5jms,1
gzr2,1
ytzia,1
homobase,1
suesser,1
fouchoux,1
fx2,1
here56,1
prishel,1
villa,1
sneakers,1
nonmonot,1
lmg,1
vechikulas,1
tarring,1
tingtao,1
arimatico,1
chate,1
enhieux,1
chambronque,1
camardshire,1
coincidentally,1
ginewood,1
germonism,1
preconstants,1
azii,1
judgement,1
graphy,1
toshire,1
0008unaid,1
girrrry,1
tastes,1
mezzah,1
2720,1
concourse,1
iphthimension,1
noemoto,1
tasuke,1
xidot,1
therefrom,1
eq71,1
rtrosrhane,1
adonous,1
tancon,1
yb,1
underlined,1
isar,1
pixal,1
cowherd,1
faunus,1
domesticated,1
chandler,1
ackger,1
pushed,1
strangled,1
pilots,1
spiegen,1
roundabout,1
44kop,1
factorio,1
storey,1
coercionxive,1
buncheon,1
steak,1
c120,1
11000,1
verbeichelt,1
newell,1
bugichetes,1
bibl,1
professorialcalytic,1
clemence,1
campilly,1
crayon,1
louise,1
crimenology,1
moudy,1
oantarms,1
ch91,1
labour,1
sysakonian,1
veile,1
diglitude,1
eqav,1
supersluge,1
impregnated,1
vsm,1
isochronology,1
anzac,1
inptitude,1
comprags,1
libby,1
enology,1
qd,1
eqidn,1
yers,1
haiiiii,1
roping,1
beware,1
dominatrix,1
duvet,1
iaahhhllls,1
vijend,1
ducken,1
limbielscht,1
lidics,1
sincey,1
repulsors,1
6xaegiswhere,1
0determines,1
hlarspl,1
euclide,1
skyball,1
suomi,1
aviationally,1
55587,1
ndr,1
eyeprope,1
ingsho,1
topmost,1
amm,1
rtile,1
verticals,1
rel,1
windowhammers,1
stage2,1
priorc,1
kvy,1
trabpx,1
octopi,1
bihut,1
barinate,1
thansurin,1
muirid,1
yeeloped,1
compritsorem,1
streamlines,1
trajectoidal,1
9000,1
thundra,1
gooneworthovskie,1
toothless,1
median,1
xcom,1
regimes,1
aspicion,1
thed,1
bremen,1
bcc,1
range1,1
shoppes,1
chsc,1
curtained,1
ightar,1
upwardsthrows,1
permacorns,1
gingers,1
looters,1
trisie,1
sunlightivest,1
eqiomatical,1
nclair,1
ampitheatre,1
lbce,1
aureole,1
tempschlingen,1
coinsurance,1
roma,1
renamely,1
hofgarten,1
flyavant,1
moorga,1
logbin,1
improvementpostgresql,1
wq,1
cosiniscence,1
bores,1
psilon,1
abend,1
nalto,1
cad,1
dt2,1
quon,1
coni,1
adx,1
javane,1
hob,1
baba,1
raatata,1
duurafar,1
rodit,1
liye,1
nebhbrauch,1
fca,1
sapientialien,1
salle,1
zona,1
venis,1
rtfa,1
hackles,1
wv,1
gots,1
metricalaveszymptotic,1
elvesen,1
meijden,1
olecule,1
illbe,1
pleese,1
threax,1
propd,1
thoughttime,1
tales,1
subsetsz,1
hiih,1
apatowski,1
abcdefghapter,1
phf,1
cai,1
agh,1
clouseau,1
f14,1
ceilon,1
magazine1997,1
v2e1,1
severed,1
inhabitant,1
ecstacy,1
engenders,1
hividare,1
zek,1
mp4t,1
misremember,1
abaciiie,1
beeba,1
graphism,1
bauschlers,1
aho,1
thebes,1
nucleus,1
deb,1
inequivocation,1
doque,1
rausina,1
breadth,1
skydive,1
oppthe,1
bonaventure,1
tlines,1
mordend,1
approximators,1
catalophia,1
supryk,1
spillage,1
momenta,1
stattata,1
idst,1
freebsys,1
terming,1
gooools,1
artful,1
constructionism,1
mcmurtry,1
ceoletics,1
oonoke,1
tightas,1
psyrophysic,1
unaltered,1
rabdore2006,1
iphone8,1
ysh,1
untidgy,1
777,1
xxxxm,1
xyzz,1
inexistent,1
oxidectics,1
mathematici,1
baird,1
compactingly,1
yippow,1
vowt,1
acord,1
vidperl,1
nw,1
olin,1
endeavours,1
bcx,1
marion,1
rabie,1
blower,1
loafers,1
cuties,1
richthearted,1
sundae,1
choclocky,1
lacks,1
learneds,1
verity,1
united,1
equilibrationals,1
gzip,1
definimed,1
distractments,1
upona,1
heineken,1
riegelian,1
acakos,1
instruct,1
discordant,1
tricorder,1
tiphys,1
tray,1
daiiig,1
oatherell,1
gingersnake,1
suction,1
phantasmagoriapes,1
ltav,1
alternations,1
hudson,1
00fa,1
kralinda,1
sudenfants,1
maritault,1
aragonico,1
feschich,1
leutsch,1
bestrod,1
hoseaeny,1
mowing,1
wavent,1
tcdjek0004501,1
blanking,1
log2p,1
fzz1,1
v3rvo,1
agatra,1
mosscones,1
jawing,1
itude,1
armanas,1
kesler,1
ntj,1
satchipouille,1
unreservedly,1
sneers,1
trolsowanaivativavbobfid,1
15h05p,1
micsquared,1
invoices,1
chagnet,1
clara,1
nght,1
carbonyls,1
swallowed,1
pill,1
unreproved,1
dences1,1
mbk,1
lmprice,1
supervision,1
normm,1
ppaqaaaaaa,1
byymptotic,1
urefie,1
xialy,1
2ophi,1
afaraical,1
aisle,1
daafa,1
mpdf,1
frizzy,1
raveon,1
voudra,1
foulkes,1
manna,1
urne,1
moaned,1
tailormade,1
anookughts,1
buzzkill,1
mash,1
barbecued,1
raysmen,1
urivial,1
nonmodular,1
miury,1
moarten,1
ndition,1
abacusis,1
baryonoud,1
pool17,1
leptons,1
efluent,1
idllk,1
saddling,1
bourse,1
catenfauncher,1
repositive,1
eloped,1
cefore,1
byprop,1
quasipa,1
norwegian,1
fallows,1
urno,1
madrigale,1
ba0,1
gnuuufckung,1
xifc,1
msaids,1
ccdndt,1
irara,1
iiivuz,1
iphilvo,1
zavvi,1
viyivij,1
hora,1
haile,1
damir,1
fbffdlingfmhltca,1
uice,1
desiderata,1
kordrecht,1
eqpp,1
oberthau,1
knabbabierung,1
germanes,1
novembl,1
cathrodite,1
chemie,1
chevalois,1
duclexerts,1
misunderstood,1
volador,1
viene,1
tempo,1
kusulenden,1
lniagre,1
reworked,1
michels,1
dirgfsu,1
cinema,1
nuclides,1
centres,1
gegenoklinenfants,1
breivol,1
wavy,1
ra2026,1
phing,1
virollets,1
mollusks,1
seau,1
modeg,1
upcorresponds,1
alexeye,1
repletivos,1
guntier,1
longitudinals,1
marchault,1
romuald,1
ches,1
ahci,1
nadre,1
revolving,1
57,1
sac,1
imscrambled,1
ardtate,1
lycra,1
hsvldt,1
thaumaturgical,1
diesleidov,1
spanningbake,1
brule,1
routable,1
escrow,1
databanks,1
weighting,1
lockswhile,1
eos,1
sugared,1
canibus,1
catechismical,1
rusts,1
heroes,1
3x,1
1zz,1
intimidated,1
geq,1
asher,1
hess,1
ouff,1
warmly,1
gobbles,1
marels,1
enramerial,1
equalization,1
misnomer,1
4w,1
ati,1
ights,1
forenights,1
mye,1
yeon,1
funky,1
fireholder,1
daly,1
joel,1
thump,1
morleys,1
typeclass,1
kag,1
boilers,1
decked,1
overpowering,1
hurl,1
pugbypiggy,1
chickenfly,1
popen,1
vell,1
gabardens,1
internetting,1
broane,1
00046,1
specifical,1
reeeeeep,1
phimosis,1
3m4,1
pigev,1
vertices1,1
postimage,1
rayscrew,1
hailstorm,1
milder,1
feared,1
pompous,1
reschlesen,1
japchals,1
coel,1
practicum,1
ien,1
mink,1
ufs,1
garnish,1
pakidrouk,1
sombrerosne,1
mudbrained,1
brutes,1
dermatitis,1
normallysofloxacin,1
convulsing,1
metaprogramtime,1
agne,1
sighy,1
sailboat,1
builders,1
graphical,1
autoblocks,1
incase,1
tist,1
ventralists,1
universities,1
dnp0,1
rtunix,1
xzzz,1
rhapsody,1
concertala,1
orthodoxy,1
duplicate,1
unmodeled,1
vpref,1
2bb,1
demare,1
yesla,1
causticos,1
odz,1
abcoolarity,1
picstache,1
libginal,1
flatline,1
lucille,1
recharging,1
batteries,1
maudlin,1
scrolled,1
yawing,1
rhizomes,1
xmas,1
abdcs,1
5mam,1
avalanchethe,1
lightedup,1
skyspectrol,1
0ai,1
faceian,1
hummit,1
gooneloodoo,1
yufico,1
gai,1
penser,1
bestowing,1
keu,1
yonko,1
dataroo,1
2262,1
wiggles,1
notches,1
nvyf,1
hfrazgnuwu,1
electrodoselt,1
setherebys,1
dominico,1
pyruvate,1
stephen,1
automating,1
tracked,1
muslante,1
faridador,1
adore,1
distrusting,1
mie,1
waring,1
yowling,1
autofelder,1
kfs,1
zmxz,1
vvlj,1
farmstahl,1
refuelled,1
ampersand,1
adverbs,1
maniurs,1
tulle,1
classe,1
unrealism,1
callsitudinally,1
duranna,1
logiasp,1
depi,1
decorous,1
hzrt,1
binophone,1
oc1997,1
malmberg,1
goothemid,1
goonings,1
knownr,1
fasimatic,1
acrodent,1
lvalues,1
keaves,1
clnt,1
ecoudere,1
hertz,1
tissue,1
rolloff,1
definy,1
wherby,1
metronomes,1
interlock,1
12vek,1
wonoy,1
smacking,1
dickface,1
s3rk,1
201,1
abaydympath,1
jinks,1
serretsey,1
chambersford,1
1mbag,1
amylopectin,1
vertian,1
teatime,1
pewnut,1
rayman,1
aking,1
elastically,1
dispersive,1
melland,1
wildflowers,1
picketing,1
windward,1
bays,1
parallelb,1
poletegi,1
pothole,1
footwell,1
rnk,1
rsuff,1
distinguishible,1
k14,1
dijon,1
stegmaier,1
autoble,1
progret,1
2fare,1
metamethod,1
climators,1
bandaging,1
retractor,1
0004,1
waveznight,1
rosary,1
aubergine,1
siq,1
charlev,1
rubes,1
rhombic,1
monuments,1
alleyways,1
leafless,1
gnawers,1
booties,1
dottere,1
skycast,1
gourds,1
shingle,1
grill,1
ided,1
lyceum,1
keypeds,1
wholesale,1
izhin,1
sops,1
informance,1
fendi,1
carron,1
humberto,1
entailment,1
logdensity,1
macacnes,1
ymth,1
10dropter,1
retweets,1
tubabut,1
bisectopping,1
nadr,1
heredity,1
decimtical,1
blinders,1
ramping,1
ustedin,1
cortway,1
izd,1
chices,1
ronyduck,1
maturing,1
webdesign,1
unfunded,1
neslants,1
option,1
magnes,1
peneroles,1
apparatuses,1
rempland,1
abass,1
cdufair,1
renovations,1
wedy,1
fauns,1
soundin,1
owen,1
trainurs,1
zim,1
shion,1
arrababbits,1
hyperparameters,1
contiguity,1
daeve,1
combysts,1
funclutes,1
trouvaillabile,1
innardsmen,1
70k,1
ducktales,1
ltismo,1
swampous,1
badgers,1
openconvert,1
setcredentialid,1
3i,1
phears,1
knaves,1
amway,1
flappers,1
fastucture,1
aay,1
umberto,1
kalda,1
obai,1
spiderfly,1
audacious,1
backus,1
distracts,1
wrk,1
bpr,1
infinity1,1
aap,1
uidmp,1
spimp,1
a5lg,1
nhs,1
abandonaparts,1
sweeties,1
bessar,1
turbulent,1
knk,1
rff,1
krim,1
bancherne,1
wertunde,1
extramarital,1
afliphant,1
wiggin,1
00m,1
ansplaining,1
forkeep,1
inviolable,1
adalan,1
eqiarate,1
hornigold,1
bristling,1
hutchers,1
rk3,1
singling,1
nonneuronal,1
listinteractant,1
singin,1
thereminologyuncertainty,1
generalityif,1
sage,1
hofbrink,1
isbam,1
ablect,1
foltzmann,1
ecounds,1
cyclopsian,1
agid,1
eletronid,1
pyromaniacs,1
greatscratch,1
patholitte,1
3ll,1
guldung,1
follet,1
belles,1
delaney,1
skyler,1
hampton,1
martyn,1
shakespears,1
oates,1
conqueror,1
eugene,1
dumbbell,1
1943,1
chg,1
fbb,1
ploy,1
linnd,1
carcassonne,1
abacam,1
sedentary,1
zapas,1
enharmons,1
corr,1
permittedextract,1
8x00,1
nautiluss,1
langle,1
cakewalkers,1
overconsumption,1
raymen,1
gz89,1
b83,1
dsetoskeletal,1
computero,1
gh08,1
bedkiru,1
heiders,1
egypts,1
huabanov,1
daygap,1
gusto,1
agk,1
wars,1
lrts,1
majorda,1
freio,1
frednivier,1
perugia,1
tracerim,1
gairolle,1
amoris,1
hooo,1
werentduckeyeshadowed,1
infersistent,1
xwayone,1
spellin,1
twists,1
ohare,1
trashed,1
frivolod,1
convolutionel,1
pfh,1
tauberert,1
shihan,1
sputtering,1
itz,1
venom,1
frenchs,1
cascada,1
lm16ls,1
70,1
griping,1
kestrel,1
andylosaurus,1
drier,1
ilatja,1
sasquatch,1
geocaching,1
westminster,1
plastering,1
cymruh,1
abuellet,1
briggs,1
suprematism,1
godel,1
omelet,1
kissth,1
trousers,1
kurilsink,1
hooder,1
inhales,1
sweety,1
doctors,1
aldous,1
08905,1
doublertheniate,1
finallyi,1
kindsdk,1
stencyld,1
normohmic,1
puggipptt,1
tot,1
csa,1
classangle,1
msec,1
wavefronted,1
humbert,1
whatshallbe,1
occlusion,1
freestyl,1
imperceptible,1
omnia,1
bitterreal,1
xlvi,1
dtltz,1
nle,1
evam,1
fale,1
tye,1
rtic,1
tives,1
camouflaged,1
bufpa,1
deltiard,1
matrixated,1
undisturbed,1
uppercut,1
cowardly,1
cowie,1
hooders,1
ingr,1
supressible,1
raillery,1
multiseph,1
xliv,1
blocky,1
lolorem,1
sembl,1
sapiente,1
cheveloppement,1
amisitentires,1
rivi,1
accomodation,1
amine,1
frontois,1
unquam,1
salu,1
spsc,1
emi,1
radiusx0,1
fijianan,1
187212,1
keybinding,1
leopy,1
ceiztate,1
cardghoul,1
shufflled,1
cleanse,1
ialsense,1
syntheticfoldercall,1
presequences,1
slats,1
snowplows,1
definitiv,1
cwithborts,1
ummph,1
getthy,1
clavesodyssey,1
kartlin,1
bmbrn,1
gyron,1
unstressed,1
armouries,1
mlrt,1
varsity,1
invertible,1
remainder,1
catalink,1
brid,1
cannonery,1
uve,1
bearish,1
riley,1
mayhem,1
vekt,1
poms,1
roguish,1
now3,1
owski,1
durning,1
og,1
dents,1
adhesions,1
hales,1
eastidon,1
eltilde,1
shadowed,1
breathalyser,1
rne,1
aturally,1
tillmakyavvy,1
rhombre,1
ials,1
squared2,1
dirge,1
dems53invsnrt,1
yuagows,1
vernier,1
caramell,1
vaudeville,1
hellowel,1
oathued,1
cep,1
figuarts,1
enrollment,1
raflc,1
cleverly,1
disney,1
asciin,1
abnamize,1
derab,1
bakken,1
sollei,1
blacksmith,1
peepest,1
unfitting,1
mandating,1
hupergau,1
clauson,1
transaxial,1
tarmac,1
crescent,1
wallers,1
urquell,1
takeoff,1
klepto,1
simultaniously,1
mozilla,1
lm111,1
slackline,1
inminsiphobia,1
eqari,1
hanareo,1
rhi,1
trinear,1
infotiable,1
alwaya,1
enveloped,1
735mb,1
nocturne,1
thanksgiving,1
timbers,1
flys,1
manati,1
leningrad,1
2703,1
knotauchers,1
holdences,1
kolarov,1
deviated,1
leauser,1
sigmoidian,1
surreptitiously,1
breadfruit,1
rearward,1
revenu,1
redone,1
xd2,1
freshened,1
pledge,1
venominal,1
lauryl,1
iceshmo,1
goonsights,1
parameterizations,1
ripzzie,1
debord,1
acrmpath,1
lmii,1
robison,1
ledging,1
huf,1
rtgh,1
poc,1
coorthands,1
heconsome,1
hurd,1
pondrer,1
nsteps,1
abuthampered,1
admissibility,1
symbology,1
ricon,1
anxiolite,1
hela,1
externals,1
audibly,1
defcount,1
dvim,1
dv,1
prix,1
lkb,1
spicingilok,1
gpl,1
sself,1
oddish,1
pstmp,1
watson,1
necklins,1
solimidodemonics,1
cspace,1
abdc,1
keyz,1
pasta,1
pathr,1
wrapping,1
zbrz,1
spacial,1
redlows,1
blackstone,1
memoir,1
mats,1
leece,1
abyssuite,1
netted,1
wannat,1
gnarly,1
x3t,1
exelt,1
horder,1
loke,1
cdonmon,1
maude,1
assos,1
tmple,1
diggers,1
oxidise,1
acr2x3,1
cath,1
crown,1
bw2,1
fcb,1
fc1,1
ppliijj,1
subov,1
llexpansion,1
boredoms,1
chunks3,1
marginal,1
ookay,1
robinr,1
1ijz,1
x000,1
36a46bb,1
redway,1
orders,1
pityfully,1
binciard,1
limoncell,1
quattrogetico,1
deformo,1
endertif,1
lanthropologia,1
angier,1
guernsey,1
headway,1
neckline,1
superbly,1
routinization,1
cps,1
beentime,1
myselfs,1
sthore,1
mcgardle,1
artens,1
refreshed,1
menace,1
ataadhcil,1
apache,1
colonoscopies,1
unblind,1
toymptotic,1
eqrarity,1
conceited,1
rtnal,1
clasping,1
showy,1
veils,1
susan,1
kelving,1
r15,1
rbutts,1
pearle,1
locating,1
toymptotically,1
graphial,1
v1v,1
arbunalia,1
langaugeschichte,1
handel,1
orgin,1
equilateral,1
uvreis,1
scan,1
gargoyle,1
shoring,1
nonproprietary,1
netball,1
crowe,1
tyne,1
abls,1
losers,1
shavages,1
toolkit,1
simper,1
neveralfairything,1
docuser,1
unmined,1
logge,1
profones,1
hadcorrespondence,1
facms,1
alphabrook,1
scopes,1
marcho,1
illuminata,1
chemin,1
richeault,1
thamin,1
cladism,1
vidovulus,1
waalsgarten,1
forecastive,1
kmpc,1
stonesboro,1
uppa,1
nauralee,1
xxvisible,1
square0,1
normalsinski,1
decticentricneutralize,1
dectionary,1
barreled,1
virolue,1
roule,1
edervationally,1
rarity,1
9nfsaforeseeing,1
turnip,1
frosty,1
mcgonigal,1
illyata,1
dbo,1
hamataa,1
nut,1
spic,1
weatherscondition,1
poppelkampf,1
clenched,1
gallo,1
unguenthe,1
seurat,1
chuckie,1
lapidary,1
sipharts,1
iiix,1
formulate,1
mjuggable,1
0gn,1
pymagnet,1
etcetera,1
fixedrange,1
surrog,1
illimitation,1
approxmations,1
iht,1
vatt,1
oftentimes,1
hausdorfer,1
tollboil,1
hav,1
densberger,1
rugby,1
unfree,1
soghoul,1
comsoletes,1
arugula,1
recommended,1
aliaise,1
ust,1
enterdoor,1
yess,1
eely,1
krabata,1
dupl,1
qualitation,1
sunstone,1
cailey,1
uixiek,1
avaaign,1
ulas,1
dominantly,1
mw,1
sickening,1
nq,1
fainthearted,1
prowling,1
gohmerts,1
streisandroet,1
rabbittide,1
lamination,1
farah,1
bbbck,1
loews,1
supersetric,1
expedited,1
waaaaaahhhhhh,1
chinks,1
psw,1
24ms,1
rtj,1
ceol,1
lnauve,1
demittivity,1
monoclinic,1
cband,1
utoly,1
signosis,1
sporch,1
psnrt71sciencadien,1
wiiiiihere,1
electrodynamical,1
flasck,1
2m2,1
amyrical,1
cfc,1
ambiguityinductive,1
inductional,1
gia,1
stypled,1
alchambered,1
graphvew,1
tuckahouse,1
amicogonsko,1
oppertime,1
eqiliar,1
shuttli,1
juspshus,1
xix,1
xus,1
ncescience,1
msault,1
expulsions,1
damesbury,1
caso,1
droso,1
fasciantico,1
bonsa,1
direcci,1
pourvois,1
log20,1
ser,1
simultaneuously,1
hardison,1
var,1
dkv,1
lineages,1
homosapentaic,1
sarbours,1
irsa,1
unmeasurable,1
closingcoloured,1
evalivve,1
odoursthought,1
funking,1
a4,1
amwhile,1
mummy,1
enviroment,1
arrounding,1
ihommutably,1
dragensen,1
lemavela,1
abacao,1
pcv,1
428ef,1
cart,1
mezzat,1
sangache,1
shepherds,1
zimmerwertal,1
logram,1
remakland,1
nadfovc,1
bt5,1
unsmash,1
kryson,1
alchemie,1
corrylt,1
noux,1
saucya,1
familier,1
extranjol,1
entendi,1
b2nn3,1
parallelogramatotic,1
logitization,1
thoughtatic,1
abelietality,1
abduction,1
hugsler,1
fillies,1
formsvulsitiesr49,1
maidufaye,1
eton,1
envoy,1
ische,1
amrabile,1
roomish,1
aana,1
workloads,1
necesary,1
059,1
denotating,1
kary,1
karnstein,1
fnotatepwardits,1
ryments,1
forthium,1
f5120,1
sitsakere,1
inclement,1
blure,1
retq,1
rayhammers,1
515,1
speedo,1
iflet,1
savallival,1
drapemans,1
acident,1
manag,1
buildings,1
huhy,1
liftway,1
projecular,1
quiting,1
marchapurna,1
nockht,1
ivch,1
gfs,1
ramen,1
sinksf,1
lip,1
caved,1
assin,1
datanigans,1
natsume,1
izashi,1
elpidata,1
basterlje,1
yesard,1
sterwhile,1
fallopian,1
0xff,1
ixrtij,1
neve,1
reda,1
blasts,1
revealslowsly,1
scheduled,1
derbysl,1
playtest,1
nadhav,1
heep,1
epa,1
wasicativ,1
cdu2v,1
edubra,1
singe,1
blogging,1
raptaur,1
pathnap,1
goads,1
morrigan,1
diracic,1
freeform,1
autotuning,1
itomorphisms,1
mettle,1
semidiction,1
abam,1
evenin,1
sheen,1
ldaea,1
jetbrains,1
omfg,1
agglutinate,1
dellau,1
provemagneticseminar,1
subrotating,1
emblems,1
freighter,1
followedseward,1
mudravens,1
ieved,1
howsers,1
voivre,1
plouvres,1
groix,1
annommen,1
wacko,1
havihd,1
idn,1
sifted,1
mihail,1
loer,1
balzio,1
enjnos,1
assortments,1
fairground,1
abaciodo45,1
nightflood,1
society,1
brutally,1
normapisms,1
nadea,1
guhadagal,1
chimeograph,1
hosts,1
leaved,1
manage,1
sowing,1
foretaste,1
groves,1
selfloving,1
evenhin,1
dwxx,1
firstpair,1
keylt,1
kms,1
kce,1
xvidend,1
stretching,1
xan,1
wilder,1
ukko,1
looka,1
ivline,1
carbonyl,1
slim,1
yada,1
yosard,1
subsequently,1
endsyllabic,1
gniv,1
geomap,1
rtjy,1
viu,1
auix,1
marceau,1
cleo,1
eqo,1
garde,1
umbers,1
lmayara,1
yuna,1
stre,1
fordschleife,1
codeword,1
holder,1
qk,1
overane,1
veis,1
opommen,1
martensen,1
repudiating,1
2u,1
c1n,1
underserved,1
adavant,1
facades,1
izzy,1
chs,1
unconstructionary,1
seattle,1
googles,1
yohhhhhh,1
sucked,1
kneel,1
grocers,1
costne,1
aveer,1
freico,1
80mlt,1
lvikt,1
etunis,1
acidapsitical,1
sectore,1
fets,1
accb2d,1
xrefpx89,1
soms,1
thoolows,1
perfomance,1
whoringno,1
headings,1
echemistry,1
abaciently,1
ssort,1
wabulous,1
retree,1
substream,1
digest,1
maaaaaauht,1
recallable,1
sublimate,1
xrect,1
capriciousness,1
measurementrt,1
prag,1
tanz,1
00nt,1
80lt,1
y020000049,1
xcond,1
eigenscoped,1
percolated,1
entertainment,1
sepia,1
heirs,1
baucon,1
percussive,1
vltidly,1
brilliancy,1
unemployee,1
ontario,1
lufthausen,1
grassi,1
chemosquency,1
supervised,1
xml,1
hihaight,1
cgj,1
bluewater,1
jusjunct,1
whimpers,1
xavitively,1
geodesys,1
laziest,1
chimip,1
lidaritz,1
bramsodziocz,1
frontosecond,1
gratiemessandihate,1
spaceflows,1
miksschmidblatt,1
adainenfelschippen,1
expertly,1
freundheit,1
dtk,1
iquitos,1
crnght,1
2083xiv,1
alexsky,1
pizer,1
interviewer,1
strer,1
dirtier,1
rayard,1
weilardsberger,1
dexcellence,1
blit,1
constantaudasis,1
drapoux,1
flor,1
1o,1
eqivetime,1
expanderall,1
defligauye,1
verbegoebel,1
seobleck,1
vidual,1
ferrari,1
devoir,1
remplacerment,1
hhinology,1
sterilisation,1
apothecary,1
quickak,1
pains,1
uvu,1
7120,1
finallys,1
kallsen,1
similes,1
malay,1
anataile,1
gavalli,1
travels,1
aloud,1
reticulum,1
slung,1
amityville,1
duelling,1
licately,1
gory,1
graphxx,1
coupage,1
k2bruschz,1
sicherheitsbeien,1
sclicks,1
mersort,1
ipskate,1
simmers,1
guava,1
panther,1
thstone,1
friended,1
rtfs,1
geodesle,1
atrault,1
shrewd,1
endspace,1
unrehear,1
roge,1
sabducker,1
camina,1
definatsive,1
twitpicers,1
v1405,1
0073,1
cubotron,1
flimmetry,1
zilch,1
isinal,1
lago,1
legace,1
unblinking,1
tablecloths,1
chemcab,1
genuflexions,1
tuples,1
istherenoundefined,1
1wherein,1
shakhtagrid,1
absah,1
fetism,1
proletarian,1
atl,1
langueuen,1
expedient,1
cacr,1
abit,1
pfrt,1
knipp,1
mvlts,1
entschiedesien,1
refle,1
mastier,1
smoothions,1
cdkq,1
cannonballly,1
sabulum,1
thatstupid,1
abathurst,1
wadhavn,1
dawal,1
philometrical,1
eph,1
beimant,1
oedenden,1
painmacher,1
auflage,1
bandpass,1
langeveld,1
vthrough,1
exponentiation,1
pptable,1
difensedumper,1
retry,1
wingtips,1
putt,1
quitgy,1
bettern,1
grands,1
propulsive,1
nymf,1
genial,1
marmot,1
oppre,1
sion,1
meridional,1
opor,1
homestructured,1
utin,1
illamoula,1
dalpes,1
postpareve,1
lk3,1
nitros,1
ceundeed,1
tritoneality,1
woitavant,1
a5,1
yesfer,1
baxvii,1
huzzzes,1
jinkz,1
longhaste,1
wrinkelsen,1
yamos,1
fotonatherea,1
napoleons,1
listlessness,1
oedipal,1
1so,1
registration,1
tentatiousid,1
ericslugerville,1
overleaf,1
releaves,1
dtz,1
secretory,1
101914,1
concealed,1
supressing,1
acse,1
lummensen,1
chpw,1
tcluda,1
semiproblems,1
rashes,1
flourished,1
949,1
showsered,1
torjak,1
kornberger,1
fymphs,1
archivier,1
490008,1
dtforbes,1
gallops,1
pmtj,1
twos,1
ruffled,1
saenzin,1
izquitos,1
ahora,1
openimie,1
libresante,1
delmonico,1
pareille,1
confiderer,1
surplendent,1
saajcdhha,1
allegory,1
resigna,1
nordblatt,1
umlauts,1
olgot,1
nadrio,1
wrapy,1
linger,1
facfault,1
nopois,1
gallimards,1
stacks,1
7n,1
slingshots,1
suprathreshold,1
wee,1
legged,1
buckler,1
ptpf,1
obeclivities,1
1by,1
kercher,1
5x2y1un,1
alrastore,1
riccaving,1
abadara,1
metcalf,1
windowsill,1
rung,1
crf2,1
vht,1
xcii,1
kakko,1
lsm,1
westry,1
whitesclosed,1
eben,1
hugely,1
unmutable,1
naturalistic,1
ltda,1
dim1,1
bosonic,1
div73,1
fairbanks,1
geographers,1
flet,1
yltop,1
skippagetime,1
wintertimeto,1
mts,1
intendedt,1
peoples,1
kicchan,1
istomin,1
decensection,1
fv,1
remington,1
kugler,1
indialectrical,1
maristhyr,1
locksmith,1
chimerism,1
120dbfs,1
rhone,1
delorie,1
svd,1
whippets,1
snuffle,1
pebbly,1
motherfs,1
eyecuffs,1
tyrupolo,1
barbs,1
gcl,1
aaaaaaaad,1
carbony,1
acoustical,1
511,1
871,1
laugy,1
subson,1
mouthy,1
sumeldsay,1
aggredent,1
midr,1
sddy,1
hammer,1
mewellen,1
broekstraort,1
dragoire,1
passageways,1
sterion,1
pestilential,1
frecklework,1
gavingsson,1
esey,1
srautjensch,1
budding,1
chillinwalk,1
waaut,1
shostakovich,1
hooddoone,1
assa,1
spoonshakespeheria,1
cbhyclore,1
itunders,1
cherrod,1
ceilid,1
shuteways,1
demosecond,1
mines,1
improved,1
attractitive,1
antiphase,1
stored,1
mls,1
rants,1
ensometrics,1
dnau,1
aylorussian,1
0xaddition,1
wheresofore,1
edsala,1
tolst,1
aiell3,1
molybcones,1
bodes,1
rhythmically,1
convulsive,1
assuring,1
korunvut,1
kestalaysia,1
marya,1
chihuahua,1
brothel,1
sceptical,1
catnip,1
vermiculum,1
lart,1
ope,1
kressin,1
grais,1
mieux,1
contemplated,1
confluence,1
mrear,1
pu,1
bkf,1
vi4,1
adivenffdenstoff,1
ropt,1
feint,1
extensional,1
flung,1
leitkommunik,1
ography,1
ballrooms,1
thro,1
conditioner,1
defraiture,1
besieged,1
functuation,1
mltwaggothdisposal,1
outro,1
doubletalk,1
sauerkraut,1
argo,1
fatale,1
chestnuts,1
abanidalagrels,1
migraines,1
biotene,1
eqphrang,1
cataracts,1
stroma,1
ad2,1
aamp,1
adub,1
nymphomammoth,1
hadleys,1
nosedly,1
grubbing,1
aimless,1
theremonologue,1
1011,1
chegin,1
obitu,1
stereographia,1
rayvectored,1
fonts,1
organoires,1
occasional,1
confers,1
brx,1
lendt,1
ricardo,1
kopt1,1
robes,1
muddy,1
sourer,1
accd,1
bpa,1
179ms,1
acil,1
cdcr,1
cbh3r,1
ep,1
elapanjem,1
chansing,1
cony,1
reepic,1
vecy,1
dglings,1
abcca,1
altoin,1
tertull,1
phanal,1
yawk,1
entailing,1
ivities,1
lordy,1
wvn,1
alarms,1
nonconditions,1
axle,1
apert,1
ppkt,1
abodes,1
braindead,1
d12,1
l120,1
iiv,1
u49,1
backstage,1
ockface,1
linalgia,1
eclairvoyance,1
subsumes,1
initio,1
whiciding,1
alumina,1
nightroom,1
mqtp,1
thems,1
diagonole,1
microw,1
anarchism,1
parallellically,1
postal,1
tyme,1
tarts,1
facepalm,1
puerile,1
straining,1
miserly,1
22m,1
haunger,1
sachets,1
widescreen,1
incompressibility,1
hej,1
wriggens,1
oblig,1
vraison,1
souffle,1
ryangrams,1
lmaa,1
hemisphere,1
ertzgebel,1
perfoux,1
abortivaert,1
symptotic,1
lojbanawala,1
freyside,1
helena,1
coniculus,1
freezzie,1
keltig,1
unf,1
carbureted,1
goddammit,1
olay,1
ghoula,1
spookily,1
xxxxiyyendy,1
thence,1
mayyy,1
whiny,1
dbduckweeeeeell,1
weirdo,1
hurryers,1
ceit,1
byuoyne,1
isrealmoshi,1
stilzy,1
dreamy,1
nty,1
duckcrosser,1
piercy,1
toothwork,1
fjortripier,1
invariable,1
unmapped,1
denotering,1
xta,1
areged,1
vectaxijsl,1
ggk,1
unawareance,1
itai,1
rave,1
75,1
pif,1
diagonalof,1
operatorproxies,1
stavings,1
2d1820,1
arcto,1
alignedturnflare,1
serie,1
genereousen,1
abonnissement,1
mozume,1
naggin,1
farther,1
kalamazing,1
nadgggggggg,1
kii,1
lucidly,1
locksgrip,1
boric,1
obliques,1
dialecticians,1
reepsocarp,1
toconslog,1
chimneys,1
whattan,1
subsequent,1
seperately,1
kortcics,1
hyung,1
lectrique,1
individuation,1
chamois,1
marimbas,1
surmountments,1
11dc,1
maniac,1
sensei,1
pantyhlete,1
laborious,1
nater,1
achievewell,1
murace,1
nkaal,1
aggrieve,1
bremerton,1
freckledachshund,1
chebyshev,1
imitating,1
elliptic,1
viseletov,1
yourrrt,1
mlu,1
kow,1
givesums,1
mduplies,1
iam,1
jae,1
cos6k,1
poles,1
billow,1
spooned,1
bellish,1
subliminals,1
daybefore,1
canvassed,1
convergences,1
stattin,1
pullovers,1
xcaa,1
ihsrt,1
3619,1
malschows,1
mitricone,1
kewtkinsburg,1
kapitaltex,1
dominix,1
chelourice,1
hfhere,1
kenj,1
coward,1
whereage,1
ands,1
vfat,1
bagt,1
abaccuses,1
aree,1
tmux,1
zfj,1
speculator,1
valve,1
soldinout,1
bxx,1
halsey,1
grille,1
tiresos,1
r8300,1
ohms,1
guessing,1
hipsconch,1
hrecks,1
spitting,1
decyclographic,1
prickly,1
expansionall,1
obelisks,1
reutropolis,1
ocari,1
ravine,1
oler,1
pcert,1
1571458949,1
lidocxxiii,1
zimatic,1
docudial,1
ucd3,1
interacting,1
7vi,1
legisla,1
gardenna,1
liberally,1
oemply,1
mezzogi,1
blest,1
03000,1
0300,1
figleafs,1
clatter,1
chiming,1
24fold,1
monogram,1
saivet,1
joinsb,1
ixizn,1
genie,1
desmarentes,1
sui,1
chided,1
foreclosing,1
spiteful,1
arabicuja,1
glassmall,1
illustrators,1
boulangerie,1
biograph,1
xerule,1
abcaa,1
yeps,1
mealclude,1
bathymetry,1
aftn,1
15if,1
90mins,1
saxonea,1
5103,1
xirs,1
2rab,1
chaining,1
seashore,1
spooning,1
figuration,1
kuerks,1
zzzooo,1
chv,1
meuli,1
cocklegut,1
gallons,1
frostbitten,1
ointment,1
banding,1
compactions,1
clashing,1
crunchy,1
smokestacks,1
stoppane,1
wades,1
ab14,1
tial,1
fna,1
claf,1
idris,1
polygons,1
cathleen,1
stouffer,1
goonkropunk,1
removes,1
stockades,1
biepoint,1
marchamata,1
aude,1
classen,1
efatear,1
bearthorpe,1
bose73,1
repforms,1
panoramic,1
viewpowered,1
browser,1
ples,1
36591,1
wakizashi,1
pigtail,1
huddled,1
enshroudedwith,1
seld,1
einzugung,1
blatt,1
norangutans,1
tresca,1
soars,1
coif,1
polished,1
dess,1
syllabuses,1
dendritic,1
wirth,1
gtp65,1
sunkil,1
saunabbals,1
ophiuchus,1
fz,1
langarioc,1
ceuen,1
2050,1
doubtfire,1
tyro,1
hahahahahhe,1
phish,1
l4m,1
cutsoffs,1
limnology,1
incantation,1
backen,1
beater,1
doubters,1
cumbral,1
ipsos,1
sont,1
subpoints,1
disjointness,1
prepropositions,1
qcom,1
foxhounds,1
dateline,1
lintels,1
raidhagnau,1
remind,1
attain,1
paned,1
aovh,1
50t,1
orca,1
imforaging,1
mirrorwork,1
idiomatiza,1
communih,1
primeenyal,1
illustrating,1
amoso,1
liechtenstein,1
entomologically,1
blazes,1
congruous,1
250,1
lackluster,1
phytoplanktons,1
belching,1
attempnt,1
pbs,1
dpl,1
bsp,1
mpm,1
aggloll,1
loam,1
july,1
grate,1
bitbucketusercontent,1
brokake,1
panellas,1
jaggs,1
muslimattitude,1
pubkey,1
sumphrases,1
ewok,1
obexample,1
leging,1
yerway,1
671b9,1
reflexor,1
bledie,1
rendain,1
10h,1
annemarie,1
dwarven,1
hub,1
quoting,1
589,1
kipsfrau,1
hoteliers,1
hobbesian,1
priorals,1
shelt,1
amblyled,1
xnj,1
paralle,1
coochieft,1
rt0004905,1
swai,1
iendyu,1
nymphal,1
stayna,1
11r16,1
wyrne,1
dortiz,1
fonanther,1
tolloux,1
deadlock,1
cdalxiii,1
cdally,1
dntrip,1
allsets,1
nonpressured,1
albeit,1
boggling,1
gdfa,1
whyembrace,1
ssven,1
janneloux,1
paleoclimatic,1
inexovably,1
iects,1
meeseer,1
brek,1
plea,1
bdcdjd24,1
odbda,1
tueloen,1
clippings,1
kinectric,1
doxxa,1
sabbatical,1
playin,1
ambrosial,1
s55,1
subdivisions,1
caraulty,1
hahn,1
rockingham,1
mebvreau,1
rttltzzrtry,1
lookalikes,1
bwhitels,1
thatve,1
propto,1
purposed,1
nonresidents,1
transparently,1
slits,1
cocaine,1
buzzing,1
ahbwidline,1
efuspense,1
eqwhere,1
4ghd,1
3rr,1
tgkwh,1
cutler,1
studoportuit,1
decidual,1
weat,1
facedownards,1
moet,1
gizzzz,1
viago,1
sattendant,1
deforming,1
windscreens,1
philippics,1
isling,1
sium,1
auxerre,1
chewed,1
oohing,1
metrosexuality,1
nagle,1
hofrod,1
mik,1
anmpcruz,1
supressively,1
3pm,1
ppkay,1
shyyoo,1
fridays,1
tsquaredscenario,1
caramb,1
lizado,1
determinante,1
bedimap,1
simples,1
uin,1
cyan,1
hutropical,1
reuters,1
assid,1
rrrtt,1
blushed,1
bcdf,1
affp,1
cntd,1
algosinate,1
walz,1
sullen,1
gruesh,1
easton,1
noncotions,1
bedsalm,1
kebun,1
poweredux,1
cfao,1
grilles,1
ps3,1
xxiiii,1
dirgull,1
sping,1
dojo,1
dar,1
hondres,1
individuadas,1
setssq,1
prlog,1
copolagreement,1
2fs,1
pegrace,1
mussoff,1
bordered,1
forepoint,1
b4p,1
bery,1
mabunda,1
lepton,1
mascis,1
errabile,1
salutante,1
jusquando,1
veritate,1
flakkenberger,1
denfants,1
droite,1
despicable,1
burgoyne,1
balzac,1
jff,1
liebeschule,1
semblability,1
toothbrushing,1
twain,1
philandering,1
4a1,1
ragusa,1
parallelogramatic,1
uropotokine,1
staphylococcus,1
twosamplesidc,1
olistent,1
sertatuck,1
chevalleys,1
00p,1
dremmelosis,1
erythema,1
hemans,1
extremities,1
abreast,1
thespian,1
developsy,1
variously,1
stopper,1
sticked,1
dendrobats,1
brotinski,1
fringes,1
whippest,1
afakrmckar,1
yin,1
useate,1
chemiachicago,1
idiomatrix,1
lrtfi,1
jad,1
tanjawala,1
cathcarts,1
unpract,1
nevault,1
aud,1
divx,1
hammings,1
kansale,1
entwicklungen,1
nochste,1
barkskarten,1
tudin,1
aginkabay,1
hawker,1
jays,1
wasnthin,1
yessssly,1
ablin,1
arevel,1
unplanned,1
whoring,1
daedophysis,1
alcienne,1
tuckering,1
swifthurry,1
owowltyshit,1
cuttings,1
extented,1
octak,1
djokovic,1
wearied,1
zmeans,1
georing,1
expertbertha,1
mander,1
12ne,1
rtivist,1
gahll,1
opj,1
edesein,1
sahl,1
spins,1
kalladatta,1
duffour,1
fouille,1
lecoultre,1
entendiertants,1
mutter,1
nanosecond,1
mainsprayscapular,1
sa9,1
s000,1
debark,1
it4,1
mscaaaaaaarbzzk3hlsmmnah,1
bugfix,1
extrems,1
zermatt,1
arbois,1
kindid,1
fratboy,1
eqon,1
waved,1
rested,1
butting,1
knockin,1
mopping,1
nces,1
xlm,1
cancelling,1
amortisation,1
albertium,1
unafetal,1
dofi8,1
smykiss,1
inga,1
amour,1
lpa,1
beaudoin,1
unreasonably,1
aik,1
aceole,1
callavings,1
nonconformity,1
cleaner,1
peckered,1
honked,1
accepreemnte,1
existsinclairpositions,1
doesnm,1
knifepoints,1
somes,1
retraction,1
earlording,1
soprano,1
avellini,1
spess,1
abcdefghijklmnopqrstuvwxyzurgir,1
gimpmonads,1
frizzel,1
midabulum,1
fishlegence,1
eqang,1
silvery,1
thiss,1
welcomestance,1
archicoletically,1
80e,1
dstjoin,1
abbdd,1
phyplease,1
ceylanged,1
syshpotting,1
ammerung,1
seite,1
supremie,1
diablosare,1
sitchids,1
eqicohedral,1
ringles,1
army,1
nightmares,1
donm,1
cohomatological,1
neway,1
miu3,1
dissertation,1
westmeer,1
kamano,1
anata,1
unfavourably,1
metaprojects,1
seperation,1
ref3,1
whoseau,1
undifferentiated,1
cube,1
noooooo,1
speath,1
probs,1
grossly,1
phytoplasmic,1
redoxants,1
0zsto,1
subscripts,1
rajsons,1
miornavien,1
tfs,1
ooreu,1
normid,1
idiots,1
puelling,1
shakespere,1
parsifical,1
nanier,1
legisls,1
bcmp8d2,1
point1,1
nowt,1
langauce,1
goonen,1
blob,1
gal,1
siphus,1
accrouching,1
panamanian,1
butch,1
busses,1
signalling,1
anyday,1
dominicis,1
laguna,1
p5,1
angelland,1
eppa,1
omunda,1
18p1,1
deputies,1
dilworth,1
lfa,1
alternates,1
terephthalmology,1
thumbnailsaver,1
acrobatically,1
twoer,1
readahead,1
syrups,1
xizak,1
abcbcd,1
mixr,1
monophyr,1
charlee,1
guattari,1
legumes,1
acdcix,1
bicalls,1
riiire,1
lectrocute,1
lorsale,1
wrangling,1
ep1,1
dated,1
dtps,1
classed,1
vant,1
freese,1
unperceived,1
italian,1
sperber,1
refregularity,1
farina,1
themselvesthis,1
whosupwho,1
bitbucket,1
abeguy,1
fahd,1
torricejones,1
ghbbj,1
datape,1
redkl,1
zmp3encoding,1
toru,1
mainpainting,1
primeymials,1
dicers,1
z3s,1
haberdinger,1
pummeled,1
ltig,1
joans,1
timescales,1
perfections,1
cdj3,1
charybdis,1
thresholded,1
lettuce,1
crossbounds,1
subconvex,1
paulsen,1
pickalos,1
1br,1
tick,1
oceanic,1
rbe,1
abiotic,1
wdb,1
windscreen,1
abiccl,1
fouchier,1
yabutn,1
brushwork,1
cataluda,1
quency,1
homophilia,1
heteropatriarchy,1
anglicised,1
defects,1
convincing,1
s05,1
09,1
vls,1
nadir,1
boons,1
trams,1
bdauertsson,1
fusar,1
shone,1
ignitions,1
brnz,1
waitestip,1
offsets,1
glides,1
naduna,1
lyredale,1
idence,1
librants,1
prologuration,1
steelstained,1
mcguck,1
smoggy,1
redford,1
oloc,1
iribep,1
shui,1
studious,1
spoonsink,1
ceites,1
lidlron,1
stopsign,1
legales,1
dunno,1
snare,1
flinches,1
popflops,1
ursedll,1
auguarding,1
conveyor,1
2ne,1
chirophyrthmclc,1
33000,1
woud,1
ivrt,1
lucido,1
roughest,1
ating,1
shindig,1
boulanger,1
indeterminately,1
alcor,1
foobar,1
hata,1
cmb5,1
jkduck,1
oppovious,1
auagool,1
rnackclub,1
actada,1
k15,1
uzxx,1
vidie,1
frs,1
lty,1
salinoux,1
stade,1
theard,1
doest,1
keborg,1
enlarging,1
penny,1
klok,1
gateman,1
kegman,1
mlkiii,1
dole,1
rhymthmic2rhythmcharts,1
tachymatoxylin,1
bugles,1
goghs,1
jacques,1
decoud,1
vierard,1
sartre,1
carrousel,1
torsten,1
zylinski,1
orientation,1
baggage,1
user1,1
tubular,1
openslicer,1
cvn,1
homomorphoidal,1
rpassussions,1
nanos,1
stoop,1
comitative,1
adjugendzeit,1
domonaye,1
ellert,1
fancioulidesz,1
cles,1
boites,1
martimier,1
pml,1
gyra,1
perfecting,1
beginners,1
definepd,1
av3,1
cdrw,1
cubi,1
abspace,1
okeyeeeeee,1
2tjnltv,1
wakentin,1
faaaaahter,1
schizophreniform,1
asymptomatic,1
dursleys,1
innards,1
jusica,1
subfree,1
lebowski,1
pretended,1
phylogenetically,1
vercose,1
luauca,1
scdr,1
seemt,1
4x,1
nays,1
braiding,1
frayed,1
ppq1,1
ch4,1
okaye,1
piers,1
percussion,1
ahattings,1
swabe,1
peek,1
beiruts,1
gospe,1
estimating,1
30s,1
eed,1
crinkles,1
pricking,1
ppd,1
monectropially,1
radians,1
elutional,1
mpcl,1
1log,1
turnaux,1
llevous,1
loiteringement,1
sbcas,1
ofitation,1
abcand,1
zailey,1
welchers,1
mzzz,1
duckree,1
049,1
hirlooms,1
obosein,1
xfreckowski,1
stork,1
oboscean,1
risalled,1
speedy,1
southsea,1
insteaduitive,1
caesar,1
favored,1
tradesies,1
coprophilia,1
multitudes,1
neckties,1
truthfully,1
returnededison,1
avopdqsingular,1
gyr,1
therequare,1
fairies,1
landes,1
hausdorffommen,1
ils,1
gaggots,1
threes,1
metarhauser,1
philo,1
interjection,1
l16,1
nhsv,1
fittip,1
blends,1
familly,1
hjavear,1
abcpt,1
nddly,1
unsavory,1
appellativ,1
sistem,1
verbeiren,1
salutin,1
tmp2,1
catering,1
inns,1
suites,1
atag,1
auouse,1
unsigned,1
engraving,1
lightnings,1
pmls,1
hahha,1
se6punix,1
coop,1
wearabear,1
wyvern,1
multicellular,1
cyons,1
lix,1
bedroome,1
shoot,1
cowboys,1
venous,1
idyll,1
arequipresent,1
saloon,1
freudeau,1
loubliettes,1
gouvernir,1
rajs,1
stag,1
tmrwts,1
knotting,1
optical,1
wavetables,1
hugging,1
unpunctuated,1
s24,1
alchenam,1
stateofthectitudes,1
doppelausink,1
logmarisical,1
nrange,1
usage,1
hydr,1
reorient,1
claw,1
smeeth,1
strangeways,1
lyect,1
rabbid,1
fracture,1
defunctomorphisation,1
crympath,1
harvin,1
interaction,1
mathematicace,1
bluemeps,1
raam,1
tillman,1
n0p,1
arabes,1
rhinoceroses,1
limona,1
silosauce,1
edid,1
wednesdays,1
abc17e,1
cockaignen,1
esteban,1
bilibari,1
mcgraw,1
xxxted,1
denton,1
ifted,1
forebears,1
scanners,1
ertifies,1
unsociable,1
hydrangea,1
pwllda,1
dlo,1
rheeydo,1
fve,1
gegenwart,1
consolu,1
hysteresis,1
foibles,1
paallsk,1
wackermann,1
dwelt,1
itchi,1
clasify,1
growler,1
gegelious,1
blowing,1
repose,1
helppyq,1
ic3,1
fillbattery1,1
remainingtime,1
betrot,1
pkps,1
arendt,1
emschylus,1
shrubs,1
adop,1
lebesgueian,1
strack,1
sok,1
doai,1
hjusch,1
benumbing,1
panteria,1
zna110191,1
sivent,1
surf,1
commutativity,1
coest,1
matdef,1
retime,1
macduff,1
decking,1
uncored,1
rto,1
3t,1
hyb,1
nonconspicuous,1
pycall,1
zenden,1
criv,1
5rv,1
ocimical,1
nevers,1
gathetic,1
frockles,1
oldie,1
acapacity,1
stam,1
tze,1
sestris,1
sangrau,1
haubbal,1
raffe,1
evt,1
jix,1
keens,1
bucolic,1
weltage,1
tlrs,1
facetto,1
roca,1
tramps,1
potestatis,1
libertata,1
sapientiam,1
faultari,1
perturbantium,1
seria,1
entrapped,1
epitaphs,1
zinkes,1
hellhaoulai,1
whistles,1
multiforma,1
lucena,1
plagg,1
parallellabile,1
lmag,1
xdafternoon,1
moine,1
interstices,1
stroeve,1
hoffsberg,1
gershomoff,1
deliverer,1
fltus,1
martial,1
poetis,1
hotkey,1
r000,1
abcxxxxxxiii,1
suprise,1
re1,1
caate,1
grumm,1
martinci,1
knie,1
pst,1
torous,1
taphonomy,1
dwellers,1
ciollely,1
refering,1
tylery,1
langge,1
seitgeschichts,1
rheingold,1
goatfish,1
linebridge1,1
dsst,1
reticule,1
electroporation,1
perle,1
theorists,1
empower,1
bettered,1
lograngism,1
metahippie,1
qualia,1
line3,1
signif,1
didcthr,1
plummeting,1
laude,1
ducked,1
evergreen,1
disclosures,1
weltree,1
yanked,1
sledby,1
neeed,1
bijection,1
nightmarish,1
rijden,1
nesteals,1
mfao,1
chimpie,1
wankees,1
skankman,1
zitov,1
serine,1
pressurizan,1
dokonada,1
daubed,1
dispelled,1
spankin,1
err,1
sunless,1
revlon,1
maneuvers,1
rudeness,1
ravages,1
kelosaurs,1
dymnol,1
hausdorffitelsgeschichtslegendlicher,1
bacquetier,1
angelopoulos,1
broome,1
ableserially,1
cdrom,1
evolutions,1
realigns,1
togetherimagine,1
10cm,1
extender,1
noooa,1
manchure,1
poppenfantle,1
irrrrtclismellealueck,1
verlagsgeboten,1
incarten,1
sst,1
decocteroff,1
corrie,1
reds,1
recompress,1
chkt,1
2squared,1
confirm,1
frequencies,1
ghj,1
ifthe,1
apic,1
idiomaux,1
virolle,1
sauver,1
morricone,1
friendmid,1
depoisson,1
nagsis,1
stmp,1
inlaid,1
header,1
img,1
signatrice,1
linix,1
backbone,1
haemitting,1
gentschreck,1
datums,1
nadatero,1
abaciscd,1
homogeneouss,1
sockeye,1
windchime,1
lozzie,1
racked,1
workm,1
innardsin,1
jackass,1
parallelgebra,1
zepot,1
matts,1
yurizin,1
homelabrasion,1
controlled,1
daffaires,1
environ,1
cessary,1
assessability,1
realit,1
tylophones,1
ansa,1
asdiv,1
redis,1
dielectric,1
uniformasciently,1
endsewheeling,1
lcrd,1
bobbh,1
abecks,1
abiected,1
milas,1
mlylt2p,1
emultipheme,1
tendgradient,1
hdl,1
tess,1
z8,1
dentscotch,1
feuer,1
rpm,1
enougho,1
irredeemably,1
plausible,1
sketchily,1
fanon,1
ecturnally,1
unefined,1
sto,1
new8,1
rayd,1
phlebotomy,1
cleaned,1
grins,1
2v3,1
vcrp,1
pekko,1
nonaggression,1
predecessor,1
projean,1
quasars,1
colouring,1
moray,1
kashnippup,1
conditioners,1
voicemail,1
nn24n,1
ghm2osd,1
5n,1
junjane,1
paged,1
spheck,1
deflated,1
buildable,1
focusses,1
itallals,1
inphase,1
beginsprocessing,1
waiichings,1
wahnt,1
kpax,1
baffle,1
sauvenant,1
conchim,1
tellard,1
rils,1
devouring,1
wett,1
correcti,1
impliesabambreaking,1
encyclop,1
genevi,1
lightest,1
1b,1
midreal,1
unlaid,1
vop,1
unjaggie,1
laysing,1
stinks,1
tortoiseshellian,1
hurrying,1
likenix,1
889,1
asip,1
kendeschuckerung,1
zonkinghavardszentenfants,1
mle,1
afriend,1
decayn,1
refrance,1
lyle,1
qc,1
indepedatic,1
errr,1
embrophysis,1
prosert,1
mlore,1
aaag,1
quoi,1
songwriting,1
wayn,1
cautepalaces,1
2yr,1
demographie,1
30762,1
shippings,1
woohooah,1
xracking,1
gimp,1
raht,1
vertetric,1
kebab,1
arguable,1
naders,1
mikata,1
cabatha,1
imake,1
shmute,1
phlebasepathic,1
cheveloppie,1
tryna,1
coalitions,1
viaducts,1
rtatedby,1
ravines,1
sunbathers,1
otro,1
cruci,1
rodsalands,1
indications,1
skylights,1
movve,1
wiggling,1
kauvafleury,1
myrrr,1
plutocrat,1
pmagcdssah,1
govies,1
quintessential,1
lanterns,1
xoxocks,1
slic2,1
grazo,1
librechtlich,1
nasc,1
equinoxical,1
guidels,1
lyrophilis,1
nadigapsatch,1
rotateif,1
pfs,1
determinations,1
spuerile,1
beseeched,1
bundy,1
aaaamg,1
banna,1
ramanujan,1
nadershop,1
phoebox,1
malls,1
uckala,1
suleiman,1
langoustache,1
brag,1
equivalentridedrop,1
goeringt,1
eca,1
stelland,1
foward,1
westrauser,1
outfalls,1
thexxnsnettower,1
gifting,1
5ft,1
chimney,1
gimbals,1
niche,1
tingle,1
wiper,1
antennae,1
fireballs,1
tripoli,1
broth,1
summed,1
conservesign,1
shortly,1
mothish,1
afkkt,1
orgo,1
hospitalisation,1
kingsfield,1
sphi,1
emplea,1
aaic,1
pur,1
stdin,1
hieroglyphic,1
abc3ds,1
ch91yd,1
dclclavico,1
retard,1
nfao,1
yun,1
looper,1
diagonalisation,1
resignament,1
demux,1
nachmurch,1
iffbuch,1
rzeskeitate,1
itch,1
miunlim,1
nipah,1
cbh,1
coveralls,1
catalones,1
xpn,1
keld,1
fkch,1
ihe,1
ebts,1
eyft,1
untel,1
sten,1
breivau,1
conjuncts,1
yymotebrazz,1
jasont,1
alittle,1
ozymandias,1
alchemybasics,1
electrocutions,1
dael,1
tarwindhole,1
goprocterroux,1
gasc,1
tijksrams,1
elitt,1
langton,1
venmoire,1
listne,1
napalmah,1
commun,1
skinfolding,1
resplendential,1
gegard,1
ighit,1
leafer,1
banjou,1
ben,1
makein,1
yyr,1
suprewellay,1
soooohh,1
zjnznl,1
gyocangular,1
h11,1
ulty,1
oigmolecular,1
qubite,1
zorem9th,1
curses,1
alongy,1
lenght,1
0xod,1
zijouxxi,1
daigny,1
pteryhchemp,1
angled,1
google,1
gotoprosurface,1
detuned,1
folleitung,1
obt,1
saxophone,1
7500,1
0x0009,1
crotchetyn,1
frock,1
opop,1
puting,1
midledge,1
ersatz,1
quickname,1
3leavesspace,1
figata,1
jeqj,1
subshell,1
bigcorrespondents,1
prioriematic,1
ncj,1
2010s,1
withinc,1
517731237,1
x3s,1
pancomb,1
ress,1
bilateral,1
xh5,1
vaih,1
overspringshs,1
armo,1
teroscale,1
ooarse,1
denotesn,1
rand,1
farbaraers,1
icw,1
cef,1
nighs,1
checkpass,1
alevens,1
footholds,1
axizeredmethane,1
bayard,1
paulina,1
droning,1
fibres,1
stu,1
maryland,1
plusesxx,1
coarseness,1
lagropol,1
vephenonumbers,1
1ma,1
yardsticks,1
behaves,1
cheeky,1
besti,1
headbutts,1
mantras,1
lequents,1
dfcd00,1
abbrta09,1
paradisiac,1
ahem,1
femspace,1
debarksci,1
nve,1
piv,1
ceuplicante,1
comercion,1
sameement,1
sommageillet,1
sweatpants,1
chintz,1
undermy,1
crowned,1
frenchkiss,1
santana,1
emanus,1
ptosis,1
vivek,1
changeau,1
consedible,1
abentment,1
deepak,1
soz,1
hawks,1
astrologer,1
svyatoslavl,1
sonal,1
blogged,1
fakin,1
welle,1
gcrcd,1
mrtfd,1
naniteviable,1
efme,1
dbc,1
ifregularitiontalk,1
staringll,1
cougattico,1
enferada,1
idler,1
klechuteck,1
musician,1
agabutizade,1
pugile,1
reticulated,1
10fl,1
distractable,1
collectionid,1
submodulation,1
sbdp,1
lackadaisical,1
lagrang,1
orgmsky,1
embrem,1
kindof,1
spearing,1
intermezzo,1
topso,1
vkt,1
enharmon,1
seconde,1
noto,1
appearto,1
interimposed,1
buffs,1
streamy,1
tesserae,1
nethertheless,1
leeches,1
abar,1
cdb,1
bernstein,1
snapp,1
liv,1
mantas,1
1stjrt,1
ntogeometric,1
uep,1
maybesingulardivided,1
subseprated,1
acjs,1
sclp,1
smoothline,1
crmp,1
ivenings,1
yorker,1
mpis,1
rushers,1
squareand,1
nuva,1
bree,1
ingredients,1
bos,1
7058,1
yermita,1
fiamdo,1
ello,1
vidney,1
langina,1
fa,1
direu,1
basile,1
costelment,1
3rt,1
netshing,1
dne,1
brane,1
xyu,1
loathe,1
sphincter,1
beleaf,1
kurevoise,1
orgchem,1
dimmering,1
impermeable,1
modeault,1
lenfance,1
entrerecipes,1
piccats,1
aaahaha,1
pfa,1
nadhings,1
bduaps,1
bbsa,1
rcs,1
timescale,1
persuaded,1
chins,1
periodicians,1
abacio,1
lassana,1
librettane,1
abattoir,1
trouver,1
landal,1
spiders,1
excrement,1
whod,1
libanus,1
pubescentus,1
tanie,1
pressings,1
piazza,1
choline,1
dc2,1
deltas,1
vaudevilles,1
wnd,1
abducate,1
fiam,1
martinale,1
agglutant,1
damascene,1
sailornov,1
bedroomcdmp3,1
cdbbb00,1
bdk,1
guttciper,1
flipforms,1
veuix,1
rapport,1
homochronology,1
binal,1
gus,1
zenyatta,1
pis,1
ratios,1
auteur,1
8492027057212,1
ctapuo,1
sincetalk,1
wol,1
eshoo,1
folke,1
bcre,1
twoises,1
0rc,1
rmic,1
gnauchemnie,1
blindside,1
derulo,1
lnme,1
bomponent,1
jox,1
oiiere,1
ruins,1
previd,1
thenotes,1
ghoulish,1
hotun,1
528,1
zhe,1
1ab,1
kendoid,1
dalmont,1
histogram,1
dot,1
eruption,1
kummler,1
udo,1
apples,1
malsa,1
wkl,1
shrubby,1
tusks,1
ernie,1
yavg,1
iture,1
enumer,1
m2a,1
eql,1
nternal,1
zinner,1
ndez,1
sunk,1
1nd,1
romm,1
ccls,1
93mbp,1
tif,1
knittem,1
netwill,1
walhora,1
pror,1
plzes,1
dtst,1
rollovers,1
2misd,1
nominal,1
bureaus,1
ringfrod,1
isopropylenediamidin,1
upneing,1
garbetti,1
smirnov,1
priorisliminal,1
asthmatic,1
karina,1
dispersed,1
gunlt,1
s04e05,1
s11,1
iphantasm,1
cbp,1
essonne,1
ursoleises,1
gypte,1
olden,1
orgygasm,1
lucidus,1
nck,1
jbr,1
sysjunk,1
feltalsa,1
bayesoidal,1
set1,1
hardest,1
aaafah,1
ltmahhh,1
0009,1
4t,1
6h1,1
14f,1
lenk,1
haelig,1
tulpascinski,1
streisandownshore,1
f3k,1
kdav,1
biggie,1
passerina,1
l2e,1
1mv1,1
vot,1
aaaagaa,1
cheryl,1
valsimetric,1
hjb,1
norci,1
regularisation,1
approxim,1
ffuided,1
dmarsh,1
weathers,1
leroye,1
alfr,1
nombreau,1
salutary,1
fort,1
lovings,1
holess,1
divtinate,1
eclwise,1
korniloff,1
aetherial,1
suchfuncle,1
cidmpt,1
pdurtoworthway,1
2lopos,1
3kv,1
yonderide,1
uhhhhhh,1
bdnf,1
tarzana,1
tahit,1
bcl,1
lepidopterism,1
leidons,1
apv,1
newsgroup,1
ltax,1
dye,1
fapk,1
c2p,1
tid,1
favor,1
decom,1
noncee,1
subdotted,1
e2d,1
lstopreo,1
dackons,1
izakao,1
abafempo,1
alfaroube,1
gnawed,1
wokeupplace,1
lsk,1
pxxi,1
normalizer,1
sns3,1
byuard,1
boundedby,1
propt,1
sax,1
goguens,1
duchamp,1
lrtlt,1
halsh,1
mault,1
enabler,1
ltlz,1
mooses,1
chooka,1
naman,1
saira,1
bakamau,1
shihon,1
053,1
kimmee,1
luther,1
sublinear,1
ialecticly,1
subrecords,1
mantela,1
flapshot,1
xlhcd,1
wicked,1
openings,1
nonceremonial,1
ox,1
logforms,1
bdda,1
berberian,1
geodesics,1
axialism,1
wgv,1
abaciidepthys,1
cdiprodels,1
bdnauresda,1
kkh,1
soujournes,1
armfuls,1
abdull,1
therem,1
pauces,1
eall,1
razzo,1
fakufu,1
emit,1
othe,1
displays,1
lsviofile,1
tjn,1
aggreentant,1
uweite,1
bord,1
zahr,1
logik,1
verbegung,1
bersetzte,1
log4,1
ursed,1
kevuakjgrdfymonep3ioocauvanmzvwcnm,1
cedepop,1
rnd,1
pierl,1
loggers,1
int3x2ivid,1
tormentthine,1
mll,1
p49,1
cdmono,1
bb2,1
xncymptotic,1
league,1
rau,1
acicviii,1
ltic,1
ccdr,1
cidcr,1
favour,1
ltim,1
abars,1
rps,1
acus,1
lafleur,1
8pm,1
changeling,1
2tau,1
mohammerds,1
hz3,1
gtauppilck,1
cambial,1
nadigation,1
axiomatology,1
bauch,1
ursoleis,1
comeau,1
lefty,1
hdr,1
closedas,1
defy,1
h4,1
sfr,1
noninfer,1
e4,1
2mn,1
daiobb,1
bangedup,1
torneos,1
fokker,1
forgoing,1
javancduckdoohd,1
donna,1
peckerwood,1
wijer,1
ceilen,1
slicer,1
leafletian,1
imperium,1
sardines,1
demi,1
miug,1
cepheus,1
xymptotic,1
coeliac,1
spleenfully,1
duning,1
aaaahaha,1
zheck,1
fs3,1
9000k,1
acisr,1
iph1h2w3o,1
beckonest,1
chemtrail,1
1923,1
5s,1
vff,1
gorga,1
eylt,1
verwendung,1
pylons,1
v2k1x,1
cantabula,1
defmethod,1
oper,1
dalevrey,1
catele,1
aga3,1
chocola,1
trouveur,1
nommage,1
giszo,1
nattva,1
gviii,1
avp,1
sstimitation,1
ichnelt,1
p2d,1
youth,1
jmwaggin,1
chaffre,1
rounder,1
gn2,1
pqd,1
violator,1
davenports,1
subarray,1
xblt,1
hht,1
enferdame,1
needof,1
japaigne,1
vvi,1
p976,1
uiduou,1
vluech,1
teredo,1
dsag,1
t1s,1
dtuo9gll,1
intell,1
backthere,1
whenfore,1
ljb,1
pattenix,1
njun,1
lirem,1
abnodal,1
rr1r,1
1m4k,1
xh3,1
grambling,1
0y2z,1
saunable,1
vzzt,1
fvidwltpixprciygdduiiiii,1
dtshark,1
micsunno,1
endorsement,1
coherency,1
akt,1
v9,1
adrt,1
viali,1
digress,1
multilogroups,1
conjug,1
acclimatizing,1
impregnable,1
viabant,1
chavs,1
pr6,1
irvins,1
izzles,1
20k,1
oompa,1
loutsch,1
120s,1
yarnell,1
plaza,1
dt1,1
nombl,1
siele,1
septembre,1
appell,1
lachancey,1
corcorans,1
deceleration,1
cntv,1
hms,1
demakcischule,1
entspleisch,1
fleute,1
aurelles,1
eqnocentric,1
ncd,1
mrrh,1
nadlera,1
donation,1
2700,1
subnanometer,1
langels,1
divinities,1
abymd,1
firelight,1
ncihtiattu,1
enimantakirtui,1
vieletii,1
aujusarechte,1
miojkodauw,1
saugthonser,1
flaneus,1
forthology,1
cantwell,1
hausdorfers,1
procurement,1
troublein,1
foals,1
mewling,1
ooohahhh,1
hunchbacks,1
ccdf,1
setings,1
rnjkcl,1
drtn,1
rezzed,1
1549,1
cryshe,1
dece,1
voire,1
defunctionary,1
vecdu,1
transposition,1
xxviiiii,1
conceiving,1
binomials,1
crisp,1
ebb1,1
tuple,1
vivace,1
spills,1
personally,1
dripa,1
deprecated,1
spaceship,1
da1,1
l2m,1
langauges,1
tcl,1
fidyendian,1
ljmn,1
njoint,1
conjoin,1
3pn,1
dtn,1
senderblatt,1
vandening,1
lidviii,1
paulcosk,1
unalloyant,1
toponyms,1
rt3r2jf,1
fuchsberger,1
4am,1
raigda,1
saunah,1
corocoronado,1
prodition,1
nadc11g15b05,1
d16ag0003uh0,1
ticmpa,1
faa01,1
bcd8972,1
binarity,1
tereums,1
dmvec,1
tauvais,1
1815,1
sault,1
ntinaires,1
autodesk,1
controd,1
gls,1
marshaliers,1
conjugately,1
3cau,1
tog,1
tj2,1
formicidably,1
d3c,1
abcda,1
3e05,1
acros,1
ecloses,1
lal,1
gater,1
ulturbate,1
deadyet,1
mchateaux,1
lapostle,1
cherotix,1
pluva,1
cabagemap,1
mixcdcrymps,1
abalnisville,1
doppertime,1
stink,1
goodwill,1
changelogs,1
faceve,1
aop2,1
topical,1
ack9b,1
ozf11,1
b0f4ab05890003rabid,1
ed0,1
verwandt,1
verhandlage,1
keyada,1
cheihou,1
ln2,1
l11,1
iphthyspace,1
mov3,1
hamann,1
heidelberger,1
oden,1
oversets,1
zag,1
utals,1
priestess,1
tournee,1
rfa,1
czzz,1
dialysium,1
ndau,1
uend,1
verbego,1
kallet,1
hm3h4,1
lassan,1
tricorna,1
pluencie,1
monsy,1
septempled,1
alcession,1
propresse,1
aisshort,1
fankey,1
7c,1
kayne,1
n2x5,1
oorem,1
mewtwoneedle,1
misfortune,1
unenlightened,1
cern,1
dmags,1
perplexities,1
convection,1
acac,1
fav5,1
mangy,1
waddling,1
lassie,1
connais,1
entwes,1
4v,1
dallos,1
eagr,1
ssakal,1
wadh,1
paupery,1
jufait,1
bdsa,1
navy,1
ltie,1
nctial,1
housemate,1
avenue,1
6xx,1
inaute,1
waihekei,1
watta,1
shakata,1
coredans,1
mp4a,1
mjg,1
rtmh,1
exempting,1
cite,1
sascrod,1
atkizel,1
nidd,1
archer,1
cht,1
kritik,1
erfolgung,1
entwicklzes,1
untersuchht,1
hangin,1
primemally,1
daepu,1
elaboration,1
vhvhtnrt,1
freckley,1
doles,1
mlr,1
ciardi,1
accm,1
hopen,1
reign,1
hmw,1
gaga,1
uai,1
sidemsorem,1
cauchyff,1
eqphi,1
fluffy,1
causeso,1
cntm,1
sizem,1
logarithmological,1
jn3,1
bov,1
uset,1
hoping,1
q2,1
scones,1
raop,1
ccivs,1
rauching,1
bciv,1
videnfiecken,1
nordschule,1
keavings,1
adducerating,1
cym,1
nic,1
pmc120,1
hvdc,1
15k,1
payment,1
danged,1
yavingsky,1
vedropatskaballat,1
spikenardauckt,1
hcldtk,1
sphericity,1
ferraris,1
dufair,1
coproximetric,1
noncolonisation,1
franconnetic,1
swinging,1
abaciens,1
ousia,1
babie,1
levers,1
expeditions,1
provencents,1
verfassung,1
ungen,1
entwicklage,1
fia,1
capes,1
buckit,1
agglutinumss,1
pelargonium,1
cpphoolcitation,1
mcdersey,1
cockaignes,1
armours,1
correspond,1
deds,1
monocle,1
thereyet,1
wills,1
yewtree,1
doodle,1
occurants,1
unaddressed,1
llicciately,1
summaris,1
limonium,1
kelevet,1
rainlones,1
thundercase,1
vortices,1
linearisation,1
sigtahouse,1
eyeshadow,1
bellahouston,1
foia,1
dentsy,1
arctones,1
abbd,1
saraff,1
cdk1,1
aggrobates,1
sounder,1
dopefix,1
weaver,1
o2,1
meltissa,1
a9,1
startwith,1
phoebusics,1
astroturf,1
arcs,1
luxembourg,1
vijpii,1
jdvy,1
wca,1
ceau,1
nadde,1
2772,1
ndeutsch,1
powadhvathai,1
confess,1
huhh,1
enharmony,1
312020,1
tortoise,1
jffs,1
ac1a,1
izx,1
6a9ad5b2ca04abbbace14,1
leniency,1
bbu,1
2dimensional,1
rcg,1
dict,1
setcards,1
contri,1
differfromthe,1
scattergroup,1
vcl,1
t4yadhcrt,1
cpmp,1
biparous,1
mascouche,1
dorrhage,1
vcd,1
dbjff,1
vij,1
mmpf,1
bisectant,1
4u1,1
0x000h,1
locksidewell,1
acrathalic,1
faagaba,1
cyrics,1
diphthongsmov,1
p6,1
kvagl,1
rkr,1
khcd,1
hbcl,1
clncldhltc,1
flickr,1
nonconvective,1
oftan,1
2tn3,1
tlz,1
belovent,1
washes,1
neurally,1
depresses,1
iijabaci,1
uivitata,1
herzel,1
dissimilariable,1
kekihizunokai,1
omoin,1
hatta,1
chikamatso,1
shinken,1
tashiro,1
ighty,1
pianist,1
suchly,1
srtl,1
tfso,1
nautical,1
edp,1
liiiij,1
electrodial,1
conformation,1
04973,1
ww,1
edmon,1
lmfaooooop,1
orourke,1
aaam,1
abacin3,1
postulation,1
conjures,1
deflecting,1
sanger,1
bitpop,1
noiselessly,1
yonut,1
1271,1
ecdsafs,1
acidfurther,1
celtical,1
duny,1
aragoni,1
pologne,1
pugnes,1
rebel,1
compactment,1
majorgio,1
noninproprietaryly,1
dcounter,1
36500,1
ltive,1
nadaaaaaaa,1
geezer,1
swellin,1
haaaaaah,1
ahhhhhhhh,1
ahold,1
ffsf,1
partaking,1
chards,1
strolled,1
perm,1
10min,1
tsh,1
frymon,1
coscopyright,1
psmp,1
2s3,1
listed,1
foudoushir,1
algebraally,1
dunreal,1
s8,1
2eve,1
changels,1
barts,1
nouvelle,1
convents,1
dffebb,1
comfortings,1
xxm,1
pxi,1
fjx,1
2x2p,1
sproulaus,1
alansono,1
vmv,1
nrkp,1
fjlt,1
vo,1
rzr,1
eltabic,1
ickle,1
cmonoidal,1
fisole,1
pduck,1
subbing,1
kaggel,1
feely,1
elaborately,1
autographed,1
guss,1
oooohhhhhhh,1
inverseions,1
pp5,1
farmington,1
1049,1
poulter,1
iness,1
xsx,1
lenvoy,1
twitches,1
afft,1
alwaysbeen,1
heuvel,1
monoid,1
ldes,1
elcd,1
kalrink,1
aioa,1
poelstra,1
ufa,1
ionians,1
foursquare,1
bbg,1
0xaeog,1
vrtf,1
gallicault,1
divinear,1
azd2,1
tremendous,1
parallelisation,1
bccd,1
20m,1
axiomatizations,1
rn4,1
prk,1
msdn,1
nonhomomorphisms,1
muthafucka,1
lumps,1
kalamatic,1
577550942489348384,1
syllogisms,1
oldest,1
switching,1
maximizing,1
egypti,1
lyricism,1
sonia,1
psilos,1
ornamentation,1
saint2k,1
roseamorphosis,1
kylos,1
kufo,1
classiomata,1
oswald,1
lasis,1
borderers,1
metastasis,1
neosphere,1
statusbot,1
dangle,1
featuring,1
webbell,1
hashtags,1
oversupervision,1
teeters,1
thriving,1
monastic,1
javaa,1
unlived,1
nomographs,1
buxo,1
navel,1
neurolegacy,1
daigo,1
mangled,1
spoonfuls,1
zelda,1
cokearic,1
hymosis,1
zeppelin,1
tombologies,1
triage,1
wifi,1
macrocodile,1
iwanna,1
goesado,1
crested,1
knw,1
netslayer,1
hypnotics,1
consensuality,1
incommunication,1
iwatta,1
syrup,1
node4,1
mega20011fb1f2lca9udjddnae,1
poedatsteutsch,1
shakespeare,1
ordinals,1
flapped,1
pike,1
bdd,1
targeted,1
acknowledgment,1
purgatorial,1
seans,1
treestream,1
peakbery,1
wifery13,1
memoria,1
weed,1
adfa,1
lice,1
wail,1
ades,1
caduceus,1
vet,1
wonnowt,1
atomoworlds,1
attainment,1
kast,1
innocents,1
00000000,1
brigade,1
gravelly,1
manuma,1
gravecedes,1
metaastrology,1
foregathers,1
particci,1
repels,1
endsyntax,1
integrating,1
partner,1
oyssey,1
doug,1
turzi,1
kunder,1
incident,1
seriousness,1
thnk,1
athorna,1
differe,1
doctoral,1
archivesynchronicityshow,1
legendary,1
untranslated,1
feed,1
lifespan,1
watching,1
aut,1
moderated,1
kavau,1
sonja,1
lenhardt,1
monolith,1
databile,1
enforced,1
modularity,1
literalb,1
falsities,1
abcurasion,1
yearsque,1
couchaucer,1
sizes,1
hype,1
cohobiology,1
prevorp,1
sbvs,1
abysss,1
tomfoolery,1
advisers,1
500,1
objectives,1
subreddits,1
consentible,1
fallconvolution,1
numero,1
gramme,1
instantaneously,1
1ubuntuaca70,1
confuses,1
18x86000,1
recommendations,1
diracer,1
ablaze,1
reassitutions,1
temporological,1
seer,1
weightership,1
transcend,1
upbraiding,1
hum,1
westward,1
abreak,1
deepened,1
disallotation,1
wunderground,1
masochist,1
wwwwoodforandrage,1
terrace,1
hangarounds,1
hackosis,1
colliercam,1
outweighs,1
corpus,1
adductions,1
spirals,1
deva,1
strung,1
resentminist,1
thatought,1
pony,1
credibly,1
illogical,1
approiver,1
ordinal,1
probabilist,1
perative,1
sigmundal,1
strstref,1
arimetry,1
decanters,1
poetice,1
layerwise,1
saturated,1
discontinuous,1
producers,1
mickbalg,1
unearthed,1
powerworker,1
hegemony,1
bonzai,1
diractica,1
depicts,1
kacari,1
backmann,1
crudity,1
toriditone,1
effectively,1
nava,1
inconsequential,1
urobakimoto,1
erection,1
abradeaphana,1
alchemama,1
intimacyity,1
overloads,1
uliloquent,1
entomb,1
warte,1
desc,1
inersts,1
erosimillianist,1
slouches,1
unvarnished,1
stab,1
titanium,1
deecrowicz,1
debruntezzi,1
duckrobe,1
schmidieu,1
cavett,1
kessay,1
mausty,1
bombast,1
corrodes,1
iterating,1
homeworking,1
procesi,1
cuntwhip,1
cleanups,1
invari,1
restraint,1
splatter,1
nginx,1
bindings,1
forwarding,1
spammers,1
zephyr,1
regeneration,1
erudition,1
malleable,1
unconnected,1
extrabiblical,1
wavelength,1
vectorism,1
commences,1
wwii,1
phantasm,1
graves,1
ugliness,1
alienation,1
emporium,1
exploitative,1
censorship,1
higherlevel,1
protearchome,1
stupidivism,1
painwheel,1
celebratory,1
midabspace,1
formatted,1
transmuted,1
microgrids,1
abstractkorea,1
communism,1
emigration,1
pedra,1
acacoshop,1
aluced,1
electives,1
cavity,1
operated,1
comica,1
buffalo,1
phylogeny,1
incumbent,1
monotheism,1
pleroma,1
1960,1
yder,1
fallacious,1
downgrade,1
bullshit,1
logativity,1
regionally,1
miscellaneous,1
malign,1
recede,1
moobathedralism,1
angst,1
integrate,1
ansibility,1
apocalypmology,1
thanking,1
wore,1
reigns,1
acuity,1
taxonomy,1
counterparty,1
enigmatically,1
exorcism,1
inoculum,1
caaaak,1
harmful,1
privet,1
abacixainment,1
gainidentiality,1
industry,1
soundmon,1
5l,1
buxian,1
automatized,1
moors,1
incubus,1
familiarity,1
replaces,1
tics,1
gravitas,1
vibration,1
linoleum,1
libasolitude,1
oscilloscope,1
lingeri,1
shimbun,1
metaphorally,1
fimbushus,1
hirudyan,1
motifologies,1
wakefish,1
cliffhanger,1
fungible,1
servitude,1
cerrados,1
cjs,1
demarcus,1
stalker,1
pseudo,1
sarcophagus,1
focused,1
defying,1
bitcone,1
peeled,1
recursions,1
spam,1
drudian,1
robinson,1
laopatra,1
opulence,1
zacoacher,1
showmatulation,1
unreachable,1
gathering,1
wusamek,1
seance,1
virtuoso,1
jiri,1
transformer,1
rochefoucault,1
raw,1
figured,1
kabbalah,1
lazzardo,1
photograph,1
f15s,1
canker,1
oriented,1
regressives,1
instantica,1
bobby,1
deepens,1
relatable,1
brotau,1
deloir,1
bandage,1
datological,1
isn,1
abactuacy,1
jabagaya,1
kamusinen,1
untiring,1
militancy,1
communities,1
majordomo,1
wikimedia,1
slicked,1
playbook,1
confuture,1
palsy,1
orgsleavement,1
auto,1
nextm,1
decampage,1
grotesque,1
phylum,1
200,1
affect,1
augments,1
remonstrator,1
transported,1
samples,1
turkish,1
mercilessly,1
resolutely,1
vandal,1
diversional,1
symphonic,1
1e4,1
critiquing,1
dicarus,1
captions,1
arty,1
kooky,1
purging,1
relentlessly,1
abrupt,1
piezo,1
hillbyses,1
batmazing,1
crabll,1
tonality,1
ratification,1
inehori,1
spectroscopic,1
conquest,1
ero99,1
peaked,1
nielsen,1
syria,1
conducted,1
zyr,1
roles,1
battler,1
ornokich,1
spine,1
introspection,1
supersignines,1
sensations,1
distorted,1
novas,1
experienceiphany,1
delegation,1
brick,1
ica,1
finesse,1
carefree,1
kayama,1
eyesatic,1
venturing,1
dramedy,1
comedic,1
dummies,1
adversary,1
wringer,1
tapappa,1
recitative,1
steeped,1
konosis,1
porched,1
berarnevela,1
simoons,1
incshift,1
daccord,1
pediculus,1
saints,1
spectrographs,1
reconcords,1
operus,1
dissolved,1
retrieval,1
faithfulness,1
introspective,1
moralist,1
memetics,1
perfectpheus,1
adolescence,1
cocoon,1
investigative,1
defenders,1
mehre,1
deconsecutes,1
jeunesse,1
ephemerally,1
contaminates,1
instinct,1
ikrobotcus,1
annotated,1
cultures,1
ongoing,1
metaphoroly,1
healer,1
spock,1
hasn,1
lisurance,1
distaste,1
betrayals,1
lenshard,1
deliver,1
bondage,1
rachie,1
treble,1
kesper,1
kathmanders,1
cancel,1
zenhierudzs,1
alternating,1
strophe,1
augus,1
realbrokenment,1
dizygos,1
geojection,1
threading,1
coincidental,1
minimum,1
misscus,1
methodological,1
moses,1
multiplicity,1
appraises,1
assistant,1
preamble,1
capability,1
lynn,1
rolands,1
marshall,1
stormlights,1
handles,1
reentrant,1
mars,1
precede,1
establish,1
metastiological,1
transgresses,1
meats,1
inthat,1
upwards,1
accessi,1
zo,1
adapting,1
jacka,1
jhanno,1
dissemblance,1
sailors,1
barnii,1
russell,1
decultured,1
etching,1
stimulates,1
timatha,1
hearsate,1
temporality,1
seeker,1
intr,1
adaptario,1
relentless,1
aria,1
acknowledging,1
uneaf,1
recasts,1
sourno,1
decline,1
cinematic,1
spearkpunk,1
leveraged,1
obfuscation,1
liberatory,1
merit,1
nomem,1
artfully,1
perceptions,1
fathom,1
heightens,1
chap,1
declare,1
pecking,1
larvae,1
fluent,1
survived,1
midjude,1
castrol,1
limystrophy,1
cortex,1
husing,1
specialized,1
hymnatic,1
restoreee,1
stalk,1
kinetic,1
eccentrics,1
isotropic,1
circummi,1
segment,1
wanking,1
attachment,1
looplog,1
maladjusted,1
botastic,1
rtz,1
noizee,1
miamimma,1
dama,1
teui,1
iku,1
afeciz,1
necrophage,1
motifs,1
spiritualurectors,1
sinistashas,1
deposited,1
plenary,1
feast,1
fears,1
macrosial,1
ovus,1
noticelists,1
resonations,1
aburbematchetic,1
encroach,1
aphosis,1
cardinals,1
reactivated,1
roxx,1
suspense,1
splines,1
transplant,1
purevpn,1
crawling,1
kink,1
deciders,1
spouse,1
laundering,1
bookivist,1
lucy,1
deconstructing,1
agme,1
fraud,1
fuzz,1
lambdiction,1
conuster,1
homeslayer,1
anus,1
creoleism,1
000000,1
expose,1
attaques,1
hep3,1
antarctica,1
anhymic,1
estimates,1
dracula,1
sulfur,1
verare,1
gridded,1
urs,1
udp,1
rope,1
embody,1
warmind,1
agelessness,1
pysinx,1
radicals,1
protofiction,1
supersized,1
foque,1
medley,1
volcano,1
reguards,1
aierci,1
metastasy,1
fraternal,1
seperate,1
instanti,1
colorization,1
enhanceds,1
demetrius,1
tentative,1
manipulating,1
adept,1
journalism,1
schizoid,1
sinklocheology,1
unifying,1
repetitions,1
bicendemyr,1
safetycatapult,1
discoverables,1
chiasmora,1
ncove,1
imams,1
dogma,1
plummer,1
reminisces,1
accepting,1
likeness,1
asexual,1
vsunct,1
maxime,1
yaterica,1
cheryneeyes,1
errone,1
equipoidence,1
cloister,1
aaau,1
bsa18,1
occultist,1
feigned,1
medics,1
remembrance,1
metastasizing,1
fract,1
hunters,1
personals,1
helicopter,1
sinner,1
shutdown,1
goldita,1
sacramental,1
filipin,1
britique,1
dueauthentic,1
unityof7beauties,1
volleying,1
symbolosis,1
streaming,1
maleomorphic,1
introductionativity,1
0row,1
akashic,1
delightsome,1
synthetics,1
atticonomorphism,1
glassfalls,1
indifferent,1
respawnous,1
warring,1
folklore,1
reprisals,1
eclipse,1
218bxgmmz0lnpht,1
medusa,1
preelect,1
lucifer,1
diverse,1
suppressing,1
creosis,1
parole,1
mourn,1
habitats,1
stares,1
masterfully,1
biomechanical,1
emulation,1
brickmortar,1
lobotomy,1
kinematics,1
colonizing,1
elvp,1
marin,1
schweitzers,1
symplecticism,1
traverser,1
analyze,1
pohe,1
refyne,1
monarchy,1
codewords,1
meterline,1
beastagency,1
aparction,1
annually,1
syracuse,1
teachers,1
genera,1
abatl,1
stochasticizer,1
ventilation,1
requesting,1
rigor,1
botas,1
caci,1
flogging,1
prespace,1
evoked,1
sensor,1
witnessing,1
kybernetz,1
vestre,1
bodysmography,1
falsification,1
mirroratial,1
criticizing,1
markgit,1
lightfully,1
sandberg,1
zarrows,1
detectable,1
pointers,1
lineablos,1
systematically,1
durmt,1
contexto,1
wasted,1
selfgrade,1
martyrdom,1
arction,1
elastic,1
hijack,1
routers,1
unbreakably,1
superhighway,1
hotbed,1
000003,1
undead,1
percentage,1
priorality,1
assassination,1
emojisject,1
operigmosis,1
ighted,1
ultimatum,1
evolving,1
thrums,1
ignores,1
cuckawg,1
cupping,1
metagame,1
foreshadowing,1
reoccurring,1
buddhism,1
weight,1
abstractism,1
tribunal,1
overcenter,1
tetropole,1
targetment,1
modular,1
experimentological,1
maniation,1
battlefield,1
antibiotic,1
esmogrification,1
hotmail,1
beavers,1
syncent,1
mush,1
iblenisk,1
skepticism,1
touser,1
lifework,1
geocentric,1
documenting,1
erstwhile,1
bmicacell,1
compendium,1
rape,1
recoverition,1
animus,1
impounded,1
midprint,1
regain,1
apunk,1
mem,1
selects,1
holiest,1
floated,1
snowland,1
hereiction,1
subterranean,1
erratively,1
modess,1
mana,1
tranq,1
jusz,1
impossiblechemist,1
unraveling,1
flirting,1
stultifical,1
cryptotypes,1
jettisoned,1
thf,1
cooffence,1
eline,1
smallie,1
complementing,1
impose,1
expectancy,1
ikin,1
trademark,1
synonymously,1
frrrs,1
deeps,1
suture,1
endangered,1
appeared,1
popularism,1
worships,1
grad,1
burials,1
trois,1
seassana,1
oppostamus,1
commandeered,1
desktops,1
blackrock,1
medbay,1
lume,1
humming,1
axistime,1
mumin,1
sentinel,1
vaporized,1
varicia,1
rondo,1
offsetting,1
dydle,1
bauxite,1
sliced,1
distinguished,1
kaleckis,1
malpractice,1
arsen,1
psyche,1
erosia,1
prioritize,1
preserveings,1
vehicle,1
prohoright,1
tiers,1
psychologies,1
mesodicy,1
banjo,1
interrupt,1
detonated,1
150,1
tratman,1
transfiguration,1
daamn,1
pedophiles,1
gracefully,1
manipulated,1
theorized,1
unintentional,1
ecstasism,1
hadprogrammed,1
m7,1
preaching,1
akabande,1
convolutionism,1
homomorphosis,1
trappings,1
conquerors,1
wint,1
organized,1
evacuating,1
strider,1
ldremonic,1
achievement,1
parasite,1
fraternities,1
brogue,1
ecclesiastic,1
contributes,1
simlineian,1
meditative,1
influencing,1
forecasting,1
subscriber,1
epistemological,1
tenses,1
pronouncement,1
intosz,1
athlaauto,1
wasiphany,1
hymnemis,1
maple,1
carelessnessabacuous,1
alchemism,1
minutiae,1
transientism,1
kyro,1
symbolistic,1
osiris,1
scholemah,1
intuitionica,1
illumari,1
2sx1septang,1
roprax,1
karbra,1
certainties,1
sept,1
tomu,1
functionally,1
masse,1
quandary,1
walse,1
overcommitment,1
taxonomic,1
wheeloph,1
defensible,1
jihad,1
cocoonic,1
bibliographic,1
nearth,1
reinterpretation,1
hieroglyphabble,1
contemporary,1
varians,1
antiattack,1
abyssapyian,1
captive,1
mined,1
bisweet,1
dichotomy,1
yazi,1
nestled,1
casing,1
memphis,1
ascribing,1
appaic,1
highlight,1
convexicism,1
instrucced,1
experiencing,1
smorgasbord,1
regressions,1
edgeworth,1
situational,1
reaccessamance,1
resultless,1
migui,1
shamefully,1
conflict,1
outvoted,1
footfalls,1
jumbled,1
struptacular,1
unhandled,1
bodyshell,1
aliasing,1
vandalism,1
refinement,1
transitional,1
akauy,1
aversions,1
12ofoxdesk,1
awaking,1
kantonomy,1
useable,1
reincarnation,1
dactivit,1
suspend,1
coma,1
ugly,1
freaks,1
emergently,1
collects,1
prismmatrix,1
rewrites,1
swirl,1
subtly,1
relapse,1
wazoo,1
mantoneville,1
inicial,1
worshippers,1
qin,1
miao,1
decorates,1
treats,1
imperishable,1
tactic,1
magnified,1
mortalism,1
revelling,1
pesper,1
involves,1
urls,1
adopter,1
incorrupted,1
langarity,1
voicelessness,1
queryologically,1
nonhistorical,1
abyssology,1
abcuracy,1
journe,1
incarnate,1
protectocentrism,1
unacceptable,1
deepin,1
withholding,1
inhuman,1
locustic,1
bleary,1
overwrites,1
exhaust,1
cessation,1
qe9ropy,1
irrevocable,1
cyclops,1
aromantic,1
vocals,1
juscelios,1
mythohm,1
worshiper,1
intentionality,1
resolves,1
escapism,1
attitudinal,1
grieflectable,1
asound,1
mayses,1
socionics,1
epitome,1
karmak,1
grudgingly,1
anticipating,1
immense,1
quadros,1
heavysiloath,1
distinctment,1
selfaphoic,1
physiology,1
lolcere,1
tasting,1
guruspeak,1
penn,1
r44,1
pipelphi,1
modelership,1
hyasas,1
pheonix,1
encouragement,1
estasame,1
subhematician,1
alcoolus,1
serial,1
epithetic,1
confront,1
caiman,1
frangration,1
cowans,1
vaporite,1
digronologically,1
radiocrity,1
scraping,1
trivia,1
awbro,1
tokaty,1
magyar,1
everyiphany,1
landauers,1
synche,1
contrived,1
differentiating,1
ltoats,1
magicware,1
devout,1
egoists,1
choices,1
lienes,1
keedy,1
fugitive,1
oregon,1
intuitiveism,1
sessions,1
descendancy,1
responsibility,1
computerization,1
retroactive,1
1373df4ae,1
bojan,1
enhancement,1
peired,1
enactment,1
afteristahtr,1
lullabyutic,1
rockbrush,1
expedition,1
suggestus,1
radishes,1
godsac,1
behang,1
fwr,1
sperrillity,1
canisters,1
zoochemistry,1
bodysynarchy,1
biticoault,1
kalima,1
groupremed,1
alemonia,1
owlarity,1
vices,1
urspent,1
macabreness,1
fachfs,1
metry,1
140,1
empowers,1
farming,1
tagprologstraightsproject1021starpole,1
sperian,1
torridandi,1
madeacular,1
generationist,1
discomforts,1
predicts,1
tuberosity,1
reduces,1
neophytes,1
equivalencies,1
reinforced,1
cetaculum,1
premodern,1
orutable,1
caring,1
reproducible,1
classifier,1
encourages,1
trialll,1
onceulse,1
iashimi,1
savannah,1
peers,1
baha,1
cybernetic,1
ledience,1
rote,1
perdition,1
meeker,1
capolyms,1
devtools,1
subchannel,1
sinal,1
survivar,1
extensive,1
impeccable,1
iconoclasm,1
parad,1
dasilacci,1
neurohacking,1
goddessic,1
steeds,1
accusations,1
synonyms,1
terabytes,1
syniographic,1
unrestoured,1
algosia,1
knowledgeable,1
quintessentially,1
peakfalls,1
rvalues,1
jamix,1
maximises,1
murdered,1
juggaloscience,1
pikolek,1
systemd,1
cox,1
outage,1
biopsychospath,1
machismo,1
wideleaf,1
engulfs,1
offload,1
multiversality,1
election,1
contacto,1
yami,1
implied,1
kerenz,1
kafkas,1
desideratum,1
archaisms,1
sou,1
nymphos,1
ubiquitous,1
linearlly,1
slashbox,1
planning,1
refectionary,1
pivot,1
substructural,1
ireeporal,1
spammability,1
timestraumatic,1
fingerprint,1
mueller,1
eurritch,1
infrastructures,1
footnote,1
librogue,1
simultan,1
subjectivist,1
machinery,1
hypometre,1
kassar,1
determinacy,1
metacapital,1
theosis,1
hypostata,1
underthought,1
bugz,1
tty,1
friendoxy,1
backoquial,1
remnants,1
proto4,1
masterclasses,1
nonborrowing,1
bpo,1
hamstadt,1
imply,1
deepgimel,1
grafted,1
purification,1
contemptoberkeley,1
screamo,1
exterpiratory,1
advancing,1
ug,1
parodybook,1
brainfuck,1
diesigache,1
hydrangeality,1
funki,1
grabui,1
awaits,1
staleness,1
contrapuntal,1
arifocal,1
shapep,1
mechanization,1
selfish,1
respisibility,1
recitation,1
crustontent,1
precisions,1
enshrined,1
reactionally,1
subconscious,1
inspecting,1
martyrylusion,1
nopropology,1
unmet,1
impermissible,1
catchforth,1
reconnection,1
storytelling,1
wilderness,1
supersample,1
muted,1
stilllining,1
coalitional,1
fallback,1
shuts,1
portarshall,1
abaciba,1
civilizationutical,1
apex,1
mini,1
stream2048,1
debian,1
subcultures,1
vouch,1
transitioning,1
jealousy,1
leakage,1
interdepartment,1
enlightened,1
mont,1
eminence,1
mailbox,1
curriculum,1
unendable,1
sklearn,1
demo,1
hash,1
talons,1
forecorporal,1
latecomers,1
recursiveverse,1
anthropology,1
encodings,1
riptide,1
pragmatically,1
celestine,1
vias,1
maximize,1
dawkins,1
sleight62,1
ops,1
injured,1
aphrodisiac,1
precisoptic,1
enshrines,1
publishes,1
statistics,1
enteps,1
deawareness,1
morality,1
csutell,1
riotfinn,1
warren,1
qxdydfyv0qpyruoy,1
niy1n8kfgbaohcj,1
drei,1
sagil,1
automorph,1
maitrey,1
owruis,1
drafting,1
charisma,1
kendriks,1
accelerator,1
scorched,1
absentness,1
moat,1
rejects,1
hypothesisthis,1
seducta,1
mythical,1
detectors,1
embedding,1
obscuring,1
zoological,1
titular,1
mememaking,1
blending,1
themater,1
glasnost,1
dewdropping,1
hellological,1
specify,1
keystep,1
pluckier,1
predators,1
fromibly,1
jos,1
explores,1
facilitated,1
login,1
logged,1
masterstroke,1
kenemies,1
uptravel,1
observability,1
exploded,1
cryptot,1
jackigan,1
eddys,1
degenerated,1
metastasization,1
ebbum,1
shouldered,1
cleared,1
asynchronous,1
recalls,1
awoken,1
adve,1
maxed,1
photography20,1
inspiring,1
inint,1
merwe,1
1974,1
carbonhenics,1
shanghai,1
backsliding,1
daedalus,1
accelerations,1
teenage,1
antisynth,1
childpaths,1
illness,1
epistolologies,1
extraneous,1
descend,1
combinatorism,1
mga,1
respectability,1
513,1
part13,1
assault,1
zephenecile,1
clea,1
brusko,1
continuities,1
resentention,1
absurd,1
jennifers,1
parsimonology,1
roxxii,1
subsurbs,1
metaphorism,1
mammalian,1
taboo,1
oceans,1
batter,1
cyclonic,1
breakthrough,1
validated,1
patraceitism,1
vanquished,1
inscriptions,1
iwi,1
decon,1
rache,1
tripp,1
resulted,1
sparing,1
selfed,1
baci,1
astrogechanics,1
polarity,1
cacophonous,1
pruning,1
hypecker,1
lana,1
milestones,1
noooooooo,1
bba,1
partural,1
wests,1
relaying,1
artological,1
synchem,1
rivet,1
hone,1
archetypes,1
landscapess,1
offline,1
incidentology,1
experimentally,1
obfuscated,1
gem,1
pedaling,1
specter,1
djnau,1
emharnaos,1
kangaroo,1
tail,1
incurred,1
boost,1
superposition,1
imaged,1
imal,1
deselection,1
ensues,1
reconstruct,1
eloquence,1
powerage,1
membercurve,1
actives,1
psilocybin,1
slaughtering,1
intersectsensation,1
unravel,1
soliomagica,1
broadcasting,1
kavimians,1
hashes,1
paradises,1
wins,1
axe,1
implained,1
entices,1
sutake,1
melts,1
expertise,1
shirata,1
tailing,1
shooter,1
rxx,1
ojdoc,1
lammability,1
warmth,1
dereferenced,1
reurved,1
endured,1
atombo,1
lament,1
soulless,1
deepu,1
ogre,1
contraction,1
seductively,1
toe,1
hyperlinks,1
backtrace,1
outhabitable,1
finality,1
postpone,1
sentiments,1
manusigmatabreak,1
monoscopic,1
churchifiers,1
evidential,1
relativism,1
sua,1
liesabile,1
cancellation,1
monotheistic,1
socrilological,1
difficulties,1
compossessing,1
honeycombed,1
entirety,1
juxtaposition,1
intimate,1
blanket,1
mikoses,1
etchy,1
hierophantos,1
pasts,1
highlighted,1
diffusional,1
climbs,1
microscopic,1
substrates,1
abuts,1
gypthad,1
uyamaelf,1
openilee,1
udlig,1
kamish,1
inguished,1
multidisciplinary,1
priapical,1
gensor,1
overflowing,1
intrepid,1
scrubbing,1
unbearably,1
unknowable,1
wooden,1
repingleromorphic,1
extent2,1
subzero,1
miasma,1
overeline,1
grails,1
cullbert,1
diopter,1
captained,1
balancing,1
backcast,1
bakao,1
kalamy,1
understands,1
matrixologist,1
evangelist,1
conjure,1
prepares,1
lambervert,1
courts,1
queryedy,1
ranked,1
combination,1
holistic,1
annotate,1
ikgo,1
kaguzuja,1
hybala,1
libsynths,1
frameworks,1
masque,1
slater,1
0days,1
suchoous,1
roberto,1
ourpoli,1
extenuation,1
sessale,1
intellectual,1
dialects,1
akusi,1
cognitiveful,1
longevity,1
prefilled,1
seswers,1
stark,1
efredo,1
pla,1
rocksteen,1
obeying,1
numberacy,1
ordelisk,1
marmoset,1
exercise,1
thrall,1
ined,1
aggressive,1
infecting,1
ikastic,1
perichronic,1
netherworld,1
partitional,1
multid,1
legendism,1
falliphrase,1
accumulations,1
indicates,1
resides,1
meanstemporal,1
systematics,1
steves,1
accountancy,1
dewumbi,1
fants,1
requests,1
architectures,1
skulls,1
inspires,1
seamless,1
checklists,1
hydros,1
irl,1
countertermination,1
interoluus,1
staging,1
3o,1
plagiarism,1
angeliomatic,1
quiar,1
enigmas,1
reaff,1
terrible,1
accapi,1
intentional,1
alkylikosis,1
sanctuaryland,1
usb2,1
sonstranger,1
ingestices,1
sustenance,1
reclusaire,1
cher,1
brocchi,1
ditesquatre,1
pattern2silo,1
wantu,1
21st,1
irot,1
veiled,1
hyperlocal,1
ubiquitized,1
authenticated,1
deze,1
lineizait,1
crusades,1
mischief,1
plotlines,1
maximizes,1
plattered,1
scapegoat,1
incommensurate,1
creepiness,1
forensic,1
geosyllabic,1
subsecularized,1
iaurusti,1
overhears,1
jarowa,1
qaquilopedia,1
infiltrated,1
fide,1
omnibation,1
zzzades,1
acquires,1
manifest,1
divi,1
vip,1
academics,1
subcultural,1
volcanic,1
doubleception,1
proximate,1
bodysnatchery,1
collapsing,1
topim,1
wakelog,1
lak,1
maskers,1
daring,1
machik,1
condubridgment,1
iceland,1
duanbao,1
coda,1
serially,1
similies,1
pulselikes,1
visionary,1
sustaining,1
hackers,1
rejoice,1
antiscience,1
nunae,1
metaengineering,1
cocrobats,1
reinstruction,1
antix,1
ipso,1
humantical,1
spores,1
accreting,1
pampered,1
executive,1
szemmence,1
orbiting,1
weatherphertelemetry,1
microbes,1
languids,1
ethos,1
rector,1
dampener,1
interceptments,1
eddyschedulift,1
overrated,1
leaders,1
pares,1
narration,1
honement,1
geodynamics,1
brests,1
ichandelint,1
kenchu,1
niwabu,1
geossesse,1
orgs,1
reload,1
synonymizing,1
jfc3rs,1
realtional,1
swapping,1
crosseness,1
burbled,1
duels,1
discyclable,1
prewn,1
rwm,1
loo,1
100k,1
leverage,1
survive,1
mastication,1
showgraph,1
comminite,1
maja,1
immaculate,1
dogeoses,1
persistences,1
documentation,1
acyric,1
mentality,1
sazes,1
electrical,1
trigonometric,1
naturals,1
fucked,1
kopas,1
fireep,1
timed,1
shred,1
dweck,1
residual,1
tcp,1
mucopargamma,1
fearlessly,1
stem,1
columnist,1
coldly,1
preferences,1
wielded,1
soundtracking,1
molecule,1
hepatic,1
pessimism,1
accounts,1
intel,1
gavin,1
ceszigal,1
qwerty,1
enqueue,1
sorcery,1
compost,1
makauchi,1
wjws,1
octet,1
skillful,1
responding,1
ped,1
usb,1
induoir,1
accretive,1
chronological,1
revealable,1
atnatureconservancy,1
hucks,1
handlers,1
feedbacks,1
cycling,1
bement,1
authenticating,1
irrationalica,1
sanctification,1
ulgerence,1
fuckage,1
complicit,1
unliving,1
repressing,1
bayrows,1
kittel,1
algorith,1
cass,1
medieval,1
decoration,1
qualifying,1
waned,1
pracology,1
venes,1
extinguished,1
ludic,1
broccoli,1
arab,1
alkal,1
cohotatos,1
angelsmuseumconnect,1
pillage,1
acidic,1
burdening,1
defending,1
protectress,1
burying,1
hops,1
coked,1
enl,1
dementia,1
jurassic,1
illusionist,1
cephalism,1
explains,1
install,1
sages,1
iconix,1
teens,1
learners,1
jsoons,1
backcross,1
flawangle,1
reorder,1
confrontation,1
piechosis,1
bowering,1
identi,1
gnostic,1
clients,1
autem,1
thality,1
4beautiful,1
serving,1
synthesisers,1
droneic,1
backlashes,1
revered,1
stealing,1
reconstructive,1
aitchs,1
datagram,1
zeb,1
saluting,1
meters,1
objecasm,1
hierophony,1
rescract,1
marcillo,1
arana,1
zebron,1
keirin,1
instantiation,1
westerland,1
intersectable,1
suggesting,1
extinctions,1
kusework,1
cdic,1
sequester,1
alifinite,1
semian,1
atlatitude,1
schedule,1
biomedica,1
doorsteppers,1
butler,1
ledge,1
ecnotes,1
donhve,1
withdrawing,1
separating,1
impersonal,1
curlyave,1
200ms,1
processors,1
securely,1
recessed,1
volcanoes,1
ec6,1
swap,1
qhytab,1
jazzy,1
bause,1
deodorization,1
thousands,1
bristle,1
diopointuctor,1
nticism,1
centennial,1
garcias,1
ripped,1
implants,1
potpienom,1
savrigrund,1
floweringfragment,1
armor,1
burrowing,1
rpg,1
feminist,1
biongems,1
hundreds,1
ichy,1
gim,1
humanitys,1
alchymosis,1
dma,1
brocon,1
abacisive,1
blazing,1
weirdness,1
exergue,1
intimately,1
abolishing,1
profinge,1
transfigure,1
pablo,1
162bkey89,1
commemoration,1
shiftsute,1
contradictions,1
spammable,1
seclusion,1
institutionalized,1
machedonite,1
extenigm,1
modal,1
discard,1
metastasising,1
extremism,1
recursetursive,1
unversed,1
abcience,1
recurses,1
screenshot,1
mobilize,1
spiking,1
anasyntax,1
overurrection,1
ccp,1
ohma,1
transaction,1
suggestiveness,1
boogie,1
feb,1
javaos,1
eradicates,1
recognized,1
terminator,1
nadm,1
lucentes,1
leerier,1
mif,1
saunels,1
rolentenden,1
respondie,1
imagedition,1
maintainivity,1
obsessions,1
reptilian,1
envelops,1
boundaryxidable,1
respenditation,1
artrecords,1
ghastly,1
duo,1
mutative,1
incisions,1
cocracker,1
bracket,1
identifier,1
accos3,1
spiky,1
neatly,1
stevoir,1
grimoire,1
td,1
slooharz,1
falsity,1
pod,1
kibanaref,1
viridian,1
symbolizance,1
terrors,1
tmov,1
kicked,1
precension,1
matrixosis,1
renownedhip,1
freshly,1
monckland,1
assisted,1
karmi,1
installation,1
religo,1
bicinfo,1
repertoires,1
reassert,1
fixions,1
ezbre,1
toolymbol,1
dmattllow,1
reintech,1
surrendered,1
fused,1
artificially,1
hairday,1
charters,1
subsist,1
synaptic,1
mainline,1
bacallicism,1
iurne,1
desolation,1
abreality,1
pore,1
purify,1
trusting,1
anguish,1
propagating,1
reactivity,1
reconstitutes,1
abacbi,1
tait,1
dendritenian,1
altris,1
rutiger,1
sincerity,1
rubikovidal,1
zio,1
rhodes,1
caricature,1
dumped,1
niceties,1
tendumbnails,1
photons,1
scenatically,1
linked,1
iocum,1
zenobias,1
altopics,1
fu,1
convergencefn,1
torments,1
mirroronian,1
bubbling,1
materialiness,1
synchronous,1
umpquautics,1
sseldorf,1
recruited,1
uncomplicated,1
bloodways,1
mortally,1
taphrolabiosis,1
convorepose,1
swingology,1
carbonb,1
molyzexx,1
olyzedo,1
augmentatic,1
singlemovesharmonic,1
phillip,1
beauchamp,1
chassis,1
grid,1
crematorium,1
adalar,1
veluti,1
assessification,1
seater,1
criticalx,1
arboreums,1
burny,1
arcadian,1
reparation,1
awkwardness,1
constitutes,1
sacrifices,1
mausoleum,1
redefining,1
depression,1
hocomorphic,1
ecologies,1
destructor,1
jybernarden,1
kamil,1
kidnapping,1
keuls,1
disinclined,1
addr,1
certission,1
emoji,1
yups,1
dakier,1
motivated,1
unwitting,1
gage,1
mirroracts,1
angelically,1
leaked,1
enablers,1
fond,1
effectescape,1
exeptions,1
relational,1
descriptor,1
machinetrimming,1
appfar,1
soulbinding,1
decorum,1
pynasty,1
decoracci,1
peacebox,1
spec,1
indirection,1
synthesizers,1
obiri,1
im300000,1
convent,1
0000002,1
1988,1
showabaptaintmonotix,1
psychoanalytic,1
cohomocollectiving,1
oedativity,1
proliferation,1
orgorph,1
pindicate,1
torturequeue,1
tracheotomy,1
brained,1
glitch,1
pounds,1
soundtrack,1
backlevels,1
erases,1
encodes,1
masculine,1
bottomless,1
presumption,1
diehards,1
mason,1
justification,1
bodys,1
interpretative,1
effectational,1
instruments,1
eras,1
subtler,1
illegal,1
natal,1
irreversible,1
redistribution,1
worder,1
evapor,1
animate,1
brokeniate,1
stainless,1
roequode,1
morgue,1
specios,1
diverted,1
prevision,1
microcosm,1
afleield,1
666xdoodoo,1
fanatic,1
4750,1
lsal,1
usability,1
recategorization,1
veterans,1
operandi,1
mattersimation,1
z12,1
timelapse,1
ozmare,1
kakis,1
mathdepress,1
notices,1
wreckages,1
django,1
incipient,1
zygoscrijects,1
decimation,1
geomedyle,1
coabbie,1
ceusanthropia,1
honeycomics,1
shellacking,1
breek,1
3000,1
leilaniemula,1
digit,1
symptoms,1
sonics,1
interactively,1
mold,1
hydra,1
porn,1
obsolescent,1
storages,1
mikkos,1
selfplaying,1
injection,1
prescient,1
itsomorphic,1
quartz,1
iota,1
epistolary,1
dddfa,1
materialism,1
skitter,1
leigh,1
rewording,1
admitting,1
copeabilize,1
misanias,1
gridline,1
carbuncle,1
negotiated,1
deathraps,1
spacesauceiian,1
brilliance,1
viewer,1
slump,1
meditationfragments,1
fontaully,1
cocoplasmic,1
complet,1
recursivity,1
lamentations,1
civility,1
por,1
incidental,1
solos,1
postcolonial,1
grids,1
iter,1
ephemer,1
conc,1
subordinate,1
saddler,1
abstruse,1
treewinters,1
selfsovereign,1
deployment,1
handwritten,1
qw1,1
pane,1
graphicalabuseforum,1
16384,1
attorney,1
i2c,1
unassigned,1
attributes,1
changearetie,1
doesnominalism,1
semiconologue,1
hardness,1
twentieth,1
effusions,1
obstacles,1
linkathon,1
tsutomate,1
quieting,1
callow,1
audit,1
skimmer,1
flateness,1
contaminating,1
uicu,1
rih,1
ax2,1
0mz,1
azn,1
category1,1
bdmp,1
zbasp,1
peony,1
bourget,1
973,1
subsamples,1
otpf,1
dfidg,1
transfer,1
dij,1
uxmutefirm,1
18hhs,1
trainings,1
94mins,1
semitone,1
davoured,1
convect,1
paidgers,1
lurking,1
lys,1
bspace,1
volatiles,1
rcp,1
datapoint,1
iary,1
persey,1
thn,1
f4p,1
yabconjunctal,1
elivable,1
quantization,1
mcginnock,1
bibi,1
aaaaaaadaa,1
cretaneness,1
0npaunism,1
72000,1
abc35ff5071aecddaf73bbabfeb4,1
slowlyer,1
moosinski,1
36m,1
agglutinarity,1
dxy,1
substances,1
postulatedthat,1
h00,1
expansional,1
cms,1
rizkoff,1
bortolotti,1
tertullian,1
colette,1
mapsq,1
addidropic,1
bcop3,1
panko,1
consoling,1
philiphus,1
nebula,1
denoising,1
respresent,1
theyhole,1
bucks,1
booty,1
hehehaha,1
folder,1
arrghhh,1
iggy,1
agra,1
idon,1
flake,1
nold,1
han,1
biet,1
fjall,1
garn,1
volppier,1
ameling,1
knitting,1
earrings,1
knt,1
abes,1
prioritously,1
fiery,1
coverings,1
supvises,1
dand,1
heytime,1
freqs,1
anecdotes,1
fanningdahl,1
verstegen,1
geschimie,1
illuzung,1
kommandale,1
nugs,1
cocksucking,1
chantieau,1
bisectivists,1
automatisme,1
vaudois,1
innoins,1
enhancerment,1
hereina,1
pageants,1
sache,1
restorecy,1
desist,1
througoul,1
taylors,1
dives,1
hafu,1
kathryna,1
nadershops,1
dougland,1
alemolet,1
mandatory,1
deviant,1
wavaiplocs,1
definiton,1
tiempo,1
ell,1
netswhat,1
amygos,1
daalio,1
unpleasantly,1
philanderers,1
eqrth,1
duxel,1
osr,1
hup,1
prodio,1
ind2,1
libuteu,1
applicative,1
camille,1
quercus,1
chomping,1
bamagan,1
gels,1
dial,1
drys,1
violists,1
carburetins,1
locations,1
rides,1
theano,1
precess,1
computerise,1
agitators,1
waging,1
chemtrailslave,1
tropics,1
thrashing,1
marchingrabathian,1
lessix,1
pidian,1
me2cas,1
abmp8,1
uplands,1
underqualify,1
goonkabut,1
linejacking,1
linezzaggin,1
roller,1
devectored,1
dons,1
capcom,1
arenthin,1
craps,1
legally,1
lmulenl,1
definetively,1
rhj,1
uda,1
abacnovember,1
debsymdd,1
violon,1
posta,1
armani,1
stadahl,1
abconsecutive,1
nid3,1
abcid,1
2mnd,1
bbaaaarthbtffbbaiaggi04,1
charle,1
wayneeeeeaaaa,1
nlog,1
vivorous,1
shantel,1
sweevey,1
electrocuted,1
nintendo,1
meeple,1
urinate,1
concavations,1
rauschbach,1
gegenkommand,1
monomorphism,1
eqult,1
leu,1
morphing,1
setzzz000,1
dtihina,1
mattidale,1
latsausen,1
shostock,1
fallow,1
chroma,1
checkin,1
restricting,1
ofnshed,1
thealg,1
infractional,1
metternals,1
awadh,1
procter,1
gamble,1
bollocks,1
hemoglobin,1
saude,1
onil,1
cedar,1
carsten,1
foreclosures,1
vodourau,1
zymote,1
realshore,1
compressor,1
nagai,1
nuamos,1
hyantectasis,1
cesare,1
aluit,1
platt,1
nelle,1
ditions,1
clerestere,1
contrivances,1
exceptional,1
weekly,1
seeeth,1
vierling,1
ioweb,1
erewhile,1
peepholes,1
sadowa,1
sadhvam,1
abcding,1
byay,1
charveo,1
qualitative,1
considerably,1
ceilings11,1
wetlocks,1
yasmub,1
mq,1
vagabonditude,1
frosch,1
louts,1
search20,1
idcdk,1
pixmot,1
yakayobata,1
libnose,1
oplarge,1
jr,1
sale,1
graphline,1
emple,1
9c,1
binningen,1
stegosaurus,1
2fapkyou,1
isolating,1
infested,1
xenobite,1
supping,1
noi,1
xyr,1
vavnrab,1
chompers,1
duckducking,1
dumbass,1
alle,1
illlau,1
laurentiams,1
martyretienne,1
vidal,1
belloux,1
civilian,1
volatsgeschichts,1
zuvers,1
desai,1
stirpeter,1
duct,1
shoudlt,1
coch,1
w89,1
monotone,1
vrabab,1
jefferies,1
efric,1
petersburg,1
aparts,1
therealbob47,1
lyenum,1
35af,1
ferrets,1
greenish,1
phylogenetics,1
connected1,1
tellers,1
faos,1
projetable,1
congruency,1
unopposed,1
jackknife,1
sitin,1
puzzled,1
diphthongskull,1
bogglingly,1
complexcausing,1
mavens,1
hympos2,1
jolie,1
arnoux,1
1805,1
sveender,1
bestra,1
clearinghouse,1
indecent,1
lisbeth,1
intratum,1
extention,1
awaited,1
josie,1
keypress,1
korden,1
120mb,1
isff,1
chayna,1
zcluent,1
deduced,1
ringbeson,1
penevault,1
broeckheure,1
directional,1
continents,1
guidelinix,1
uncomfortable,1
colonel,1
coombs,1
rutschland,1
wimple,1
ropic,1
heesey,1
1theorem,1
hanker,1
upg,1
abency,1
edication,1
withelething,1
bouldering,1
elanchroical,1
threatening,1
akamskaya,1
ns4yr,1
dz04,1
pdo,1
phreaking,1
conduit,1
tribbalism,1
categorical,1
ordinate,1
perturbates,1
dietrich,1
oral,1
impresario,1
abaciar,1
fondness,1
jerry,1
vender,1
yyhvzbj,1
rustic,1
nonmonetary,1
soaking,1
walkin,1
mcgarvey,1
parameterist,1
augmentations,1
iou,1
lcl,1
obj,1
acho,1
jkvyltmt,1
hnw,1
caminazzi,1
ecto,1
iaye,1
cheglie,1
favreau,1
applause,1
gmt,1
callolve,1
figdset,1
beckewell,1
respectable,1
nagile,1
chtor,1
nady,1
located,1
sunsetonce,1
whirls,1
scentwhennoise,1
whenin,1
sealsauce,1
ijett,1
jnev,1
keynotes,1
php5,1
almanacs,1
bawden,1
menscheine,1
ose,1
branchy,1
lowrance,1
pitting,1
humidity,1
djredwin,1
pamper,1
extricately,1
deplane,1
haviiiioux,1
2705,1
unixico,1
hals,1
opus17,1
interplays,1
stromberg,1
abacienck,1
omeld,1
doduh,1
offagabatta,1
dulladhvam,1
enin,1
scient,1
plttts,1
viardimon,1
rabai,1
saffron,1
abaciolus,1
srtio,1
ticking,1
ratin,1
curreal,1
abshhaaaaavadhcsaadjdh,1
abcuii,1
kestalliz,1
abrympathophysia,1
survagance,1
trifle,1
dhvnui,1
sayings,1
0017ve,1
carbolic,1
ivoryraithell,1
garage,1
stonking,1
nowah,1
2epsilon,1
lyeck,1
xellert,1
ugations,1
adopters,1
tardis,1
clamshell,1
loewenstein,1
langai,1
tulagi,1
abbce,1
mspozinate,1
00hrs,1
aggierge,1
winging,1
measures,1
aucemball,1
xlz,1
edo,1
paioa,1
metisampled,1
sialina,1
geneva,1
brassicas,1
ui91,1
decimina,1
fiambra,1
lessly,1
xfer,1
denominator,1
orial,1
liiiii,1
wax,1
timetraveldome,1
toothpicks,1
ofc,1
manningen,1
emendative,1
mented,1
onpoints,1
overor,1
attachingdeleveraging,1
ablt,1
bayesism,1
hannawreath,1
hazelnut,1
sunflowers,1
bu,1
cwhouse,1
bh4ing,1
dampens,1
mimesis,1
abbb4,1
crouch,1
idealizer,1
fluex,1
rrtltreestasis,1
etel,1
testiphth,1
karyogenesis,1
handping,1
introducing,1
0x00,1
karmichaels,1
bashes,1
frankencrab,1
ashamed,1
omatic,1
trivialisation,1
raing,1
acaloid,1
cybersaw,1
mnduck,1
download,1
imagemon,1
dressier,1
jaunty,1
abccfa,1
ecluda,1
christiethe,1
psaf,1
dakio,1
nsistsah,1
phronometry,1
goonightim,1
emergential,1
stuffed,1
doggie,1
cups,1
poudreaux,1
circumvention,1
tzt,1
maurosis,1
ackeria,1
monografie,1
pluix,1
searningan,1
erzgeberkommuniker,1
kolle,1
vereinscher,1
gammonachismegist,1
dja,1
ampp,1
garaigne,1
copen,1
attect,1
serayouh,1
yachts,1
nanobots,1
yakuza,1
handoff,1
shuttered,1
ghtmp,1
lyam,1
rout,1
thzz,1
shotin,1
approches,1
bourdain,1
righta,1
ophan,1
embalism,1
forlets,1
legislature,1
digest3,1
hixy,1
upts,1
ntly,1
snorting,1
usedt,1
decried,1
nonchalant,1
speedcubicle,1
coquettists,1
effigy,1
micsucka,1
p04,1
pmha,1
caultie,1
parameterisation,1
sinkovitch,1
uploading,1
johnny,1
scaffold,1
stripsci,1
melkau,1
stanzas,1
bayourethov,1
institute,1
admixtures,1
kegerah2,1
subliminally,1
acida,1
ebst,1
attaining,1
uage,1
urns,1
handstore,1
deute,1
nombrer,1
soudouche,1
posthumous,1
xym,1
sbc,1
referenced,1
infinitivolution,1
hehhe,1
realmodulus,1
semaphrodite,1
aragonian,1
lecturers,1
gnosisight,1
setucy,1
flippened,1
beia,1
ijiv,1
finalarity,1
llbucah,1
nm9nde,1
8aiuneau3y,1
wz,1
ads,1
longhandway,1
whitelines,1
spar,1
urrrrt,1
abcic,1
scalars,1
herrmann,1
librarian,1
jakowice,1
corides,1
moramis,1
foudy,1
perrault,1
barnaby,1
patty,1
daydreaming,1
swampland,1
mathew,1
demystified,1
expiry,1
subpopulation,1
nnew,1
ceenazadhva,1
diyu,1
veeraye,1
miramo,1
hazari,1
chialapad,1
swabiannet,1
wheneman,1
typist,1
10l,1
environs,1
hillsdale,1
hattice,1
operable,1
rubias,1
haid,1
kornunst,1
vortel,1
seit,1
2269,1
1883s,1
reported,1
albumau,1
anthropologists,1
capst,1
leerdo,1
marnier,1
iation,1
pip13,1
ammar,1
gabrielfavrechtestag,1
unfilled,1
kathaliak,1
icos,1
operantiam,1
semioticle,1
licence,1
edgeort,1
koonin,1
woort,1
depreciated,1
untaxed,1
carburettor,1
wagonsie,1
fewg,1
chir,1
sayy,1
pixfones,1
reattached,1
lognet,1
veridical,1
checksug,1
expansionmissile,1
wedges,1
volettico,1
bcashti,1
ravingsfar,1
multisig,1
coffsari,1
shellspace,1
forex,1
rmbr,1
crosswind,1
sambuca,1
buggyhorse,1
ecquivant,1
fished,1
pews,1
shanties,1
theresv,1
superbasement,1
yadda,1
tritoneoisometrics,1
rtsim,1
knowledgable,1
marvellously,1
noopposite,1
thruthrough,1
trisectors,1
obtuscular,1
neal,1
subdividing,1
hireoooo,1
chuckwagon,1
hyun,1
byung,1
chagrin,1
doubleexpression,1
concurrently,1
held,1
eaststar,1
billidony,1
ghtthrt,1
consumable,1
logist,1
yoers,1
raisin,1
brooks,1
dreamwalk,1
weirdly,1
hidein,1
slimming,1
orchid,1
jeans,1
ilateral,1
seten,1
tripod,1
acknowledgments,1
hydrates,1
thespleen,1
yron,1
plummets11,1
unnamed,1
sarto,1
multivolume,1
landesmuseum,1
monthly,1
lmtpk,1
cutta,1
poctymaking,1
chemnetics,1
freelance,1
hiho,1
sotos,1
chouxhons,1
whichis,1
liefeld,1
wop,1
eberside,1
lookedlike,1
cater,1
simian,1
arp,1
morva,1
plummetsjama,1
agr902,1
divels,1
makkhung,1
haiina,1
abaccel,1
acciled,1
130fps,1
sempervy,1
xibeck,1
italics,1
publy,1
filer,1
combine2,1
dopen,1
dired,1
listenate,1
agape,1
crutch,1
ssing,1
limbed,1
0u,1
breakers,1
halgertron,1
spitzer,1
krismo,1
xvl11,1
nonnico,1
herringals,1
ulan,1
bator,1
justins,1
upland,1
aimp,1
parallax,1
baaaaaa,1
lturn,1
0x04,1
plug,1
7a12,1
mumbrella,1
abclogseries,1
pathfinding,1
lll,1
jugface,1
lm00083,1
borway,1
everfalls,1
archivision,1
agil,1
obesus,1
demoted,1
polemic,1
tarte,1
blois,1
duckduckdooh,1
lne,1
3xn,1
scapers,1
clemency,1
gto,1
myrt,1
contribue,1
fleckonne,1
manteles,1
matine,1
reproachfully,1
aggrieved,1
refour15000b0000049d,1
organne,1
radix,1
babushka,1
diasquatica,1
infilitration,1
ffort,1
u0,1
bps,1
sensitiveness,1
unsolvable,1
gallico,1
whaling,1
studled,1
trek,1
ditesreous,1
enims,1
contenant,1
ahurek,1
kiva,1
indias,1
ashwin,1
cruelly,1
logr,1
sah,1
decketry,1
clopeppedia,1
disgusting,1
indirectional,1
metricals,1
brtjs,1
bytigers,1
atrium,1
rtai,1
hizaya,1
seriese,1
abovecameo,1
salted,1
pipa,1
tbd,1
disjoints,1
stendy,1
rth,1
endsight,1
sided,1
lmde,1
axialelintegration,1
eqonebrch,1
fyl,1
onlypires,1
admiringly,1
obi,1
gratifidou,1
multispectral,1
ringin,1
ceilioole,1
karyometry,1
havocian,1
infallible,1
chad,1
ombre,1
limousine,1
gavarnonian,1
reassuringly,1
courted,1
bzzarella,1
120400000,1
vectorting,1
cozys,1
candidal,1
thundersto,1
lso,1
allergies,1
makalorevayan,1
optimum,1
familiarization,1
lesauro,1
eqnoci,1
pubber,1
deacon,1
supersault,1
metronid,1
autoregressive,1
coriolis,1
micron,1
phyllis,1
iamalternate1,1
supersededseparate,1
impala,1
bayline,1
plainwithincorridor,1
biollis,1
gyp,1
snafu,1
sundresses,1
fleshing,1
anaff,1
predict,1
laaii,1
rands,1
cek,1
individuating,1
batons,1
exclude,1
fis,1
stoppel,1
beads,1
milkmaid,1
skyhook,1
ifbrady,1
antirelective,1
kerykosvitn,1
handrails,1
dalympathers,1
flannel,1
arpeggio,1
contine,1
apparitionary,1
hurryingly,1
wereucking,1
clasped,1
oconnelly,1
doingle,1
forecourt,1
istv,1
hofmacht,1
szz,1
alicias,1
seize,1
flattie,1
halpern,1
stockton,1
8kwh,1
vancouver,1
cnetcast,1
dubious,1
ratings,1
bmox,1
dataclass,1
sre,1
nuaggot,1
awoke,1
truthotron,1
rt1704,1
xmarble,1
torso,1
gaaaaaaand,1
rucky,1
lyricophones,1
covl,1
alo,1
gcando,1
tutorials,1
ggplot2,1
abecessor,1
reconsume,1
hamstruck,1
xlimax,1
gouvernement,1
frizzard,1
upunder,1
daurickal,1
macs,1
yisrael,1
endney,1
slovenia,1
gladesman,1
yatinu,1
roseau,1
bloodsome,1
aoobai,1
baton,1
desirable,1
apropositional,1
amanstoppel,1
exc,1
waitingfor,1
beckham,1
barometer,1
aof,1
abicrodynamic,1
partitionate,1
arkady,1
musa,1
lmqr,1
dapdtihdo,1
doi,1
typoppii,1
sonny,1
portidosimple,1
lmif,1
stata,1
math89,1
indexedby,1
2b2,1
coe,1
devian,1
dfmp,1
mlj,1
dbic,1
6cdst,1
getcords,1
tafthre,1
corrida,1
lotta,1
bonaventura,1
scowl,1
aww,1
ued,1
tatsui,1
seu,1
06,1
convspace,1
pencanderelt,1
antonexistent,1
alye,1
axij,1
extensible,1
eqperway,1
wre,1
wanter,1
sintered,1
back2,1
smrt,1
mickey,1
vall,1
keleta,1
allwood,1
orbital,1
abc06,1
rayzons,1
zattai,1
forensically,1
presses,1
aclastic,1
arighted,1
pantyhive,1
pantsuit,1
5points,1
licitis,1
opperuntamente,1
jansons,1
rward,1
pseudonymously,1
keypoints,1
amicable,1
centerlines,1
expansionfaulty,1
youproximetric,1
juno,1
entente,1
sclaf,1
harmlessly,1
mess,1
trillionqueries,1
70900,1
endcharts,1
obeyeders,1
gyroblasts,1
withstood,1
newwaggonsatt,1
lmg2,1
sandro,1
hornsey,1
coonery,1
mobster,1
thug,1
heine,1
drams,1
lieberger,1
chevron,1
beringling,1
subscales,1
jocasta,1
arround,1
ozondersee,1
dicrandio,1
affair,1
menitting,1
mew,1
abacidian,1
foxesaurice,1
laughs,1
6cd,1
meningealic,1
ileate,1
letcm,1
naday,1
1611,1
streises,1
korin,1
dozensy,1
lovett,1
iem,1
dof,1
2bit,1
byrrnedugy,1
eluskning,1
snowface,1
audore,1
miune,1
nuesta,1
birca,1
beafa,1
tivalia,1
brinks,1
dacr,1
14m,1
weltapizzari,1
nison,1
chellaccad,1
jackgoblin,1
cutvertrip,1
pakk,1
mzrt,1
godyyy,1
soucy,1
arkademie,1
patches,1
restful,1
fees,1
carci,1
flipkart,1
tricker,1
ffblny,1
stany,1
acceptable,1
lee,1
sophomores,1
df24,1
0001,1
858,1
algeden,1
disquietous,1
wheezes,1
pitiful,1
defray,1
succesfully,1
twosysimometry,1
aligned,1
functorial,1
hamiltonianism,1
uz,1
vee,1
miuhhhh,1
adirondacks,1
meanistic,1
izahapci,1
supposedto,1
mve,1
airspace,1
haphazardly,1
felix,1
knuckling,1
classifes,1
cdp,1
cantorian,1
visualizations,1
mountebanks,1
getp,1
goldenrods,1
impraments,1
proffit,1
eilde,1
tractie,1
poa,1
elavsice,1
cdlk,1
shadowing,1
clings,1
chessan,1
nadpio,1
supersed,1
compaignant,1
llevier,1
loin,1
ml2,1
cliftonium,1
4951,1
ofre,1
w3h2r,1
acryll,1
optionsi,1
talky,1
signreoux,1
bokahcombs,1
ahammock,1
extrovertical,1
ctap,1
wrestle,1
thouxlet,1
irregular,1
graphyubic,1
atedcurry,1
anonymically,1
clustering,1
2ulrfs,1
wetbag,1
gendal,1
msanders,1
duisance,1
cbrew,1
psm,1
chanel,1
rafaults,1
hotfixed,1
alleghast,1
russinoff,1
reding,1
frooty,1
turtleneck,1
attires,1
numberss,1
keebo,1
spool,1
lt4,1
abaaas,1
mapaefing,1
highjers,1
afghanna,1
unconstruction,1
deepvein,1
adobeens,1
lesprit,1
programme,1
excitability,1
relaxed,1
reticent,1
120fbc,1
slowers,1
glasgow,1
curbos,1
crackercon,1
iphilesaver,1
diff,1
retour,1
fsj,1
s15g14,1
0rend,1
iality,1
stiftung,1
sucipe,1
srouperico,1
capacious,1
kic,1
exponentize,1
machette,1
geerno,1
hazst,1
halsall,1
1987,1
toial,1
biomes,1
cafe,1
ultunusia,1
sconces,1
dsco,1
mensaint,1
guessst,1
foxwalkers,1
answeredany,1
soonamazing,1
kzn2to,1
oicked,1
fapcontha,1
gyridon,1
vine,1
mailwood,1
icked,1
creosperous,1
inglis,1
novoilt,1
moala,1
xls,1
cinder,1
superscytheism,1
heisenbergs,1
kiper,1
bugg,1
repotatiost,1
tnearest,1
mikesmiley,1
isabella,1
campanian,1
zhong,1
bbbd,1
pfld,1
focilibration,1
kerman,1
withdrawmusic,1
openmp3,1
kto,1
equalizancy,1
glades,1
winterisland,1
raging,1
waaree,1
beving,1
willivee,1
manmmm,1
fences,1
jensenpf,1
rheinland,1
sinkestad,1
frammatta,1
peridoux,1
equivocating,1
butone,1
mek,1
melfod,1
rtnentaign,1
wis,1
gustodo,1
chordsand,1
rugsit,1
decoying,1
agalgia,1
slowy,1
eaplanets,1
kelsea,1
nexttoque,1
warmup,1
ffm4a,1
hirsutin,1
daux,1
prophy,1
household,1
endup,1
lectural,1
nl,1
patternsenyclicalaflystretched,1
brofast,1
gimlet,1
poynters,1
concordant,1
afskyline,1
kinkabox,1
fierno,1
stegmaarten,1
menschlecht,1
supringently,1
iceweasel,1
beeell,1
hads,1
nuellezzoux,1
marceline,1
raisina,1
lymphedema,1
eventtables,1
datatypes,1
libred,1
ghave,1
ishin,1
macerata,1
brodics,1
flickers,1
currams,1
rimes,1
da000,1
chirungahahaha,1
omggggggggaaiiay,1
palpitating,1
spellwork,1
arcteryx,1
adils,1
discreteness,1
verbeile,1
sauvages,1
laveuil,1
notary,1
consolences,1
ltiozz,1
flowerless,1
plummings,1
forethought,1
samphrodatta,1
streamidily,1
frominglib,1
rts,1
yessssrm,1
oxidised,1
obliviate,1
wordified,1
ase,1
rabyrinth,1
blithely,1
highry,1
suppress,1
writhes,1
2010m20kc,1
bdb,1
etfata,1
cenails,1
6q,1
7kets,1
conistent,1
sumaplication,1
eqcdcpmconjecture,1
mouseover,1
stairsid,1
skippered,1
restraining,1
outeeeeer,1
h3g,1
propr17,1
scrape,1
odv,1
airwood,1
aell,1
actualx,1
snooki,1
joker,1
viiis,1
metzberger,1
knutsson,1
refills,1
esa,1
gladiatorium,1
shouldn,1
armon,1
demanda,1
lopen,1
expiated,1
infill,1
classified,1
toprin,1
metamodel,1
kerby,1
abcpa,1
1672,1
17000,1
yokai,1
saintly,1
abca3ltkg,1
transmissible,1
brattis,1
olemouth,1
easts,1
sterns,1
ondrabhus,1
impracticable,1
physicist,1
hazmat,1
troubling,1
ppas,1
sematoms,1
prings,1
mcgurk,1
dismembered,1
profumo,1
lobsters,1
romulus,1
bisectivist,1
langerhans,1
zendesits,1
additions,1
ppalf00047,1
pplr0072,1
formials,1
trifecta,1
azaleas,1
aviation,1
chessiii,1
cortland,1
coello,1
readme,1
semblated,1
fierce,1
jockey,1
brodinski,1
bouchard,1
playroom,1
nonlocal,1
tradespace,1
obmyramicol,1
afagullie,1
dandyl,1
islamu,1
patina,1
sublimed,1
pont,1
strasset,1
damond,1
beauticians,1
arbour,1
avecavignon,1
gect,1
dagrex,1
psychically,1
nnedroveland,1
irona,1
clung,1
acceseness,1
eyenocles,1
auxorem,1
6st,1
midway,1
limpels,1
aundance,1
knitted,1
blithe,1
drakeneth,1
oleucky,1
charms,1
heartier,1
hams,1
msoenen,1
nippon,1
ientwill,1
motionlessduckmemories,1
fonda,1
havrecht,1
handsets,1
rul,1
suprabashoux,1
beatha,1
comprainted,1
conif,1
spinl,1
bufour,1
newline,1
xxxxxx,1
nowen,1
fod,1
basepaths,1
transcriptions,1
waysward,1
xhys,1
excels,1
keylength,1
cymclings,1
whizz,1
arhythmics,1
dattayyy,1
franco,1
dirtytalk,1
selector,1
aaaf,1
noe,1
fastlet,1
baileyaboo,1
uis,1
prologgers,1
accourier,1
realt,1
integrat,1
tore,1
lex,1
glasnaise,1
medi,1
modo,1
44e,1
yxz,1
amu,1
clamour,1
capander,1
virginia,1
christoption,1
throws,1
lowers,1
disbeliefs,1
fisrtial,1
pharymms,1
discriminai,1
denominations,1
froien,1
kizuna,1
kemo,1
azureu,1
yokohori,1
ekoye,1
sahihrabata,1
ounce,1
heltway,1
abpa1528,1
lsf,1
looooolpleeeeee,1
tillres,1
azeeded,1
paysens,1
koppelium,1
lm15,1
r8a,1
morris,1
rcher,1
prod,1
bc0,1
qualium,1
correspondingamiresciencesacquisitionpossible,1
ltf,1
clutchesennead,1
iih,1
relaxary,1
octavians,1
openk,1
suprat,1
seemeth,1
atms,1
snowmobiling,1
traversd,1
ceuenfant,1
admissiblee,1
credourers,1
fancyaux,1
pepp,1
p05,1
snowpiercer,1
unintial,1
senti,1
comprando,1
spicata,1
sprue,1
leones,1
dan,1
mpq,1
msd,1
ncoupling,1
2nleaves,1
lily,1
feudal,1
wastes,1
typew,1
chess2,1
rmsquare,1
nosciences,1
zdeny,1
thos,1
2dicularly,1
aaak,1
navuallysurrealism,1
circumscribe,1
auoustthy,1
36x24,1
turnate,1
eyelidsthe,1
sighttheres,1
outin,1
workingjensen,1
alleywalk,1
sleepwalker,1
entrya,1
thundercracking,1
yalls,1
strums,1
daddy,1
romeny,1
keyrecords,1
unconfusedly,1
arnd,1
nettweil,1
aguiar,1
noobie,1
undirectly,1
obliviation,1
loyalties,1
overstitching,1
fouscala,1
stoney,1
belot,1
wildcards,1
koth,1
tig,1
indu,1
rumour,1
a1n,1
wavings,1
cbfs,1
eqourences,1
restart,1
ropes,1
formates,1
baryks,1
nem,1
journeymen,1
libtoria,1
providey,1
dirent,1
despot,1
gobernador,1
sangoulard,1
errata,1
sizemacs,1
hokkaido,1
formerly,1
metricial,1
prc,1
consuld,1
rt2psoc,1
dangler,1
idempotent,1
ckier,1
repartition,1
purrer,1
lucrionaby,1
chordology,1
deltaslengthcnteal,1
tailmpth,1
dfopen,1
h120,1
collared,1
realy,1
coprolureous,1
amos,1
ltmbound,1
mattelmarcus,1
lidyskull,1
jakubileca,1
committee,1
integr,1
ropl,1
cmb05e,1
holler,1
toronto,1
onprobs,1
pmok,1
unredacted,1
sociologically,1
interferes,1
aborts,1
encounterbackup,1
eqcd,1
waterwale,1
annealed,1
floorology,1
junoise,1
plinking,1
pets,1
palatable,1
noodles,1
gabrieltiresias,1
pauline,1
enfolded,1
bugabufing,1
keena,1
rakes,1
open4heaven,1
sandbury,1
poppy,1
cowface,1
gou,1
romaine,1
okcupid,1
demiurge,1
alconometallic,1
hiccup,1
fled,1
mauxe,1
draggy,1
holdsadditions,1
bypihoux,1
xerosecondommen,1
2ring,1
inthe,1
torrid,1
divnning,1
stingy,1
barrows,1
curr,1
denepl,1
presuppos,1
circumscription,1
dewe,1
keyfob,1
peacekeeping,1
gestures,1
thicc,1
fuckt,1
rutks,1
possessivity,1
interiors,1
backblast,1
micropole,1
envs,1
vertirism,1
cdh,1
cagdcagd,1
agadhav,1
raisins,1
uppity,1
doingking,1
torie,1
polygonal,1
discsais,1
christensen,1
emsercipation,1
unmaintainably,1
nauru,1
copenhagen,1
defile,1
2ii,1
avst,1
ranisade,1
vows,1
poit,1
yesa,1
frrrling,1
calendars,1
tomonoville,1
superhuman,1
hofstetterau,1
cropping,1
reasonably,1
indicate,1
lacklessly,1
rumsrod,1
fizz,1
sexyll,1
zyroc,1
gailys,1
demutant,1
retold,1
gusting,1
ohauk,1
cosmopolitan,1
mcgaritys,1
pate,1
excoriating,1
unbelievable,1
iire,1
testy,1
vegetables,1
bagel,1
toiletry,1
diatoms,1
rent,1
lenndrange,1
r16,1
coexistsneil,1
screwball,1
mclx,1
brats,1
wankering,1
nijinkuggo,1
stillness,1
ddh,1
redv,1
sombreos,1
ewebrall,1
hoval,1
serginal,1
stuffin,1
chamari,1
sima,1
gratuitio,1
dellavant,1
suatta,1
formless,1
abciv,1
mlds,1
dblt,1
bdevg,1
corning,1
lotion,1
autant,1
saquitaine,1
wenden,1
viergebnisse,1
overdozed,1
tizdischts,1
afson,1
similaralternately,1
elytra,1
flakume,1
cadavers,1
pacefs,1
bns,1
tyred,1
musrp,1
bbo,1
wabutook,1
fittings,1
humanly,1
bitting,1
hurrrgh,1
tetals,1
barycentrifugal,1
esta,1
aile,1
da15,1
minister,1
paroles,1
sultaine,1
kierkedhauser,1
raevalaaaaaa,1
fullciphers,1
crouches,1
1992,1
898mp5,1
alarity,1
tyzygy,1
rizzo,1
tarasenko,1
nfold,1
9a,1
eromantics,1
faucets,1
c000,1
brw,1
traceroidal,1
ozark,1
hamsterdam,1
mykal,1
wierd,1
clutter,1
loebs,1
yippee,1
aiag,1
analysts,1
elzbietes,1
enfermante,1
cname,1
dog15,1
psdc,1
dangeroussorcerer,1
sainz,1
byrne,1
2mp,1
savestime,1
multielectric,1
shittiness,1
chillin,1
nocd,1
whenset,1
yzz,1
nuirie,1
backwash,1
gabardellis,1
c1let,1
tendenciess,1
obliging,1
meh,1
s3km4,1
anywheres,1
borexpinski,1
photoshop,1
amador,1
origina,1
langale,1
erasmus,1
passante,1
mellet,1
alignments,1
orwalk,1
neomah,1
nametag,1
loatitude,1
mmakin,1
forknethrt,1
deluges,1
ceucent,1
1416,1
gfem,1
russauris,1
eenyen,1
zentrum,1
runiform,1
tersee,1
tetragonal,1
convergenthomomorphic,1
subgroupings,1
enimocrisjus,1
debuvo,1
stirduckenfants,1
carrer,1
cine,1
ubeta,1
agression,1
prawn,1
keeper,1
xxxrt,1
3imeter,1
dht,1
mercialles,1
republish,1
bds,1
brakes,1
enunciated,1
elavoir,1
paneur,1
0412,1
kein,1
vets,1
cataphx,1
multiversa,1
mp5,1
paggot,1
flauch,1
freeside,1
459,1
suage,1
lsj2,1
rt15,1
owl,1
ahui,1
klee,1
moreover,1
pract,1
gratuit,1
vidu,1
dui,1
thue,1
dtnafs,1
rtiem,1
matrodensons,1
pantaglides,1
cliches,1
cesaille,1
extramarined,1
xshool,1
christm,1
sugary,1
ghb,1
sippori,1
hou,1
useo,1
muchu,1
yaowai,1
hyakushin,1
juicefruit,1
sb,1
innocuous,1
churningsapal,1
gookalsone,1
berival,1
comings,1
distancetrip,1
colloidal,1
gltw,1
daftwich,1
breslau,1
lleviation,1
evaporaux,1
aliments,1
phoux,1
tyroliphylidony,1
cosmpra,1
noooooooop,1
doulaults,1
ghanna,1
flashing,1
bitescause,1
aaabb,1
rerkunde,1
kommunicationsgruppenfuhrt,1
suzgabe,1
gbl,1
statics,1
newsarama,1
lvn,1
trills,1
fiddled,1
fiscalcyclethe,1
ords,1
egg,1
1947,1
gendarmerie,1
004,1
delic,1
realemselves,1
washingtow,1
novelette,1
tellis,1
enschede,1
combe,1
blackwales,1
duckers,1
decisiveness,1
enchan,1
tarquin,1
bae,1
kapel,1
dz2,1
orecruited,1
hurer,1
electrocutes,1
perpendicularly,1
heerden,1
gijken,1
cryeth,1
maule,1
thegraphedronicle,1
jagdish,1
generic,1
viciously,1
toadiness,1
hieroglyps,1
citing,1
qc3,1
unda,1
slacking,1
tomell,1
nciered,1
5x,1
principally,1
pvf,1
dows,1
displaces,1
hind,1
adduceive,1
cdara,1
tyreands,1
pricci,1
sael,1
volto,1
alvear,1
bets,1
conycheese,1
svens,1
claeysdahl,1
dagrpa,1
sleet,1
neop,1
pct,1
warmest,1
throwers,1
classrooms,1
isas,1
graf,1
2ag,1
abscribes,1
accu,1
mikesgrip,1
econometric,1
omagaaaaaa,1
sourceid,1
characin,1
harleen,1
estudiam,1
revolutivenado,1
demande,1
4p,1
vellabe,1
familariation,1
beausfleischmann,1
resound,1
verbeget,1
nellags,1
hans,1
kalaa,1
pmag,1
dmck,1
eaters,1
wpssa,1
ouret,1
ga,1
smpile,1
listk,1
editions,1
tow,1
ra0005,1
eqlog,1
sa09a,1
raynaud,1
1315899,1
lookll,1
bedo,1
freepial,1
ghbc,1
dtfsg,1
fermie,1
woorn,1
disheartened,1
u3,1
pentagon,1
use653,1
pmu,1
taus,1
cyllis,1
814,1
0615k24,1
glu,1
vltct,1
lufthansa,1
sbrush,1
getch,1
xmenov,1
log1if,1
hahahahha,1
twilights,1
avengers,1
invocations,1
xdd,1
sublayers,1
svn,1
hinkley,1
sensed,1
goats,1
logto,1
e11,1
commonclothes,1
limbering,1
wacomputer,1
cypherts,1
burps,1
bonnier,1
throbbeds,1
fingerless,1
idlineweather,1
similiarity,1
similarconditions,1
evaluations,1
postrecess,1
enraptured,1
d8h,1
alison,1
sown,1
pallets,1
ourselves3,1
movers,1
keyspace,1
govain,1
htb,1
eng,1
modernorem,1
auz,1
hindering,1
augmentating,1
rtr,1
friesch,1
metrocorpage,1
automativ,1
aliamplex,1
keroyu,1
weinstein,1
xdca,1
sps,1
crossspaces,1
p90,1
goosebumps,1
gaburt,1
yappers,1
recline,1
shiznt,1
alwayy,1
okllets,1
veal,1
rha,1
biniphtherapee,1
subclaves,1
lmovic,1
queens,1
tirreal,1
reis,1
hkey,1
1994,1
mphmmm,1
europeopath,1
havance,1
scepter,1
ires,1
philter,1
obechted,1
odenham,1
meander4,1
maigaa,1
blakeslee,1
ises,1
sandcastles,1
korunov,1
ivys,1
indulgent,1
diagonalss,1
keying,1
marten,1
endsat,1
didier,1
autostimple,1
gustatory,1
opvid,1
despenser,1
rodeo,1
levene,1
bedonardi,1
hofblatt,1
conneticres,1
ultraph,1
jatsch,1
biix,1
saust,1
recht,1
entsch,1
hamler,1
vulgarity,1
coproc,1
blackspace,1
pallydns,1
itting,1
concierge,1
musuleau,1
blocke,1
latins,1
paycheck,1
trundles,1
simpleneurons,1
logset,1
backtrack,1
plating,1
pantograph,1
0iii,1
fusiouui,1
charac,1
terial,1
hocommunitysincethe,1
canv,1
sjekyllandfranken,1
belchuck,1
anagram,1
homestay,1
mp3ris,1
vincials,1
scumbags,1
drakes,1
tersely,1
everyday,1
oerlin,1
butah,1
manusicana,1
unhappiness,1
adamdawnaction,1
ekara,1
withreesert,1
serried,1
c14,1
scotch,1
bedline,1
uncle,1
beeps,1
fudge,1
chloricorn,1
marchetti,1
opulentus,1
ufl,1
kunai,1
mccallum,1
schwarz,1
gauging,1
robustly,1
thresholdology,1
chet,1
glauser,1
iouxth,1
stabled,1
waaaaaay,1
abacibiad,1
pmap2,1
cauno,1
african,1
daston,1
beenhin,1
taileth,1
logar,1
scintillation,1
bach,1
uit,1
rt00,1
procelectrical,1
crediting,1
savkoovitsky,1
voskolev,1
dng,1
clang,1
screwkart,1
maculance,1
uddindirect,1
opopsort,1
kphicropolis,1
gasplants,1
teenagers,1
maniacally,1
spoliation,1
dimorphic,1
retaign,1
dainestieskabutumnoi,1
regressing,1
doesherrr,1
inversein,1
clasts,1
anice,1
sprouts,1
chutes,1
nxxe9b,1
virion,1
setroom,1
monodeaux,1
chamb,1
verrodancourt,1
noires,1
detailant,1
delspeth,1
eurythmics,1
proletivities,1
nagrance,1
algosubject,1
purchased,1
donerese,1
crag,1
kansaschlicher,1
15m14s,1
lidlare,1
rockarten,1
interjected,1
nozzle,1
aft,1
rightdial,1
upsertably,1
heds,1
auau,1
sti,1
washington,1
mothballs,1
ickin,1
chitinous,1
getz,1
tubby,1
wayward,1
steerhumped,1
cisling,1
knots,1
nded,1
endbrace,1
defz,1
thmins,1
tunes,1
solvable,1
repulsed,1
vadimetrable,1
mpaak,1
inversionary,1
quadriceps,1
superposed,1
simeq,1
prequantified,1
theirarerespectively,1
voxelzid,1
parsons,1
ration,1
248900,1
ceilin,1
clivities,1
ploide,1
terre,1
bugle,1
kahlt,1
maroc,1
envoyant,1
sset,1
intensify,1
speeda,1
leaver,1
vertuisseurs,1
g72,1
apeutic,1
zun,1
hablinvaus,1
sylvaninis,1
sauvencyllativitabile,1
verwendiges,1
aufhechtsbuch,1
stattung,1
verdenk,1
broadway,1
swearing,1
feebles,1
poppins,1
dntookery,1
twitlonger,1
mediarets,1
tranquilles,1
frac,1
catbody,1
eeny,1
rheostat,1
westy,1
palstered,1
asthimple,1
caphrodite,1
hyundae,1
kuz,1
mozoomh,1
repress,1
confessor,1
scholastic,1
obligate,1
reinspection,1
precast,1
botticelli,1
embark,1
enforcers,1
typists,1
considerals,1
peeks,1
zest,1
napoli,1
salivate,1
kewt,1
5x20,1
coelacanthy,1
initialpositions,1
2ft,1
mitting,1
liston,1
framewise,1
hymnally,1
apollinaires,1
chumps,1
flopsie,1
cfthe,1
nams,1
formsochron,1
abacaigne,1
sqem,1
00120,1
inflectively,1
pcap,1
1919,1
0b,1
ector,1
opconditions,1
clans,1
coal,1
tizschina,1
definerely,1
2rt,1
bhttps,1
arnmonkey,1
primer,1
dition,1
noninverting,1
yaw,1
ifloth,1
injector,1
definitionof,1
dash,1
encolombed,1
1209,1
beeken,1
curbbit,1
acceptunists,1
raevens,1
dblk,1
shard,1
servo,1
5x1,1
gauna,1
hellfire,1
posed,1
pg,1
unaf,1
kzw2gcd,1
ghats,1
heteroscedony,1
biotite,1
acronym,1
edwardfold,1
arbovial,1
2500,1
erp,1
aaar,1
g5,1
makaras,1
dokumentari,1
phospholipids,1
specimen,1
egyanas,1
pendingcomplaints,1
ombrecht,1
focusively,1
ducktrying,1
bendraben,1
destination,1
auerbach,1
organina,1
x86n,1
karity,1
patois,1
generis,1
reaction1,1
seepp,1
czech,1
garbes,1
estion,1
dcelling,1
okmlt,1
closeted,1
nijnants,1
79000,1
hyrt,1
baccarat,1
obfismatic,1
fess,1
mshtriszpinski,1
odometer,1
walkhrod,1
flatmate,1
tassel,1
daillery,1
evacuations,1
onhomousm,1
wimp,1
cmp000r,1
1r,1
repugnant,1
kent,1
ectorai,1
iframe,1
crays,1
signifies,1
aidolphe,1
molecularity,1
abiezyberian,1
sin2,1
nontheorem,1
epflz,1
wasp,1
lepre,1
coffins,1
fitzpatricks,1
setters,1
vrvats,1
haft,1
headlight,1
venal,1
supersammaog,1
wedie,1
wans,1
cra,1
inebriated,1
seckles,1
chestnut,1
sweatshadow,1
deco,1
goldenflames,1
lineso,1
pm2,1
ff12,1
errolle,1
waikato,1
ries,1
llaurori,1
direciduit,1
automaine,1
trouvaires,1
vahspek,1
squeezein,1
jasons,1
shinss,1
tso,1
torriceks,1
owing,1
brandon,1
barycone2advee3,1
50k,1
recizztting,1
canvassings,1
transplants,1
dbhmmmmm,1
demirno,1
urinary,1
abadf,1
entropies,1
lupule,1
ceuvolo,1
entendrescement,1
gargante,1
pattnax,1
exolumniate,1
daga,1
headscarves,1
nadtpopissa,1
yoshire,1
sanduram,1
latersometime,1
inicodey,1
ddlp,1
pawsauce,1
dilute,1
lsh,1
faccr,1
conduction,1
gattaca,1
agglomerationalways,1
diffrometric,1
oceanographic,1
estuarine,1
walway,1
rhms,1
snabb,1
spf,1
inhale,1
parallelland,1
brodsky,1
bestialel,1
acri,1
adversarial,1
ftarpool,1
bolde,1
ohuzuko,1
pave,1
disused,1
sproulhof,1
drobbing,1
hlsf,1
xmb,1
30hp,1
aibb,1
menschache,1
understandings,1
suivre,1
traversu,1
trompe,1
lorr,1
vmon,1
hieronymus,1
blaszym,1
servants,1
3em,1
hinkering,1
concomitantly,1
sigs,1
bagrtg,1
windings,1
sixth,1
zrwz,1
infestations,1
nicarbo,1
tirio,1
mao,1
hapo,1
semison,1
bsa,1
biopsy,1
ymkalleilaoispartition,1
ives,1
dazalevic,1
bornt,1
rbrage,1
wasausland,1
causer,1
daco,1
putrefy,1
foundl,1
nned,1
pcy,1
ceutronium,1
shea,1
nad66,1
ymctotic,1
confortions,1
doux,1
abay,1
nector,1
cortices,1
alchy,1
troubled,1
chandelier,1
micsa,1
unspeakably,1
ethereality,1
lucile,1
frecklewood,1
cn3cnt,1
lagging,1
peregrine,1
singlet,1
defaign,1
cyclones,1
yancals,1
iaffronciations,1
setazes,1
hermit,1
kemp,1
molesarity,1
hyrf,1
zxbh,1
manwalkin,1
owlsgla,1
plotfixt,1
brokers,1
cowichan,1
shouting,1
dusky,1
impute,1
lohe,1
micsusphere,1
30mins,1
arescrewdriver,1
ivhould,1
ellevander,1
eva,1
ebra,1
hiergo,1
loquitos,1
thenn,1
saulty,1
oakeshott,1
gammonis,1
lzzzduck,1
suphusst,1
sleepiest,1
supersplitina,1
c3e11,1
bking,1
1v2,1
pahrer,1
orgmod,1
kristin,1
coursing,1
metacarprod,1
dellortiz,1
latta,1
facilitation,1
reflug,1
unfavoured,1
treads,1
cemetaryese,1
distancealgebra,1
agitates,1
vntreeing,1
rabidly,1
flic,1
caualysto,1
regulus,1
nection,1
amystole,1
prtp,1
hasta,1
compraremendo,1
ltn2,1
ypuxrodos,1
wsc,1
anhed,1
therent,1
swamps,1
paulson,1
microscopy,1
drapery,1
nanomethile,1
rooftree,1
compracking,1
shrotipriaputtoen,1
noobhamning,1
xdtthindeterminate,1
gale,1
doit,1
dile,1
autorit,1
m83e,1
yell,1
dimly,1
8ybb,1
noooop,1
weeeeeeeeck,1
toriander,1
nokey,1
spatiotomulus,1
94,1
implicate,1
squad1,1
reallyneed,1
irishlexor,1
conductor,1
bugenhagen,1
arbours,1
fleasole,1
eyeglasses,1
sapience,1
redshift,1
rottereidiges,1
sounditudes,1
enshrouded,1
decage,1
trilateral,1
ennobled,1
yavant,1
c4e5,1
brotchee,1
elisionials,1
immediatelywards,1
biaa,1
alrw,1
shihai,1
nctrain,1
estmnt,1
cactus,1
chainmail,1
chucklet,1
devices,1
topboards,1
ileydawn,1
lecht,1
sicherheit,1
chaudi,1
aguna,1
suprabakian,1
shizure,1
dissapointing,1
ects,1
dissapeared,1
abcdapsb,1
r120,1
ap,1
soooed,1
hyaallll,1
xerxes,1
heckler,1
koch,1
trickier,1
discords,1
jubilation,1
chippewa,1
overtime,1
1clusters,1
suster,1
cheung,1
idealisation,1
postrivalli,1
euabaci,1
upsoodoo,1
sisd,1
derho,1
directory,1
fru,1
claus,1
henge,1
shipwrecked,1
awool,1
frizzs,1
scold,1
familile,1
kekurya,1
gunning,1
eqthen,1
lodcr,1
fseek,1
ochoredirectors,1
micsubotic,1
briado,1
thic,1
awaymoppey,1
tamarisk,1
cond,1
cretaceous,1
sediments,1
alconatic,1
homeland,1
accw,1
tymclic,1
rdrh4thenbd20,1
resounding,1
cavitation,1
ieee,1
kmm,1
ffu,1
hapoole,1
saudaremons,1
lnd,1
imployement,1
fusing,1
hydrochloric,1
seemingly,1
lz0,1
generalist,1
moissy,1
2snombhcxwvuwudbbmtmicabdpe,1
biologically,1
coppola,1
8000k,1
clausu,1
elgino,1
angustible,1
freeness,1
suppresses,1
pietrol,1
weiz,1
bielsen,1
sukonake,1
stinky,1
windpipes,1
decidensed,1
commune,1
dented,1
psychosomatic,1
crodents,1
kurzweil,1
tomorrowcid,1
matilda,1
sels,1
o1,1
mnd,1
arrigo,1
seridio,1
1511,1
leadsy,1
plusiv,1
consisted,1
prearence,1
natalh,1
funphi,1
organisational,1
prudes,1
relives,1
odtting,1
substantially,1
abed,1
mhcd,1
031549frsv,1
0c1e2,1
sagnetics,1
lavalles,1
h20tcl,1
ljz,1
dbval,1
paler,1
con16,1
huijoure,1
amclown,1
huffs,1
ral,1
grieve,1
babbleings,1
obtainible,1
theorem16,1
ultimal,1
acoplnet,1
abce,1
jagier,1
hr,1
confetti,1
inviolably,1
defecating,1
blueberries,1
drivers,1
krasinski,1
archiv,1
vidimos,1
allegori,1
abigaildenham,1
wobc,1
worm,1
burners,1
lukewood,1
biiowihk,1
envycdaajg,1
systole,1
phyllose,1
supersucker,1
writable,1
hamper,1
tfaaabb3s2nncac,1
toothache,1
cyphernet,1
havehs,1
ra2ii,1
epsth,1
ul4,1
2le,1
wkm,1
moreso,1
packaging,1
oleicaluspensibility,1
idgin,1
metahuman,1
archieved,1
biiortement,1
festinger,1
unmaintainance,1
abculier,1
rement,1
neq,1
sidel,1
matstrup,1
nyc,1
endymion,1
juggalo,1
retool,1
airway,1
evenness,1
arimata,1
workshopts,1
bxi,1
rbx,1
mjk3,1
wjsrt,1
rdiparnos,1
metovolem,1
bestimmung,1
secretly,1
logbook,1
biatchi,1
1135,1
itreality,1
curbs,1
greeting,1
flatfold,1
cutoff,1
branchlogic,1
beeies,1
tock,1
wallss,1
claiml3,1
simoidal,1
elsozzatoll,1
nizammemoria,1
bronx,1
slender,1
gijs,1
agonyafairs,1
beaver,1
haffairs,1
albatross,1
swam,1
targetid,1
fixnum,1
ashby,1
aaaaahahhhh,1
rafaally,1
pizzagate,1
vlhomomorphism,1
monophasic,1
alimony,1
adultery,1
supposeants,1
leastgrip,1
insh,1
startof,1
ddc,1
enhancers,1
pcheon,1
alj,1
lmcl,1
ppmeans,1
fascino,1
apparatus,1
reckontwilight,1
gauges,1
acceptor,1
axyrewear,1
endend,1
ain7,1
innermost,1
regionals,1
substructures,1
orqi,1
betokens,1
wetsuitday,1
eyelet,1
unintuitive,1
linus,1
torvalds,1
metacognition,1
comhairle,1
contepulendant,1
mundoires,1
woodclosed,1
daless,1
innelling,1
knd,1
d1d2db,1
edict,1
itsthebeautifulyy,1
seagulls,1
disentangling,1
digestival,1
screencast,1
tiiit,1
pans,1
delphi,1
nigorously,1
afroflox,1
hamway,1
topsy,1
turvy,1
tapline,1
nne,1
mour,1
oligocene,1
enervation,1
warms,1
endecked,1
chirophysis,1
pointes,1
itd,1
ab2,1
bjr,1
sharking,1
knellows,1
oped,1
expandable,1
etn,1
toth,1
icc,1
ktah,1
salmona,1
halbad,1
morningyness,1
againing,1
ucr,1
chans,1
unrecovered,1
diolmon,1
grievance,1
chunking,1
dfaj,1
girlish,1
vane,1
aba16rx,1
timesa,1
metafilter,1
rspbt,1
definitioncheck,1
deluxe,1
bes,1
kauppenfantland,1
sonderhausen,1
meulsschmid,1
organizin,1
vielet,1
foraves,1
graze,1
trims,1
gri,1
xyrcata,1
lierer,1
setz,1
asool,1
diurnal,1
sectional,1
alistata,1
dva,1
linewidth,1
vaule,1
noponyms,1
immago,1
mick,1
martha,1
solace,1
hvi,1
3agres,1
veckle,1
studs,1
contortutively,1
epep,1
harding,1
durid,1
saighagger,1
citizenza,1
hike,1
assents,1
accuse,1
fffffff,1
ganga,1
ideaa,1
streambed,1
sweatsnets,1
yalling,1
finnishspeeds,1
towhere,1
breckenridge,1
aiccs,1
orray,1
equilibria,1
pergola,1
rareference,1
caveats,1
aruspical,1
marionese,1
fresherial,1
sieulden,1
gynthetic,1
eruptive,1
impacted,1
rakish,1
ecquevoir,1
blackjack,1
volzell,1
waterway,1
dickinson,1
slade,1
podcasting,1
crosschek,1
cfsymphetate,1
carolingau,1
eons,1
tueland,1
unnerving,1
proveant,1
fcdf,1
redisclosed,1
untracked,1
v0x,1
szpp,1
deckmates,1
advection,1
ppc,1
hallucinogenic,1
tendsive,1
hieronymously,1
spahn,1
perfed,1
cxxhcvyk,1
guille,1
enhaton,1
implanta,1
abginciert,1
diagrammatically,1
attired,1
illuminated,1
hightower,1
christmass,1
remoulded,1
jcommsenneine,1
foudouck,1
abakun,1
nadda,1
gimbal,1
zoesey,1
polonezes,1
fishin,1
zort,1
joules,1
beingentering20,1
86,1
formalism,1
intuit,1
hubie,1
cd4,1
ard,1
grimly,1
shorty,1
setzels,1
ursprung,1
autoencoden,1
nea,1
netherlesswinnow,1
shallows,1
nadnek,1
deforturne,1
peeling,1
individuate,1
moncoloured,1
h2uoux,1
vosper,1
vinaigrette,1
bawling,1
fsted,1
rying,1
errrck,1
1c8,1
poops,1
vyud,1
cruel,1
anatomical,1
simullette,1
mascots,1
uberschmidung,1
axin,1
cardbacosthe,1
cdccdltlde,1
duf,1
mnopare,1
po904,1
pqk,1
sophma,1
shinsou,1
carious,1
rambam,1
cyrus,1
dragatta,1
tundras,1
cautionary,1
qmavmatio,1
0ne,1
preconjunctive,1
syr,1
brinkrer,1
entrants,1
wc2,1
12d,1
rtsp,1
verry,1
undereit,1
iterates,1
abaqavs,1
reginald,1
ential,1
contrary,1
desampled,1
duets,1
crooneball,1
haters,1
merle,1
imori,1
ukuleine,1
aoyuschallenfantzen,1
aprod,1
qa1,1
q0,1
irs,1
snowbank,1
noobviousness,1
dcmhyde,1
displayrenderingperiod,1
erring,1
proscribed,1
checksysepthe,1
outcrops,1
untutored,1
drainments,1
unspoilt,1
numberp,1
trees14,1
rotund,1
nvvb,1
concordates,1
meint,1
saet,1
pretentious,1
gladly,1
zipperspans,1
foxs,1
dictatorship,1
summons,1
aternal,1
firesagne,1
rmoxt,1
neglecting,1
statings,1
qe,1
speckers,1
kbmp,1
waaaaay,1
dtal,1
unidimensional,1
modisel,1
yespic,1
facs,1
uffno,1
punchin,1
proofsig,1
pairlets,1
prob,1
meridien,1
mononuclear,1
fission,1
555rt,1
moebius,1
boisson,1
lunariation,1
surveillance,1
fund,1
silo,1
lockclip,1
gorgeously,1
flinders,1
3apsaa,1
ofhingl,1
furthers,1
versole,1
mclouds,1
neil,1
tunissa,1
twitteradh,1
betest,1
langui,1
10n,1
wadhake,1
ida,1
putative,1
uvig,1
111,1
yugoslavian,1
mathematicsprobeonline,1
dolts,1
accipit,1
concursare,1
filchis,1
meridiani,1
sedulum,1
profunditate,1
fellatio,1
puggy,1
requisites,1
deciseness,1
kreijot,1
pipama,1
spoitadhvamaprabhistha,1
vedavatambhva,1
luminasadhamanieu,1
formiles,1
ag1,1
spillin,1
reactionfesta,1
diveny,1
asio,1
fret,1
panellists,1
fingery,1
hollaing,1
stroubled,1
dialectic,1
dire,1
sunsetmonday,1
necology,1
tyrus,1
rtcdsa,1
logz,1
dvbs,1
hokk,1
rippons,1
bitterones,1
cydr,1
redy,1
haw,1
sateny,1
rai11rttltuskcijht,1
swivels,1
organoleptic,1
redolent,1
sonderung,1
entrecht,1
koran,1
siehin,1
sonntagsam,1
metzinger,1
gulsari,1
schiele,1
recomputes,1
serendipity,1
pmsf,1
probabilisitive,1
alchimatizado,1
infrasounds,1
passyboy,1
assumption2,1
welcher,1
gazelle,1
lookish,1
nonrespondent,1
copolymically,1
gutting,1
satee,1
eqnux,1
shined,1
thuster,1
ender,1
59ms,1
challenging,1
researchers,1
ligdec,1
vovitii,1
kut,1
saunt,1
59,1
electropop,1
isocaridone,1
mizeman,1
washbasand,1
normically,1
galway,1
aaaand,1
rhombuses,1
defraunar,1
ruelle,1
philologist,1
trouvail,1
ahly,1
15000,1
landinged,1
feathers,1
derierogique,1
maviial,1
arctimie,1
touraine,1
circulationmp3,1
d811,1
11hrs,1
whitecaps,1
eccentricity,1
sds,1
deteriorates,1
alors,1
carping,1
ennio,1
bossthy,1
innerpoints,1
vijellati,1
bumble,1
interlace,1
blender,1
pppap,1
asatime,1
isrt,1
clauchy,1
clusteru,1
bdg,1
suballocations,1
lnort,1
roam,1
fishery,1
slobbering,1
cogcd,1
slacktivism,1
splicing,1
mastitis,1
weinberg,1
chowl,1
mosis,1
loewt,1
godot,1
prequences,1
manuele,1
confants,1
metacarpetology,1
vd,1
atz,1
dominate,1
broeckheuser,1
env,1
matek,1
ying,1
nang,1
sauna,1
uvilorharbour,1
saxitaaffpayio9vltepuii,1
saxbaloid,1
nonindexed,1
ckfs,1
matveijt,1
hofvaar,1
ocht,1
tempus,1
copperton,1
novoleaf,1
immagination,1
ceresis,1
gauntlet,1
crunchie,1
glace,1
translational,1
ockham,1
natureg,1
deller,1
p14,1
rauk,1
heated,1
fretchmann,1
breakpoints,1
moz,1
binet,1
abacievelisoved,1
progresss,1
kull,1
embraces,1
formd,1
pastel,1
amalgamated,1
aours,1
monkeye,1
forc,1
9dimensional,1
equilibriumoidal,1
arele,1
demos,1
xxlt,1
kalnev,1
hahahahuna,1
whatwiththe,1
karyomi,1
peculiar,1
flaming,1
complexoid,1
nexistent,1
maskc,1
illored,1
upt,1
24mp,1
adtpw,1
erinal,1
yrid,1
revenir,1
partie,1
duckhouse,1
peerdb,1
adverbiale,1
nanoseconds,1
gasoline,1
zilles,1
sequential,1
plans,1
z2o3,1
vov,1
l00,1
x1rt,1
hookahs,1
flix,1
expressions,1
differenceal,1
nonet,1
carstensen,1
pijffrol,1
keer,1
5whaleau,1
casault,1
urch,1
oggoria,1
descarte,1
0set,1
rummaging,1
mineralogy,1
ammonia,1
redisystems,1
characterisation,1
wits,1
roberta,1
chude,1
1515,1
kalance,1
hotdually,1
gav,1
stamboulaye,1
2003et,1
siebl,1
foreeeeess,1
bi2,1
funhum,1
mammon,1
nadborne,1
reclaiming,1
pvrt,1
attn,1
miuple,1
geoid,1
dissolving,1
tribal,1
doubyt,1
alconambient,1
rticp3,1
arecomplete,1
nia,1
brd,1
churning,1
dard,1
poonav,1
possori,1
formulaion,1
japanese,1
holevy,1
betwixt,1
0j,1
abcaco,1
op74z,1
pinecone,1
rajbb,1
dtf,1
figbed,1
agglutinates,1
t01040330,1
k0513000,1
iixxix,1
cataloph,1
ghavovk,1
leonard,1
gratie,1
zahal,1
langier,1
unguentes,1
hiunters,1
batspray,1
sandbag,1
enimic,1
serpentically,1
normalssemiiform,1
zimprizeprod,1
sizedquad,1
boundaryspace,1
museums,1
waddell,1
ovi,1
greenhouses,1
flans,1
eric,1
pocketed,1
marigold,1
gyrocards,1
jugeman,1
discoveries,1
ens,1
gangly,1
repurposed,1
ballet,1
misty,1
matured,1
gammel,1
signifiers,1
counterexample,1
lewbridge,1
predispositions,1
khrystmarsky,1
rainwood,1
000005072,1
macduckie,1
tve,1
7in,1
hanger,1
cklady,1
torres,1
verrairie,1
coon,1
uddy,1
cyane,1
struggling,1
acralic,1
hurmony,1
hula,1
trysts,1
daughn,1
feelings,1
demeaning,1
iats,1
cii,1
abancara,1
enrapturing,1
ca9doar,1
nip,1
spacetimes,1
fjord,1
zjgzzz,1
gbdev,1
endo,1
xxd,1
2ing,1
ghouli,1
stickman,1
map0,1
pharaoh,1
cheerio,1
falconi,1
pickers,1
funideal,1
etherneti,1
aet,1
weatheravigation,1
55500,1
whitening,1
videnfants,1
stochastically,1
lmduryh,1
lassau,1
moires,1
repcht,1
philosophie,1
kritische,1
vltveit,1
entschied,1
utc,1
permeability,1
surback,1
bizgin,1
jeeves,1
iiap,1
consecter,1
auci,1
mmmmh,1
realyy,1
iphants,1
cdizzaretto,1
motioned,1
1then,1
prevpositions,1
nuq,1
drizzled,1
refs,1
decorator,1
robocall,1
p1s,1
getdegree,1
qt,1
perpetual,1
jag,1
louest,1
hallucinogens,1
caseaperture,1
mlgfsimulation,1
oleander,1
manhattan,1
tittle,1
mauguita,1
yogot,1
ewah,1
iago,1
stemium,1
glucom,1
8128,1
auburnia,1
solvents,1
ltc,1
fishlike,1
fwah,1
auxiliaries,1
figintek,1
intermedian,1
fink,1
koppels,1
calculation,1
aggresively,1
pmage,1
passacer,1
mytext,1
umm,1
soles,1
extendably,1
kahltage,1
hierntags,1
3wjh,1
120c,1
dfw,1
distract,1
goings,1
kaloissa,1
modulation,1
acro,1
merited,1
crapabowl,1
r8,1
xhbz,1
cephalometric,1
j3y,1
formulabile,1
priode,1
cdesign,1
munchausens,1
tractate,1
2space,1
exclusion,1
555120,1
accomodations,1
projekted,1
yy2,1
zyd,1
zthi,1
ius,1
whocouples,1
mitted,1
excites,1
bivyology,1
r7,1
abacool,1
quantitation,1
dfddd,1
acrathmophysis,1
agelalls,1
pleased,1
kgaloreltzagre,1
definetown,1
harpies,1
bratty,1
trifract,1
thne,1
laaff,1
ling,1
carton,1
gcuppt,1
bivided,1
disrolled,1
treesweeds,1
rotm,1
convhufahtoy,1
ceptatoffahtisheulvihyckol,1
westfalls,1
1r2,1
gimball,1
cif,1
earlymorningspeck,1
tesquivels,1
2eleuclid,1
coords,1
nexttomatopewitz,1
enhoesta,1
usted,1
exhaustra,1
ambly,1
capstan,1
quahog,1
corticoster,1
prance,1
2404,1
logsize,1
heeheys,1
hefbing,1
boutts,1
yugoslav,1
bandycereus,1
searchesrecords,1
plod,1
vidimatica,1
multihippo,1
eche,1
7o,1
noobbery,1
ataat,1
uddi,1
cdt05,1
andial,1
dancers,1
flee,1
draye,1
beaned,1
designs,1
allim,1
azalese,1
hilf,1
aspic,1
difphi,1
datastore,1
lonesome,1
hawked,1
ceaselesslet,1
aves,1
slackings,1
msts,1
interconnoisseurs,1
calligraphy,1
pimpernel,1
blackline,1
reminded,1
vouchsafing,1
abathursa,1
spanning0,1
garnet,1
monostatic,1
haunchards,1
brodeman,1
skrtsa,1
numbered,1
minence,1
enimace,1
infinitesimal,1
glect,1
istence,1
ved,1
perma,1
3120,1
79th,1
viell,1
grooves,1
accdata,1
cottrell,1
viight,1
absentball,1
weoped,1
pimpface,1
catharet,1
bratta,1
boniface,1
mese,1
kinde,1
tant,1
marca,1
chiesa,1
contenqui,1
auss,1
melior,1
verwegeendungen,1
amigos,1
bd04,1
precipitation,1
abb00cz,1
baily,1
nses,1
1092,1
saps,1
tsn,1
xlpyr,1
leafs,1
typhing,1
fattened,1
flippers,1
gemma,1
gummimbas,1
thatsnthb,1
averished,1
changeless,1
thu,1
goe,1
eyep,1
detendant,1
jacki,1
hooking,1
hadron,1
consigmoid,1
graphi,1
asds,1
funchos,1
eagraaally,1
crotches,1
10khz,1
abcju4q1a,1
6usf,1
dishonest,1
allegedly,1
heldenberger,1
sparrowconson,1
diatribes,1
micha,1
southwester,1
catsknowwhat,1
casole,1
lengua,1
coupaye,1
acrued,1
smock,1
gunt,1
mares,1
biatch,1
husk,1
whycewhy,1
suicid,1
prizag,1
softening,1
recompressing,1
abivote,1
convo,1
pri,1
expecting,1
undoes,1
mozarts,1
db11,1
retr,1
spoolier,1
connoisseurs,1
designers,1
ruellet,1
debant,1
moinsci,1
havres,1
discards,1
bifurcates,1
disjointly,1
torem,1
innolati,1
imprimata,1
verbo,1
quipe,1
rechim,1
inlet,1
guis,1
townnc,1
leeward,1
sical,1
perflorescence,1
rois,1
vivreie,1
fedina,1
enimient,1
stellij,1
entendue,1
xubresflt,1
ler,1
briador,1
hardstyle,1
activitythis,1
shiv,1
invariantless,1
psyre,1
scattering,1
acrop,1
tacto,1
reflectorem,1
nadtp,1
strideau,1
shorter,1
verbeek,1
plausibly,1
everday,1
marxist,1
gltangtolabrush,1
1mins,1
tedgonzales,1
xib,1
zic,1
nanostructured,1
arbor,1
facieret,1
lykaxon,1
rubs,1
389,1
soall,1
interject,1
phonograph,1
sverige,1
entspleint,1
hervor,1
dopplegungen,1
periauroux,1
connaissance,1
chevalierieux,1
rehh,1
dants,1
hetigo,1
smoothly,1
wkih,1
paz,1
audiotape,1
e20,1
subsetret,1
starless,1
auropause,1
incheshorny,1
bcs,1
bifurcation,1
672,1
imprecisely,1
acropre,1
odds,1
definit,1
liquefier,1
sack,1
gutters,1
bieber,1
treaty,1
makka,1
kunnedkungen,1
stattste,1
entschuld,1
flauppenfra,1
completenesss,1
visiteding,1
nyusta,1
rehashes,1
rocio,1
uvy,1
iphile,1
pham,1
woolison,1
proline,1
simplify,1
portable,1
cars,1
enelift,1
hagan,1
deventer,1
thundernet,1
cathede,1
chic,1
rizzoli,1
haddad,1
lcol,1
dallas,1
respectflex,1
coleoidal,1
pepara,1
brtz,1
breaths,1
romandie,1
campitude,1
fffft,1
inventing,1
lucidian,1
hahhahaha,1
abactive,1
l11v1,1
rn2,1
ffents,1
affectore,1
aperturbed,1
occultists,1
metricization,1
p2p3,1
mahl,1
ltox11y,1
dissimulating,1
lzt,1
cdmb,1
daughters,1
earring,1
malsy,1
eclosion,1
mpu,1
chingchang,1
anglophone,1
wendahl,1
rm2t,1
endata,1
generalizing,1
designerslogs,1
ascensionsceneryviewmult,1
sheshov,1
complicate,1
saka,1
rietjens,1
5faulty,1
pertwein,1
wirespray,1
decoux,1
verbose,1
qualit,1
mensaie,1
abcintu,1
isk,1
sherman,1
sysnutrasseans,1
duckit,1
deter,1
invertiable,1
othello,1
stp,1
7ms,1
zapad,1
sauan,1
dsppm,1
tapers,1
fou,1
axs,1
dtype,1
ceilosis,1
pxx,1
licks,1
10minutes,1
oooooool,1
picagnamentally,1
assemble,1
sicoph,1
abc20k,1
weakconditions1st,1
cisaurocas,1
rtal,1
osway,1
mentors,1
ckles,1
dzt,1
ripin,1
kds,1
edmonton,1
abectisleaf,1
emsitology,1
fao2,1
adio,1
sauntisio,1
handout,1
cathed,1
transiently,1
izakahalap,1
kata,1
selvan,1
tekai,1
jedare,1
voori,1
kea,1
suyatta,1
michak,1
shrugs,1
pbr,1
ick,1
dreamers,1
mbit,1
ate,1
sharknet,1
shrew,1
cmp3,1
metamaterials,1
nxn,1
scendency,1
vka,1
rnsalgia,1
6731204914,1
telegrams,1
mightve,1
multistage,1
sffs,1
bounder,1
jusrejours,1
owes,1
opo,1
2fa,1
ronique,1
plonk,1
pozzella,1
mizunori,1
mishimizu,1
shienabei,1
daetos,1
diflfs,1
nadnalophones,1
xhkeye,1
dutchmen,1
chafaking,1
rheugosuen,1
seht,1
entwicklauf,1
cba,1
15hrs,1
caunoio,1
closis,1
lapels,1
noncorrespondence,1
buggymoose,1
nsrtls,1
adduce,1
hltjnd,1
tct,1
gmf,1
dcn,1
aaufa,1
ukatta,1
cheek,1
ached,1
languid,1
idemology,1
d2l,1
aloof,1
dotz,1
dotted,1
corollary,1
faule,1
611,1
0x14c000k,1
pdt,1
abcff,1
doxygen,1
xorgms,1
wkim,1
glottere,1
globecommunications,1
follicle,1
coagulation,1
tones,1
fpf,1
24x24,1
vyavonov,1
garb,1
xlsrmp,1
lba,1
8e,1
espace,1
shr,1
izimit,1
ceclites,1
alcantile,1
pipeline,1
browseer,1
nonconventional,1
neighbor,1
yull,1
righteously,1
viceland,1
31a,1
sectioning,1
tac,1
provences,1
downloading,1
0008,1
h6,1
seaport,1
ialas,1
hose,1
basics,1
extensions,1
ntimated,1
p3rtclxx,1
xhb,1
vat,1
thtth,1
hdntwlt,1
scala,1
allez,1
langish,1
svalbard,1
semitropical,1
cmpt,1
heffner,1
matthewhermit,1
javapowel,1
ghc,1
isections,1
agglutinomial,1
laidlaws,1
patties,1
babies,1
bivy,1
siraabbb,1
pxh3pxxcflty4achkmdowawzgy,1
mahjeckpbbu8ajgz0o,1
pinks,1
usiemens,1
ntool,1
fak,1
obama,1
whyst,1
thout,1
hofle,1
dellolivier,1
makimian,1
pectoral,1
hjt,1
voos,1
pxf,1
vrabunen,1
menschaufen,1
oerden,1
yeck,1
sbbs,1
handcuffs,1
cosell,1
kubrick,1
interweaving,1
ain,1
barbed,1
73000,1
dabysitting,1
lydiate,1
viveux,1
lectem,1
droits,1
marquees,1
sonko,1
hungagawa,1
oakes,1
mhvl,1
tialhf,1
p00,1
yielding,1
russung,1
supposition,1
prival,1
5c,1
aclal,1
thusfar,1
clute,1
achop,1
hcdg,1
enriches,1
bcd2,1
diametrically,1
acmb2c,1
3v,1
fahatchanga,1
brocadeck,1
abandigo,1
rttalicmphung,1
acrosmphones,1
endoclinic,1
ceq,1
suspiciously,1
sandal,1
supanova,1
kth,1
ltions,1
fishface,1
mahhahaha,1
chaye,1
xid4,1
xxzzzfd2vizltkfavrtrvhgtejmiltzj5,1
yljbb,1
adivas,1
averses,1
6n,1
v5,1
dixit,1
veuve,1
rtiv,1
weltrip,1
xlsn,1
iiavp,1
dclxxxrt,1
sgh,1
somnipresent,1
14207324rz,1
russia,1
sysiminetsopnostdnsfvozapvycikcyltv,1
limonapascass,1
aaissa,1
slackin,1
arrays,1
abaccon,1
ahhahah,1
thiiiiiight,1
welcomin,1
ohhhh,1
sainsbury,1
hofmeyrs,1
sunniest,1
sedalope,1
fring,1
gnu,1
gavo,1
ffst,1
vrtafixieldimandermarshal,1
nothings,1
barbers,1
bathtub,1
27ft,1
dri,1
absa2,1
forewarned,1
provence,1
pridien,1
sysiphons,1
anen,1
dworkin,1
bfs,1
setau,1
lepico,1
mialli,1
neuen,1
revolved,1
vzz,1
yamori,1
shinkosunokusho,1
measured,1
existsa,1
lsbreal,1
mixs,1
aspect,1
ations,1
fsg,1
ffy3,1
funatic,1
ddr,1
snowmelt,1
thoull,1
nihan,1
jaisien,1
kapitomi,1
leon,1
kotelen,1
abicciency,1
msuna,1
360073,1
melonites,1
sutterstedt,1
startles,1
yumm,1
2dd,1
daw,1
aaaamnaaalgggg,1
lyricisms,1
lisandre,1
rsi,1
cet,1
accia,1
abaland,1
hymnals,1
1700,1
msz,1
aufschuldnagel,1
85,1
yavlice,1
unreported,1
kramtowski,1
ncurrylls,1
faurio,1
juda,1
1sx,1
2cdlmp,1
pauperhood,1
nadne,1
recorder,1
irreflexible,1
ncntl,1
tmux2,1
alphabetsale,1
espacen,1
ceilia,1
elispiee,1
idsid,1
hzh,1
dz1,1
caldefaults,1
leucose,1
dter,1
1820,1
gmp,1
rums,1
coupie,1
appointed,1
xic,1
d9,1
ciccd,1
dizdabutooth,1
ff15,1
agglutinists,1
phraseology,1
fala,1
encien,1
bunning,1
saiding,1
guntilde,1
mailroom,1
lwn,1
caav,1
ttp,1
cdus,1
hid2r,1
x3y0hunm00,1
zagreault,1
unspent,1
systematical,1
heterotic,1
xyym,1
2fd,1
t3i,1
nijweilung,1
nedergrund,1
vaneer,1
entschrecht,1
lippendern,1
soyuzu,1
yokohira,1
tanim,1
tavo,1
viugaye,1
defendate,1
tcl8p11,1
uiz,1
congressionate,1
zimringer,1
gottschalk,1
sieblingsen,1
infinity2,1
abscission,1
nspace,1
ltroch,1
cezanne,1
yhivs,1
ddy,1
4a,1
cdlz,1
cdc,1
apk,1
rlt,1
wtj,1
2kt,1
raliz,1
sommation,1
revolve,1
peuvent,1
vj1,1
apicfoling,1
kdalyters,1
pcre,1
smpaaezu,1
accl,1
intervaln,1
sublogics,1
goethes,1
abacf,1
noisedangerous,1
roires,1
supersession,1
portholes,1
5e,1
acbs,1
zzw,1
demonology,1
aydra,1
marchis,1
abducible,1
crystallographer,1
azimuths,1
kweku,1
hatsauce,1
huokusen,1
alasnaught,1
trainwreck,1
hecky,1
hp,1
subgraphical,1
rqs,1
yavuzhira,1
porthole,1
javt,1
abb0003,1
2riemann,1
naunc,1
allemakimie,1
ceuhemeral,1
clo,1
nascot,1
stammering,1
kleine,1
kraut,1
langauerten,1
svfsm,1
verstellt,1
verbeijkeitsbrueckes,1
kommunich,1
gegenflage,1
graphsectionss,1
krector,1
upport,1
hmmhmmm,1
kalamitor,1
wflt,1
xxviis,1
catchup,1
climescluster,1
5fm,1
circularity,1
2cd,1
uag,1
bopp,1
enmigo,1
wak,1
nung,1
righteousness,1
0mn,1
uvm,1
xlv,1
wls,1
oep,1
tosetz,1
jzj,1
120mins,1
ltodata,1
kook,1
id1,1
gemai,1
logdish,1
mufuckas,1
clarifications,1
legwork,1
lux,1
axxii,1
giv,1
xjf1g,1
yyuijuakagata,1
3d1,1
sublog,1
selected,1
eq4,1
acmcl,1
rankings,1
lorb,1
stresses,1
partitionary,1
chrt,1
metaprogrammatic,1
fltimes,1
definitably,1
subduple,1
excerpting,1
perrineau,1
549,1
nightingales,1
blindfolded,1
nafau,1
amlzlt,1
rtkf,1
erroneously,1
sost,1
ustilie,1
liminalization,1
abacidd,1
eqpschr,1
diagens,1
tard,1
rk0,1
mpr2,1
lullabye,1
jezebel,1
abbcffb,1
picos,1
macroscopic,1
emsu,1
kommuniverskitationens,1
verw,1
appropriately,1
lqlt,1
lmk,1
commenting,1
inasmuch,1
lusavants,1
durnberger,1
woodson,1
guidelinesnete,1
siskell,1
mcgill,1
cutlass,1
njth,1
iditive,1
doesin,1
spout,1
051,1
n0x,1
bendwise,1
logtheorem,1
dendrei,1
aest,1
sixties,1
dalf,1
romains,1
alfaroff,1
epsilos,1
enswater,1
vagal,1
shrieked,1
vaint,1
hdstore,1
9h2,1
h3k,1
bellum,1
ouser,1
stables,1
vii11a,1
acw,1
poisauce,1
gorge,1
acbb,1
cd0,1
junix,1
adivose,1
ibc,1
da11,1
rfh,1
electrophoretics,1
eqn2dcl,1
lmf12,1
yakapai,1
abacb,1
staycation,1
aceptio,1
abathung,1
eagles,1
hhs,1
f1r0m3,1
dalagreia,1
cfa15,1
tamagreia,1
wonnt,1
4pms,1
yonhaporn,1
quadrant,1
christia,1
recycled,1
zrtj,1
pve,1
emacsmarbleblogspotlight,1
ran,1
makntiv,1
dhttapov,1
s4j,1
4ssa20,1
biallelic,1
baud,1
zipad,1
spacez,1
iau,1
gewirt,1
mihischuld,1
tatta,1
spouckenfahrt,1
spierge,1
prefix,1
novelary,1
sizemans,1
umbu,1
izakana,1
piccda00089,1
abelives,1
h2h20,1
conexample,1
realspace,1
hxx,1
fsaps,1
20u,1
7c3,1
dbf4,1
lasko,1
tensem,1
hnth,1
lllt,1
wlxxrwqzwvy,1
bizg,1
ncplgy,1
rddrt,1
modifiable,1
lumin,1
gnawking,1
lls,1
ntive,1
refusivity,1
ptolemaic,1
accomperance,1
arme,1
mschwierker,1
vahnt,1
nonlocomotion,1
rem,1
shnk,1
videm,1
lequivalent,1
olivia,1
makimina,1
hagata,1
dahana,1
kagoyaki,1
tanabe,1
arbiv,1
borgeman,1
s1a5,1
arkwood,1
enamel,1
probablybe,1
nues,1
eard,1
r4j,1
abconvergent,1
abanduredevalency,1
sx,1
doj,1
accomodating,1
logitorem,1
coding,1
adfs,1
casings,1
r3xj,1
faas,1
3es,1
bclm,1
defused,1
abaciodemodels,1
wer,1
soons,1
thihtiality,1
abccaelicia,1
gcidagrip,1
s120000,1
nadarbara,1
dauchy,1
poeting,1
marguires,1
subsetspace,1
edmont,1
maysiah,1
supotina,1
novels,1
myfashionshop,1
ruggiers,1
ruag,1
rapides,1
arctices,1
meeeeeel,1
therehin,1
ac2,1
mphg,1
yels,1
makimid,1
cmbg,1
lyminski,1
kauffler,1
dup,1
rze,1
arbitrarily,1
nm4,1
ster,1
subsequence,1
cowling,1
6c,1
neptable,1
huiche,1
gaggeraa,1
interoperate,1
wmp,1
d4rbcs,1
fcdt,1
2tb,1
kilde,1
haubert,1
eraigneurs,1
enferments,1
suvaires,1
palatowski,1
cleeses,1
jervis,1
fapical,1
fjxi,1
zai,1
delian,1
x3a,1
subdividers,1
pphv,1
supression,1
shelf,1
abyrsa,1
ymk,1
log2s,1
clouse,1
sundry,1
btai,1
picagraphed,1
kak,1
byyy,1
ooookaooo,1
nonreductive,1
syllabic,1
fowler,1
673,1
wistfully,1
conspiratorial,1
jackals,1
5u8,1
hofmayers,1
zwiz,1
fem,1
2dn3x5,1
1d4i,1
4ij,1
chains,1
veto,1
vivipu,1
14y,1
fsa,1
kcloop,1
iax,1
abcccd,1
zzbltjidxxiijiekab,1
louisitsivierien,1
nological,1
infobase,1
tlc,1
neilpow,1
loheuw,1
ravingss,1
cyt,1
stool,1
amherst,1
4nn,1
sysnetic,1
cpyd,1
faaaaareckle,1
interact,1
sigmas,1
cohomatism,1
listsirchelper,1
grapholives,1
soever,1
perfectionist,1
puilles,1
dessin,1
abbrus,1
recuperative,1
dependencies,1
mediactt,1
refugee,1
biblioengineering,1
consuming,1
jig,1
msfcrunch,1
mobile,1
mediate,1
proccess,1
showbilly,1
specific,1
seeped,1
sissip,1
scripture,1
bastis,1
monkersonian,1
column,1
dipped,1
arboccas,1
resitventure,1
pepticus,1
cursed,1
papyris,1
00000000000000003,1
ineffable,1
metaphorical,1
syncopating,1
hackagement,1
dymocrop,1
confidentiality,1
vaporization,1
packet,1
thwarted,1
spamrenumber,1
truce,1
monstrous,1
cherubicos,1
utilitarian,1
brokeortality,1
inductivist,1
stoic,1
jumps,1
nowiruhered,1
inst,1
racism,1
pwn,1
bobcat,1
endider,1
ecorna,1
sube,1
bothed,1
treesteal,1
pex,1
attrition,1
spontaneously,1
bits,1
magi,1
absolutes,1
utilization,1
instability,1
masquerading,1
thundera,1
chars,1
suffix,1
amplified,1
purifying,1
covenantism,1
torpus,1
silenceshell,1
articulating,1
dystopia,1
sacraments,1
codern,1
synthesization,1
synthesizer,1
phantasmosis,1
fullened,1
catastrophicity,1
eroticist,1
explication,1
synphony,1
hyperthoric,1
maussolini,1
obsessively,1
terpene,1
momentally,1
insteadflows,1
evalad,1
comurrences,1
farce,1
superverse,1
diakonia,1
gnet,1
libigenstates,1
systemic,1
metabolism,1
savial,1
embittered,1
sated,1
operent,1
permissions,1
paramount,1
theory16,1
sgr,1
subtros,1
synopsis,1
pgs1383,1
tony,1
imitates,1
moderation,1
terminating,1
removetravers,1
kutakis,1
questionnk,1
flap,1
kudzins,1
subverted,1
trite,1
imageofthevocatus,1
mirageformal,1
prudence,1
dooming,1
coevolution,1
subordinated,1
deconstructosis,1
tonym,1
kercious,1
lassostyle,1
layer0,1
gravely,1
sufferance,1
sideways,1
subsides,1
compromise,1
encapsulated,1
mutilations,1
sourcecoherence,1
frink,1
metabuls,1
acvin,1
arrotical,1
blocked,1
msgur,1
opendeeper,1
zenyeks,1
creosote,1
hymocles,1
skaigne,1
dialectal,1
heartchicken,1
tetanus,1
nuemutosis,1
morphologically,1
stimaendered,1
serialize,1
processions,1
sceneless,1
maniaultual,1
genuinely,1
reflectionmackpie,1
gamergate,1
incomparable,1
gossamer,1
pulverized,1
heave,1
alaccessen,1
ecgmaire,1
convince,1
kacarona,1
depicting,1
humbling,1
powerworkers,1
libertines,1
motivators,1
powerrow,1
castleta,1
longest,1
control9,1
adduction,1
sanctuaries,1
povalc,1
soundle,1
alongs,1
assmartial,1
daemon,1
mutatis,1
communis,1
mortuus,1
orotic,1
destructiveness,1
reverberates,1
dinnermarble,1
enhancing,1
semperme,1
iq,1
bronze,1
dhave,1
spooner,1
weiner,1
recippe,1
iredfragrance,1
misleading,1
mushrad,1
neopets,1
sophyr,1
admin,1
allocatable,1
manor,1
cianas,1
match,1
countermeasure,1
wannabe,1
dorsum,1
redirect,1
insert,1
advisory,1
vapor,1
hinticomm,1
stalking,1
maria,1
alcioko,1
fragrude,1
mostantly,1
leadership,1
logistics,1
communique,1
quicksand,1
synchronized,1
spawn,1
shaming,1
causative,1
transmigration,1
gamma,1
recompensated,1
virtuously,1
shambles,1
sacrificialism,1
capitula,1
ataic,1
powerspace,1
propagandistic,1
legacies,1
nnails,1
atically,1
sociology,1
coproducing,1
tauomorphic,1
nomae,1
restless,1
keynote,1
scikley,1
matics,1
resp,1
acciertains,1
password,1
savoir,1
faire,1
ethic,1
sociologists,1
interactives,1
normalityics,1
critter,1
pamin16,1
cleos,1
rambunctiousness,1
manus,1
soe,1
roleplay,1
catalog,1
shepherding,1
goeseright,1
coded,1
smacks,1
recycling,1
vibrata,1
dealt,1
steering,1
taster,1
asking,1
thrived,1
guaranteeing,1
endemology,1
drugsisters,1
theologically,1
kewing,1
illuminks,1
postmortem,1
hopelessness,1
caayb,1
ferment,1
decelerated,1
radiation,1
p94s,1
q4,1
amazement,1
charlie,1
exploitable,1
searchlessness,1
resuit,1
suppression,1
vicious,1
annotating,1
seeps,1
writ,1
masterwork,1
stumbled,1
luigi,1
leiba,1
idiomatically,1
p4s,1
scheron,1
revelcus,1
deploying,1
funeralite,1
decontextuality,1
syntaxes,1
sibling,1
serge,1
solk,1
cassello,1
deathside,1
zack,1
lime,1
homegrown,1
raisonix,1
araxi,1
contracts,1
argue,1
eromorphic,1
pouron,1
sire,1
protege,1
graphache,1
actibly,1
makamno,1
societys,1
tooleries,1
rob915,1
adulation,1
svobodosis,1
snowcone,1
terran,1
pinnacles,1
allocates,1
errant,1
dresses,1
jesuit,1
rez,1
cuisines,1
elegantly,1
alic,1
segundo,1
jeute,1
revolutionary,1
scholar,1
quantlog8point,1
frisson,1
interpretations,1
gnosiss,1
needomorphic,1
cathedralically,1
webmaster,1
winiphobia,1
unflambered,1
iosity,1
seastars,1
centers,1
abusers,1
kbps,1
sheuristic,1
roster,1
ssh,1
firepagan,1
fragged,1
attenuity,1
comfortably,1
masochism,1
consumer,1
abombo,1
entaining,1
psilocybins,1
beaten,1
surpluses,1
debiasing,1
subjectives,1
bicamics,1
histrionics,1
elicited,1
clich,1
quasimoto,1
articulation,1
bicams,1
deferral,1
distillations,1
commas,1
perspectivism,1
oxygen,1
botanical,1
ciphering,1
githubwood,1
butterflies,1
conspiracies,1
kalbesinski,1
implieserver,1
garners,1
reannisfrank,1
terrier,1
machina,1
convertive,1
biocodes,1
friberg,1
sworn,1
systemausic,1
monophytedecisions,1
superstar,1
populations,1
softtalk,1
yoqtara,1
police,1
ventivos,1
webspace,1
vander,1
u05d8crored,1
preferflow,1
tvx,1
presenting,1
iscr,1
conspired,1
jordan,1
arces,1
mathaphos,1
achalant,1
orphans,1
promoted,1
affirmed,1
sittings,1
viergegeper,1
liftoff,1
aphorism,1
apologetics,1
runes,1
epistle,1
wisdoms,1
conky,1
extemporal,1
cancels,1
monicas,1
airicorical,1
backbra,1
synkkole,1
potentially,1
090,1
everyivecast,1
multiplanetary,1
motte,1
luria,1
therapist,1
inductivism,1
companionitoph,1
subcamp,1
mysticus,1
iconic,1
basal,1
laurelukemia,1
aircion,1
communes,1
proprios,1
factoria,1
seracards,1
trickiest,1
mindset,1
ald,1
biodiversity,1
rescuer,1
emits,1
vishnu,1
persuadouguri,1
redemption,1
conscience,1
reconciling,1
commandement,1
xrecords,1
banale,1
almighty,1
jackvine,1
entrees,1
rejoines,1
welcoming,1
enhances,1
beseeche,1
havevarization,1
traversaled,1
intersection140,1
wrapper,1
rama,1
logicseries,1
backmodo,1
databook,1
retropeak,1
sustainable,1
deconstructionosis,1
muley,1
cooperation,1
antithetical,1
newx,1
erowid,1
suburbs,1
solstice,1
destruct,1
mutastemantic,1
administrative,1
countermeasures,1
rapacious,1
wholesome,1
rousseau,1
rectangles,1
worktrusion,1
spectation,1
vocabulary,1
pimplaction,1
olottiniums,1
layout,1
suggenet,1
kutari,1
johann,1
benderton,1
kutai,1
205,1
psychedelicserver,1
wreaking,1
ysics,1
fluorescents,1
ibaculum,1
operators,1
holidays,1
abyssologist,1
mesoscopic,1
youngs,1
qlhdarival,1
pedophile,1
rustland,1
bodice,1
pathogenic,1
kma,1
trimester,1
ethnic,1
cleff,1
friendlier,1
kobold,1
analogyendymology,1
adapted,1
ambitious,1
structureotic,1
wich,1
zillions,1
politicized,1
metricism,1
underscores,1
problematic,1
legalization,1
instrumentality,1
woodhelm,1
relevancy,1
qw,1
persists,1
wher,1
crumbling,1
mla,1
wordmistake,1
deserves,1
horizontally,1
demple,1
unclean,1
parsers,1
lerp,1
maximally,1
purpling,1
messy,1
terminus,1
afflicted,1
pvr,1
skips,1
karoudexion,1
fraternity,1
reset,1
backbored,1
1746,1
servocratic,1
negotiates,1
gear,1
suffertemporal,1
defines,1
rerecords,1
keywords,1
fn2,1
comas,1
renewal,1
denying,1
cryptociendo,1
cerealseed,1
zonak,1
deloitte,1
countermagic,1
revoked,1
celerity,1
midpaw,1
consecratedynamic,1
booted,1
overwrite,1
archesan,1
razorlgarian,1
cennedy,1
lanejo,1
spark,1
berdesinks,1
keystrokes,1
linage,1
deities,1
fiends,1
cider,1
wunderkinds,1
cheats,1
wastefully,1
subsuming,1
directories,1
scroll,1
metastability,1
mha,1
renaissance,1
keyboard,1
gabouche,1
medna,1
earthquake,1
fabricated,1
rumor,1
purge,1
tinycollonadomology,1
hyperwave,1
redense,1
titan,1
lisa,1
pedienes,1
disbanded,1
psycophants,1
sriflav,1
archivist,1
grandeur,1
thrive,1
perigmases,1
utterances,1
bureaucratic,1
applying,1
ws,1
tea,1
meticsychologists,1
lightupelothing,1
symbolize,1
equalizing,1
rhorizontal,1
freudes,1
therapeutic,1
firebrand,1
animal,1
marechal,1
pascality,1
android,1
quevilibrium,1
emojis,1
microallocation,1
symptom,1
amplifiedism,1
obreactived,1
gometoyers,1
ooq,1
overmezzo,1
unstoppered,1
cullaby,1
bicause,1
ntic,1
cohometric,1
cores,1
zinc,1
climactic,1
omm,1
gigi,1
ldsp,1
recreate,1
agaldi,1
lovecraft,1
accelerated,1
contemptued,1
malware,1
seabed,1
leaner,1
waterdeep,1
spectacle,1
millennial,1
dinosaur,1
apollo,1
contentment,1
smoothing,1
emspiration,1
firewall,1
judicia,1
reclaim,1
ighmians,1
mudgypt,1
vis,1
subjugation,1
bogg,1
cabbie,1
inviolability,1
imbalance,1
blacklisted,1
deliverance,1
sreach,1
invoker,1
up53,1
liberate,1
causatory,1
catalyst,1
backwriteth,1
slock,1
casc,1
corpses,1
caketon,1
extirpation,1
convolves,1
genvsvel,1
assiduous,1
reconstructism,1
follways,1
satyrs,1
kgal,1
relived,1
threadway,1
competing,1
accion,1
materialatic,1
reconnaissance,1
rife,1
substance,1
leveled,1
dilemmas,1
entocasm,1
exposement,1
normativity,1
sexualization,1
georgembers,1
channelled,1
littleness,1
zeus,1
middleware,1
renewing,1
apocalypsous,1
perfumed,1
uninvited,1
kemproduced,1
crucial,1
synthesizing,1
cacheadeon,1
lobbys,1
platehera,1
otmp,1
quaking,1
nasal,1
toxicity,1
ldr,1
grander,1
subschool,1
multivalent,1
monitored,1
fierceness,1
instructs,1
complicates,1
acacheuture,1
brilliantly,1
woodward,1
correction2,1
comification,1
subjective,1
practitioners,1
anal,1
compliance,1
unsafe,1
basemagical,1
sacrificed,1
mores,1
carefaring,1
assshifting,1
asserting,1
culaissance,1
threating,1
uplink,1
anchors,1
unforeground,1
scalacity,1
irit,1
vaga,1
juggernauts,1
conspiracy,1
incompleteness,1
ilevel,1
recoveries,1
surplus,1
herent,1
cm3,1
investment,1
airtight,1
informational,1
antipunk,1
sprawls,1
millenniaiasm,1
prehistoric,1
asymmetrical,1
mantlet,1
hypode,1
diffuse,1
coquettish,1
sacrosanct,1
compositions,1
seasonic,1
privileged,1
sunshifted,1
collateral,1
revisit,1
feather,1
overkill,1
megalithi,1
mihabitoe,1
analyzers,1
prototyping,1
20os,1
keybot,1
overmind,1
literals,1
investigatory,1
apologists,1
analysers,1
amateur,1
disinformation,1
autophysics,1
virtillation,1
marker,1
kenizo,1
fitzgerald,1
gabriels,1
incineration,1
vaults,1
solo,1
maximums,1
planude,1
psytoplasm,1
pseudolinform,1
exploratory,1
loganalysis,1
wrzes,1
awoed,1
incendiar,1
ike,1
profiled,1
hroydons,1
ecologically,1
reactor,1
fadeable,1
antiquated,1
ruth,1
phreants,1
alcohort,1
qtalk,1
glowrow,1
mused,1
transcendence,1
noisy,1
linking,1
viable,1
converged,1
translators,1
capered,1
lightdistance,1
unshielded,1
bridging,1
cilde,1
4100,1
irreplaceable,1
itonologically,1
surrenders,1
amplifier,1
skate,1
representing,1
positioned,1
preexisting,1
jacob,1
sweal,1
migration,1
christo,1
distinguishable,1
gamales,1
ashley,1
galloping,1
treewool,1
vocal,1
tgarg,1
ruzas,1
jessica,1
rever,1
becuz,1
crafting,1
razes,1
neeth,1
yourepleasure,1
srawhner,1
1mutation,1
domicile,1
quandrian,1
apperception,1
028,1
spiderton,1
synthesized,1
liaisons,1
minimizes,1
daemonism,1
bony,1
kah,1
thougho,1
nerdy,1
destroyive,1
recontextement,1
trackers,1
karen,1
jeuze,1
abaciats,1
self4j,1
revision,1
timebase,1
rapist,1
ignition,1
pfbo,1
bemused,1
christos,1
payback,1
logophilia,1
reclassification,1
eschatological,1
anima,1
ple,1
expresses,1
neuroscience,1
synchronize,1
centerfolds,1
medias,1
statues,1
begging,1
sophomimosis,1
contagion,1
asymmetry,1
1996,1
contempt,1
preconditions,1
remnant,1
growolia,1
tester,1
alarch,1
organitizations,1
ecences,1
proceeds,1
moreno,1
tropospheric,1
falseness,1
halfigmatic,1
sfferbi,1
spontaneous,1
pokefray,1
logback,1
absorption,1
happyyr,1
formes,1
kncol,1
disconnects,1
dwell,1
accentuated,1
latinized,1
miuks,1
automatographer,1
imprint,1
plots,1
switch,1
kavel,1
cyberpunk,1
deranging,1
intensifies,1
llich,1
distanced,1
prixastic,1
cupboard,1
teeming,1
idealized,1
soc,1
kernal,1
erasing,1
bitstream,1
developers,1
abundant,1
haplessness,1
expressive,1
gamomorphic,1
groundbreaking,1
idol,1
dupe,1
intelligible,1
unfocused,1
tigenkorn,1
carvingup,1
hyd,1
blustery,1
animogical,1
majestic,1
bremedes,1
circumstance,1
zeya,1
kvetch,1
auditorium,1
conveys,1
rapprochementgrade,1
requiem,1
visualized,1
unwanted,1
quintage,1
leakthrough,1
definitionclass,1
delrethrator,1
extensively,1
markers,1
clarityabstract,1
recursiveoutput,1
tinyobyckes,1
drains,1
reverberant,1
firewwh,1
expiration,1
echoed,1
sanzhong,1
exile,1
prio,1
emic,1
blokes,1
mythologge,1
alertrence,1
downtrodden,1
strengthened,1
earthly,1
breeds,1
anesthesia,1
keeping,1
immersive,1
plexives,1
temporability,1
juniors,1
unmatchable,1
bloodland,1
focusarray,1
untouched,1
imperfectty,1
autoreverseme,1
7c493f4,1
tons,1
provocation,1
remaingrudge,1
compilation,1
muz,1
qualities,1
valuable,1
fetish,1
resulting,1
tarnishes,1
ridden,1
impressions,1
decompression,1
amplating,1
resort,1
distractmese,1
traumatic,1
journeying,1
secpings,1
rebuild,1
accumulate,1
hyperacoustic,1
caretaker,1
urgymagnetica,1
savant,1
maxima,1
mcdonald,1
foundational,1
thenolymology,1
muzeche,1
guiding,1
kilobyte,1
ltotts,1
articulo,1
magazines,1
gavarnoff,1
cec,1
accessions,1
nonmetaphysical,1
wokedllerholm,1
weft,1
metaphorimil,1
ceraly,1
econociologies,1
careerist,1
pickings,1
scheduling,1
compaction,1
ordained,1
synergies,1
insult,1
smelled,1
pentacycle,1
encounters,1
abcracy,1
tours,1
nucleophiles,1
thriller,1
regional,1
heteromorphic,1
uncaught,1
nonbiomorphic,1
metacommission,1
pho,1
enfiend,1
femas,1
malignant,1
manifested,1
minutia,1
melbia,1
lauren,1
baskest,1
xddb,1
colonoscoping,1
particular,1
miik,1
tinged,1
goldbug,1
paradisical,1
suicideacies,1
zeolab,1
coruscant,1
recreated,1
tally,1
akhet,1
20121603,1
anecdote,1
cpu,1
senoho,1
replacement,1
coexist,1
pbm,1
maximique,1
deserved,1
osis,1
macropenitent,1
owakabe,1
quandered,1
noucess,1
priapis,1
kernsted,1
oene,1
nuance,1
tweets,1
glimmer,1
holomorphic,1
dissolvement,1
estrus,1
colored,1
decomposing,1
intersectingally,1
hypergeometric,1
befitting,1
keynolyna,1
queued,1
validating,1
convention,1
murmuring,1
nicolemendo,1
keyanon,1
botan,1
metastagal,1
period4j,1
socialitics,1
kylia,1
willem,1
cakeishes,1
haphazard,1
coping,1
assimilated,1
multiscaled,1
localized,1
upsuming,1
toying,1
sammelis,1
abracare,1
refocused,1
correcting,1
recomponent,1
cues,1
malers,1
symphonys,1
subsystem,1
byteology,1
absconds,1
sameness,1
attractiveness,1
approvalfor,1
prized,1
ubiquitously,1
capitals,1
heavily,1
permasia,1
whomred,1
impart,1
progressively,1
nir,1
aryasis,1
visitation,1
tys,1
separated,1
compasses,1
confuences,1
segue,1
mapdimensions,1
counsel,1
warped,1
scandalous,1
overlined,1
participant,1
neuron,1
reconstructs,1
channelization,1
diverging,1
rsd,1
derailment,1
refashionable,1
grrr,1
xadian,1
mite,1
meshes,1
substancesets,1
autopilot,1
entrem,1
indlivion,1
vulgare,1
catches,1
alonglink,1
ellipses,1
propagates,1
severs,1
arises,1
importantly,1
spawns,1
rotfo,1
hyperserver,1
imperatives,1
halation,1
calculated,1
bugcounter,1
produceable,1
diapathy,1
emt,1
oscillator,1
egyptology,1
epidemic,1
recovers,1
diesigmoid,1
estoma,1
repower,1
omorphologies,1
archivelibrary,1
encoded3,1
formale,1
luteur,1
skipped,1
unavoidable,1
deepgasm,1
rhosellos,1
provokes,1
sincerest,1
explogence,1
curiosity,1
programmed,1
carelessly,1
winnowing,1
raginings,1
despairingly,1
procedural,1
vulleous,1
impairment,1
irrecoverable,1
consciousnessary,1
criticality,1
hieronymarmorher,1
backhanded,1
xvi,1
liberates,1
scenerium,1
nozu,1
24x7,1
backwardest,1
sunrise,1
undergrad,1
stereotype,1
denies,1
confirmation,1
ductumed,1
dinosaurs,1
heros,1
resentment,1
neurotic,1
libels,1
objectivist,1
synodic,1
objectoration,1
recolectensation,1
loftier,1
adhesives,1
highend,1
theorizing,1
kekynamic,1
orphan,1
theorist,1
refuges,1
programs,1
cipher,1
laser,1
encryption,1
poweroficial,1
exploiting,1
constituent,1
capabilities,1
capableness,1
respecttocacters,1
sequencer,1
flattening,1
overpress,1
progressally,1
distractor,1
sojuendos,1
putletegd,1
reflectin,1
retriptor,1
queryism,1
surrogate,1
prompt,1
magnificence,1
tone,1
aperture,1
bombastic,1
ornate,1
disrupted,1
ruptures,1
currrency,1
beacon,1
boostquote,1
flooding,1
purists,1
refuge,1
elder,1
girlfriend,1
recon,1
reboot,1
appropriateness,1
transephony,1
permanence,1
endups,1
subeustression,1
frustration,1
cleanup,1
crystalizing,1
traitors,1
updates,1
synapticity,1
bottomghostica,1
aphylos,1
nonhidden,1
ultrabene,1
gnusting,1
perfidious,1
coroutine,1
layman,1
cloaking,1
machinations,1
artifactasmagoria,1
interconforming,1
deepabuse,1
traumas,1
warpgrace,1
traceroute,1
endgame,1
judgments,1
adorrescope,1
mastering,1
cocooning,1
masquerade,1
analyzed,1
nuclear,1
paragraphs,1
slavery,1
nowymolcology,1
fortuna,1
comedicness,1
embedrap,1
wafts,1
aurotic,1
reanalysis,1
outbreak,1
automancy,1
etic,1
superact,1
arousalcode,1
photon,1
selfpresse,1
blossomed,1
stating,1
downcharts,1
drugfalls,1
washouts,1
moonglites,1
musics,1
sentient,1
caresiest,1
7d129,1
wahhhhhh,1
mergers,1
glassmind,1
deviates,1
ambien,1
childlike,1
zoia,1
materialhood,1
mesothelion,1
elemental,1
dissipate,1
creme,1
boastfully,1
cohabiting,1
cereal,1
poogle,1
grabels,1
holdingrhs,1
ticosas,1
choreography,1
complaint,1
nepheshive,1
gayer,1
scopebound,1
becomeible,1
set15,1
tusasba,1
zoe,1
gnome,1
aladdin,1
studio,1
friendships,1
enwreatheiness,1
insubstantial,1
hooks,1
rosekalos,1
guarantees,1
priviospendant,1
sacralhip,1
rosecake,1
napoleon,1
includes,1
downloads,1
scientism,1
dieshard,1
aura,1
kamikyangreast,1
visionless,1
ps1,1
bubbles,1
192,1
outcome,1
finale,1
eaven,1
magnolia,1
artefacts,1
freezing,1
disquisition,1
masculinityctica,1
cyberton,1
homicide,1
endowment,1
terminates,1
indoctrination,1
unified,1
idealization,1
agambens,1
compounded,1
conflicts,1
performessential,1
extractivism,1
emptiness,1
teenociological,1
conferments,1
legitimacy,1
equalitarian,1
odes,1
soundoly,1
izabethkarpi,1
spermaticle,1
nettle,1
akibas,1
hyperion,1
receptivity,1
conjunctions,1
traversaloid,1
concede,1
iimi,1
kyssi,1
forgave,1
flesh,1
preventible,1
damages,1
providence,1
funerals,1
backto,1
zoroastrian,1
deceit,1
abolishes,1
beauties,1
grarely,1
revocation,1
nonessential,1
protos,1
operando,1
morphologies,1
encyclopaedia,1
proofthatthe,1
subsumed,1
triangulation,1
cirque,1
operacies,1
decompose,1
cryptanalytic,1
customization,1
metaprimitive,1
searchington,1
jamiot,1
chimps,1
talismanic,1
lovable,1
glum,1
tortured,1
disastercheck,1
nontermination,1
sunlit,1
despises,1
reinvented,1
bitstreamborgpopol,1
dissolve,1
hedonism,1
scientist,1
pays3kewlwheelhorseplaysiplomaticprolevelids86,1
jugend,1
revelations,1
reinvent,1
kumbaya,1
artistry,1
journeys,1
reliance,1
backsearch,1
uspinskiave,1
azing,1
classics,1
colonic,1
subactivation,1
coppers,1
childframe,1
avison,1
inground,1
trudge,1
cros,1
combinatorical,1
uppercase,1
mediatorial,1
coverciel,1
highlighter,1
imused,1
leader,1
evasion,1
haaaaagooood,1
rocus,1
wahawk,1
transmutable,1
psychosis,1
crescendo,1
backdoor,1
dects,1
onion,1
musicalization,1
deceptive,1
woo,1
generator,1
metaphorial,1
sloth,1
shattered,1
kalman,1
ooread,1
commandology,1
bogus,1
loopsi,1
rakelson,1
glories,1
ablotted,1
limiter,1
juternational,1
shaman,1
orgyrt,1
tangents,1
againtemporal,1
incoming,1
musculature,1
spectator,1
slanted,1
paraphrase,1
acno,1
daves,1
djns,1
brec,1
transmuting,1
insuperprehend,1
sculpted,1
scientologist,1
nlp,1
consolations,1
kamikas,1
cynicism,1
mitosis,1
exquisitely,1
defacial,1
occupies,1
newss,1
abrix,1
manuals,1
thebinaryweb,1
broadcasts,1
refuses,1
sonas,1
neurons,1
criticising,1
grateful,1
crafted,1
asshole,1
bivouac,1
schemas,1
grated,1
iversity,1
entheogenic,1
leaned,1
abarat,1
ritualdelight,1
interpret,1
shellshocked,1
laminated,1
attacker3,1
frantically,1
undermonotonous,1
predictivity,1
evocative,1
proofed,1
coexistence,1
culminates,1
smellsage,1
recognize,1
kwam,1
rebooting,1
sigils,1
nonrelatives,1
enviromain,1
sentbot,1
baka,1
angeliac,1
obscurity,1
emeritus,1
manifesto,1
motherlands,1
prexy,1
melodies,1
xscrawl,1
forestuture,1
bakong,1
argym,1
mitiguation,1
allegro,1
bakoka,1
lanoli,1
override,1
demanded,1
punt,1
kektzulus,1
psytics,1
phytholus,1
fitting,1
sentimentality,1
recast,1
stackelvin,1
crossfire,1
pixellation,1
octos,1
snooze,1
lifetimes,1
kalowath,1
brigadelicate,1
emails,1
tourniquets,1
kopa,1
truthive,1
lotus,1
collided,1
dewrapped,1
laqueux,1
stayed,1
plunged,1
abcion,1
preval,1
crosspunk,1
aigmometric,1
rey,1
browniscover,1
politicizationulator,1
toman,1
keene,1
alvers,1
affection,1
profitministrotocol,1
composible,1
admisels,1
cabal,1
libris,1
recoded,1
planners,1
pubescent,1
oticair,1
alfa,1
scences,1
writings,1
bloodstate,1
marked,1
interwoven,1
supertexts,1
genome,1
morphological,1
plastasis,1
albyberg,1
redactor,1
plateaurock,1
kap,1
abacog,1
badmiou,1
1983,1
commingled,1
insect,1
violalia,1
jblass,1
operande,1
reable,1
absolut,1
retainers,1
xatched,1
commentary,1
synesthesia,1
zoscoc,1
emanated,1
contradicts,1
agamemus,1
indiolorous,1
orligore,1
curbath,1
scientists,1
limescence,1
luxe,1
dentsi,1
teased,1
1muta,1
theater,1
outgrowth,1
rzmpinski,1
rebuttal,1
paradoxian,1
baccarni,1
obliterated,1
treason,1
reviewer,1
ascribed,1
abortig,1
owns,1
remembering,1
didjanocentre,1
jusner,1
mesomorphic,1
hurls,1
ology,1
udev,1
prole,1
0p1,1
jbugs,1
zoophile,1
drango,1
aaaaci,1
ceauche,1
digitical,1
worldview,1
baudich,1
modulates,1
deliberation,1
lommen,1
cathode,1
omission,1
wrung,1
beautys,1
professional,1
slaughter,1
160k,1
ru,1
kneejerk,1
exponentially,1
shaped,1
continuations,1
offerera,1
australopithecus,1
starsprudents,1
distribut,1
libidinous,1
ruleless,1
ssm,1
semiproague,1
millisecond,1
unintentionallette,1
uncirculated,1
zeitgeist,1
cave,1
peeria,1
agreeable,1
behavioral,1
colonize,1
espionage,1
hyperphemeral,1
mutton,1
harold,1
decisive,1
backlash,1
gorillex,1
convicts,1
immenorality,1
liturgy,1
hows,1
busted,1
constitution,1
atop,1
causation,1
torpid,1
shiver,1
spatinear,1
conniving,1
endogenous,1
biases,1
austere,1
zabit,1
audioetica,1
lapidular,1
lasturation,1
forku4,1
understandness,1
messs,1
visualists,1
organizavers,1
overlaps,1
spooks,1
solider,1
litmus,1
premise,1
kabuto,1
autometer,1
streamial,1
botomorph,1
secondology,1
musicesque,1
shis,1
exiled,1
belieftree,1
modeatization,1
zombie,1
soundplugging,1
synth,1
instrumental,1
decimator,1
actuality,1
mythicist,1
fixated,1
parcel,1
tombstones,1
earch,1
realness,1
immes,1
zzzx,1
prospects,1
beautybounde,1
coinerization,1
worker,1
unfathomable,1
opticsuced,1
bestsyn75,1
vases,1
rasted,1
algor,1
html,1
goods,1
aficionados,1
errored,1
diute,1
staves,1
ditching,1
97,1
polyphony,1
arabesque,1
caste,1
dynamicsical,1
unraveled,1
transmit,1
drove,1
extractx,1
receiver,1
apagreal,1
shapes,1
skekfu2012,1
archiveforumstrategydirectorylasicaindexschoolcenturyavenuetics1997muscle,1
0082017sex,1
bonding,1
assured,1
femographics,1
firestone,1
deliverable,1
decoded,1
papyrology,1
coincided,1
backplane,1
pephemeral,1
aggro,1
pureology,1
listened,1
notarial,1
apologetic,1
compression,1
waxed,1
moft,1
soghin,1
brdy,1
rememberers,1
choppy,1
kaz,1
embarrassment,1
carbonites,1
wishful,1
144e5f4b,1
rearchitected,1
esoteric,1
expectationsjection,1
credo,1
godcommander,1
democratic,1
ampnosis,1
eerie,1
medication,1
commonsense,1
forlorn,1
floodlit,1
somenologist,1
tumult,1
dispersal,1
reconciliation,1
imba,1
smooths,1
kinesis,1
ooache,1
frantic,1
authenticity,1
synaptica,1
syphonic,1
coprocessary,1
services,1
httpreqs,1
reconfigure,1
selectively,1
wkll,1
deg,1
751,1
rospik,1
2025,1
vieworial,1
manages,1
depthlined,1
kleinge,1
pastoralism,1
shakespearian,1
11km,1
graces,1
bak,1
vestiges,1
orgasmata,1
soberly,1
predicting,1
evolves,1
strikea,1
hostit,1
stabler,1
excursions,1
stnoibald,1
responsiveness,1
suspects,1
needbar,1
mafia,1
thresholds,1
boys,1
marcio,1
bollards,1
1982,1
tidy,1
bii,1
transplanted,1
reconnected,1
diversity,1
cancerous,1
porch,1
powerfluxs,1
bourneau,1
emitters,1
saunabant,1
ality,1
abspreathed,1
chillon,1
ounecting,1
lamewisdom,1
sonate,1
jeffrey,1
havennado,1
scifi,1
1mute,1
lusterless,1
jackson,1
crush,1
alinsky,1
pings,1
pinging,1
monogol,1
relicact,1
recollection,1
minddropping,1
amygdala,1
recompresses,1
eveline,1
masochistic,1
jigsawized,1
acapella,1
counterintuitive,1
delusions,1
classifications,1
paedophile,1
100m,1
resignation,1
virtuosity,1
urgerence,1
minibrows,1
pathologically,1
alfalfi,1
hyperlimedia,1
reinterpretatio,1
interdisciplinary,1
piercing,1
keysspace10,1
developmentality,1
burrowed,1
hydrodynamic,1
discussed,1
observers,1
bloodirtual,1
chastened,1
providers,1
decapitated,1
monset,1
ff6lapofe,1
corroded,1
cures,1
texels,1
orientated,1
morphism,1
compliment,1
marginalized,1
photosweet,1
graphruption,1
deteriorations,1
refrehensible,1
symbolical,1
nurturing,1
conacting,1
aguent,1
subversion,1
proxys,1
karnacoma,1
document,1
blockade,1
camouflage,1
ashtray,1
badge,1
humble,1
observance,1
simul,1
terrinary,1
crunching,1
rostrata,1
preemptively,1
hitchcock,1
organioplay,1
lookahead,1
riffle,1
sidenoff,1
burner,1
belched,1
bl,1
nursery,1
sigth,1
maj,1
distorts,1
janizzle68,1
arpact,1
transistor,1
oscar,1
pythagorean,1
coder,1
appreciative,1
nofals,1
precursor,1
lunatic,1
artifactomorphs,1
necrology,1
synoidal,1
deployed,1
matrixical,1
aoppositions,1
churn,1
exfiltration,1
libevent,1
harassment,1
heterozygosity,1
genomics,1
ghouda,1
impiety,1
sidiotic,1
reconfigured,1
mut,1
esque,1
metahistorical,1
careening,1
pred,1
intelligence,1
obundus,1
lumiosity,1
diastemetropower,1
subconsciousness,1
registry,1
zkushluel,1
alakimura,1
accepts,1
alaba,1
cripple,1
deliberately,1
compound,1
definitiation,1
kandis,1
alabaster,1
correlate,1
foakes,1
modality,1
miracles,1
violationafe,1
notuning,1
realizable,1
guitars,1
soultouch,1
facade,1
objectification,1
hyperspace,1
hypermemorians,1
undermined,1
pollution,1
reson,1
initially,1
reverie,1
descriptives,1
repository,1
scrobology,1
diguettes,1
abilitation,1
impressionist,1
undercover,1
hyposigmoid,1
takedown,1
tedius,1
pirling,1
inefficacy,1
arena,1
punching,1
uvs,1
expunged,1
obs,1
slipstream,1
minimizing,1
cameras,1
mazesavert,1
junctum,1
archivedocuments,1
ney,1
abundance,1
1050,1
spacex,1
xub,1
rationality,1
morpher,1
catastrophes,1
tter,1
zugsdfakt,1
datislation,1
relacomodic,1
reheating,1
abuelive,1
authenticists,1
tph,1
sergio,1
creator,1
distillation,1
diutsch,1
eros,1
freeze,1
sojournoin,1
sharply,1
kana,1
meteorological,1
inserted,1
bissome,1
pinpoint,1
chaangi,1
cephalid,1
pawn,1
singfulness,1
sado,1
professed,1
integrationocalypse,1
matropoulos,1
devotions,1
prodigy,1
supplemental,1
emerson,1
ception,1
abacusium,1
syndrome,1
blackcurve,1
magicymo,1
lucrezia,1
assures,1
vengeance,1
brasca,1
radioprow,1
savior,1
determines,1
unplotted,1
kamage,1
decapitation,1
omnipresent,1
axisugal,1
specializing,1
nonoccult,1
coalition,1
resallocate,1
immediacy,1
skip,1
revised,1
diagii,1
soerning,1
1tb,1
uethership,1
recipient,1
representedition,1
exere,1
116,1
filiation,1
sensitized,1
collide,1
semantical,1
issthetics,1
libraries,1
deepdance,1
praises,1
lunar,1
landifier,1
ossfrutativity,1
weyr,1
adocal,1
spiderhier,1
punscium,1
obires,1
rimbauds,1
betrayers,1
auxilibrites,1
broophilius,1
jasnorkh102,1
instructor,1
cybose,1
momentiousment,1
apion0,1
s3k,1
replayed,1
disposable,1
removal,1
migrating,1
endings,1
shatters,1
loopy,1
gravitational,1
duckileaks,1
athropos,1
oved,1
rottie,1
discrimination,1
unspoken,1
shield,1
causals,1
tempest,1
bizsect,1
archaeology,1
aperuding,1
faculty,1
composed,1
granting,1
weighs,1
keyframe,1
skillwork,1
siphons,1
sylexic,1
implantrogram,1
idiocy,1
gems,1
pedalling,1
linux,1
mercus,1
941538282,1
ccciola,1
freedomy,1
scylla,1
hocus,1
deathdread,1
spreathed,1
cocci,1
harmonyfire,1
registro,1
sending,1
mutably,1
cryptic,1
volcinea,1
mudslide,1
inputs,1
essentials,1
bigots,1
mikuko,1
cockey,1
chantology,1
tootic,1
smashed,1
authoritative,1
ephemera,1
memnography,1
naturality,1
interpretive,1
kiempos,1
naturalque,1
deluso,1
placement,1
psilcy,1
lithography,1
kompelo,1
segundas,1
eluding,1
reassembled,1
jackstole,1
foale,1
rationalized,1
reverberated,1
urity,1
subwires,1
departments,1
stairwells,1
biuman,1
cyborg,1
literalland,1
slivers,1
inward,1
multipliers,1
catalytic,1
funding,1
lithology,1
hallowed,1
harmonica,1
momenting,1
moss,1
biosphere,1
jack40,1
caussottis,1
recreative,1
invisibility,1
locution,1
estudio,1
diffugiendo,1
rhydus,1
subractivity,1
arelababour,1
statement,1
transcribing,1
contending,1
052013,1
vertiginous,1
archesaic,1
upstate,1
corruptibility,1
553,1
sensorship,1
evolutionary,1
keenerirology,1
kribbuk,1
slugs,1
sigil,1
basqueries,1
botanically,1
gag,1
rotates,1
gradual,1
heartbreak,1
texte,1
maddison,1
mzzz3,1
wcd,1
col2,1
maiu,1
capricorn,1
resultselements,1
emeny,1
chageauchages,1
infinitesimals,1
insubstantialness,1
difficultapply,1
pptu,1
fhig,1
eq2dmicropyloric,1
sphingle,1
postamorphism,1
insteadof,1
niform,1
xymol,1
muxingate,1
mplui,1
ths,1
w1,1
rustling,1
intergenic,1
consonantial,1
intercalation,1
throuu,1
taupling,1
sotopp,1
divoral,1
quiteymptotic,1
honors,1
ram,1
ocrope,1
2220u,1
commutative,1
rivers,1
diffidence,1
round3,1
2abc4xxzzebj,1
mpz,1
anafenza,1
refrainfrom,1
janssen,1
ironset,1
maintainers,1
plotmagnetic,1
trompshire,1
nonlocomantic,1
zeq,1
ppfsx,1
nightfall,1
2f2,1
reproductively,1
pizzeria,1
wanswers,1
pustule,1
ast,1
peress,1
eim,1
howimecich4,1
inededookook4h,1
jhtt,1
blackouts,1
x1n,1
wayial,1
glasser,1
1zf4,1
bekker,1
nber,1
ourav,1
fromoreroundound,1
pe,1
stonewall,1
bottoms,1
fics,1
17059,1
134920,1
aftere4esscesper,1
iory,1
engagement,1
concoctonsov6,1
quressir,1
partjectestuus,1
fter,1
hubai,1
flexible,1
snorts,1
lln,1
que,1
howimd,1
lveryh,1
quook,1
ageageageage,1
willookagemsage,1
kageimage,1
inage,1
5age,1
kage,1
freightliner,1
pjijemkom,1
venetier,1
hausdor,1
annei,1
moisie,1
prise,1
worage,1
betweenke,1
essed,1
perocich,1
polio,1
argues,1
sniper,1
duterte,1
geneticourmet,1
admittedpected,1
283,1
factorat,1
fairyorgan,1
dictatorush,1
outfits,1
npcs,1
supervisedscientists,1
carnival,1
projectile,1
rhybuilderrosse,1
disparateovytan,1
apses,1
fiiquidsubmit,1
giant475,1
protector,1
pollenlgbt925ulalys,1
orbs,1
shroud,1
vinyl,1
zapakonogamy,1
brodgarstad,1
reund,1
secretary,1
petrobin,1
dedicatedadenovytel,1
rackseteria,1
bavused,1
sprcheat,1
bavwilson,1
indigolgbtbuckinged,1
spr,1
matriculating,1
quantified,1
daured,1
joneseater,1
pakal,1
langur,1
agglutinets,1
legging,1
blaszczy,1
dtypes,1
priormately,1
priorovably,1
climatology,1
abath,1
nadaartidiagara,1
davandeuropio,1
theorisons,1
dealingwith,1
eqmists,1
psycloppa,1
7mins,1
000h,1
acms,1
sourcebook,1
mpic,1
bnk,1
hereafter,1
tiggers,1
sidal,1
mayor,1
hacd,1
2849,1
algebraial,1
aav,1
wintry,1
graphal,1
sse,1
cleartext,1
multivapant,1
acpifreq,1
complexness,1
assist,1
shitshot,1
sails,1
calico,1
bosch,1
eflect,1
cxxl,1
nnjmp,1
thon,1
kavinsky,1
silica,1
v0xf00,1
lmjf,1
gudapai,1
doxxms,1
ahahahh,1
polarization,1
hkv,1
yx,1
mictps,1
thoreau,1
fluestring,1
unreprovedness,1
iisr,1
aquatic,1
adduced,1
referring,1
meere,1
cm2,1
1m3p1,1
steven,1
flexibility,1
20m3,1
xxy,1
whoare,1
fronts,1
oqt,1
4b,1
fzxxxxxxzzz,1
bd1,1
inger,1
wabane,1
alphonsew,1
moseskestad,1
congruential,1
mewtwo,1
iaa,1
keem,1
duen,1
heim,1
jena,1
vaginas,1
nonceremonious,1
7x2,1
flummox,1
phoenixs,1
daury,1
agmp,1
opposedto,1
zonadsky,1
doyou,1
fayr,1
noninferiorial,1
pvap,1
hnhpjy,1
anamorphic,1
bv,1
subserecting,1
sbs,1
2pk,1
tlo,1
eyelashes,1
representative,1
willageageageageageageageageage,1
reader,1
0lh,1
cocker,1
andrewordss,1
youvegota,1
iageondageper,1
6age,1
inagekeage4,1
underage,1
will4age,1
afterper,1
underd,1
aloc,1
keper,1
iess,1
ites,1
mbna,1
gyrocommunications,1
quicktime,1
deepsea,1
fjeprod,1
underove,1
alarmed,1
import,1
alcombed,1
ethernet,1
equents,1
1e3n,1
poorly,1
tumbled,1
gegel,1
mpsilon,1
heidegger,1
nfaggot,1
suprobotic,1
jap,1
mitch,1
fufuust,1
ohhaha,1
mmpv,1
jun15,1
c2k3,1
mrwt,1
abc3,1
iphonesapian,1
ntip,1
hymowitz,1
darnell,1
cowles,1
davidscot,1
2x1,1
eqmptotic,1
l5,1
baryonflows,1
opb,1
heorem,1
bjax,1
abcupid,1
ueen,1
fierie,1
knuckledy,1
divs,1
szentraburne,1
woodwork,1
nonceletics,1
antiqu,1
didadhavakkaprabhata,1
levenshtein,1
taty,1
ltered,1
melendress,1
yawp,1
naxosciences,1
eulers,1
conjectures,1
zymax,1
n2a,1
1z,1
mn2,1
nm,1
diam,1
715,1
804,1
fereydinger,1
halpha,1
disentangle,1
dzf,1
zdz,1
mmskool,1
stahl,1
shala,1
ndrove,1
1273204989,1
ncimals,1
licking,1
russons,1
oneoftheconsts,1
jyq,1
harmonquin,1
foldings,1
gewandte,1
rundschmidaupte,1
bestimmelt,1
bon,1
windfalls,1
n2p,1
thankscd,1
hcn,1
tere,1
bingborhood,1
724,1
n1n2wj,1
j2,1
wm,1
daltons,1
muxin,1
snaff,1
quack,1
larry,1
easterner,1
mothballing,1
bbh,1
b051,1
ifa,1
inmates,1
gtjw,1
hfghsyppiijkltavno,1
n20,1
36000khz,1
omigod,1
2471,1
kirig,1
unreciprocating,1
telephone,1
0x8a,1
halisanders,1
jmpd,1
smapping,1
hbk,1
llt,1
zzizxu,1
dlvszruv,1
abacceptalically,1
whatam,1
heels,1
showroom,1
chitchat,1
byeeeeeee,1
epath,1
oude,1
karin,1
stend,1
tournament,1
b4f5,1
waihou,1
maz,1
helluva,1
qnhltk,1
sonnetzes,1
entspr,1
afsp,1
felson,1
festshell,1
ighten,1
davan,1
limitedly,1
abates,1
verbes,1
unrelated,1
notomorphic,1
n2n3a1c,1
wifes,1
t5,1
caulty,1
streisandal,1
williams,1
cdna,1
kammenshin,1
geosciences,1
364,1
849,1
acria,1
milandershopher,1
kyhiz,1
nimpossibility,1
squelch,1
dominic,1
ify,1
conclusivelythat,1
huffing,1
revising,1
brodesser,1
caguna,1
blomfield,1
subfamilies,1
dauvoir,1
eqrtimetric,1
ndnico,1
broeckhoven,1
yowahhh,1
f8a,1
citations,1
streisandne,1
nual,1
pii,1
abaguna,1
2f2p,1
euhemeral,1
oltech,1
snareal,1
dreading,1
taser,1
jusufructious,1
faycore,1
tsc,1
ltcrt,1
msi,1
threepio,1
medicines,1
hamiltonium,1
agnab,1
personnel,1
schylus,1
ams,1
indicating,1
zljipt,1
daotccckuye,1
aaaaaah,1
concordance,1
cva,1
karpinski,1
ransom,1
lsnet,1
midirect,1
daufael,1
fermion,1
dnj,1
chosey,1
tressesuit,1
eclairvoyant,1
empthmic,1
ijhgtp,1
k2r,1
lk3c4,1
satisfactorilyto,1
anhedral,1
theropod,1
aorem,1
daturation,1
8301043,1
staircases,1
unconditional,1
bzb,1
honeycomb,1
rtltmpk,1
solec,1
chauy,1
whittingdale,1
numerals,1
trivially,1
2ncl,1
dauja,1
pkrt,1
prp,1
abvzn,1
windowsight,1
willisson,1
beschleife,1
untersuchungen,1
autop,1
kamagra,1
goomba,1
ppf,1
fsts,1
tjii,1
symposia,1
bbb,1
idh,1
aioli,1
pdd,1
hierarchimetric,1
ncluded,1
ummmmm,1
retried,1
earful,1
hahhh,1
cauidence,1
daur,1
12s,1
raschau,1
stamped,1
wlhwjkvlt3mp,1
hymnosecond,1
wellings,1
1773,1
0i,1
dalytre,1
indents,1
replying,1
kw,1
nsd,1
ihop,1
kotan,1
bj1,1
pl3,1
no2,1
rtals,1
cuter,1
shat,1
formingmy,1
ryu8ylh,1
zzzzm,1
nonproblems,1
dentsay,1
dausefathreopio,1
aequate,1
webcomicsbookstorecdnnumbersquotesceneaththeline,1
netherplace,1
log1,1
gewandt,1
interrupting,1
budge,1
propyright,1
lmntllti,1
cnti,1
waalala,1
ltip,1
guidelinson,1
derechos,1
flink,1
sonata,1
uhd,1
epid,1
russchina,1
floors,1
fjkvivr,1
rkt,1
cbb,1
eto,1
phnom,1
rabbal,1
davinson,1
eqimetric,1
nted,1
n2n3,1
frischbach,1
ryu,1
shin,1
dms,1
karmel,1
2kv,1
meseh,1
cio,1
empowering,1
rcv,1
wkrt,1
00t,1
thynese,1
laters,1
alhivk,1
lehtigadhav,1
freckleby,1
delgado,1
sysymbolia,1
ebb,1
moondusta,1
abcu,1
crichton,1
improve,1
aurelle,1
battleship,1
translucency,1
makfs,1
daufai,1
fcntn,1
s04,1
b00,1
b000,1
tdb,1
nara,1
dunderstanders,1
noyes,1
gallant,1
davinnehagger,1
moisturizing,1
disinfectant,1
derechaunce,1
botcon,1
okjot,1
opr,1
sommen,1
pondit,1
pourant,1
vapidimetric,1
abaxivanced,1
neuritic,1
jusll,1
sums,1
hbxhf2t,1
1pw,1
mab,1
wpw,1
canttalk,1
boltziemann,1
kindergarten,1
babysitter,1
marshmallow,1
towardscascades,1
nemenykouck,1
snide,1
fovn1,1
wavm,1
saving,1
farnes,1
ixi,1
cagraph,1
jstjmcknzz,1
eqnem,1
08,1
wows,1
ahahahahh,1
1zym,1
campaigneurs,1
pxxxiii,1
vwap,1
xxxzz,1
arisen,1
quizzes,1
l2rt,1
sommerschungen,1
knavings,1
cru,1
sessin,1
nagarahn,1
gcd2,1
vertigos,1
dieges,1
abccdag,1
windham,1
mattert,1
hamiltonism,1
1895,1
neuer,1
omgggggggggggghhhhhhh,1
fms,1
k2n,1
vezes,1
pantheon,1
wiener,1
sear,1
zk,1
pical,1
7m5,1
dreary,1
sombrero,1
alberttucker,1
bbxjllixgylt,1
dvidginid,1
haaaaaarah,1
w2,1
thirsts,1
kebremovsky,1
esteemorse,1
equivariant,1
vltk,1
kalifed,1
rheas,1
sagant,1
cev,1
abccde,1
duel,1
ybbb,1
dauno,1
workarounds,1
tep,1
1rt,1
fio,1
frenchmen,1
maal,1
similarlihood,1
ec4,1
handling,1
k2d,1
migdotp,1
amstellung,1
plai,1
nstoppels,1
kc,1
riccardo,1
avs,1
dclocks,1
cqi,1
jrt,1
gizg,1
linaldo,1
adjunct,1
readily,1
abcaffaa,1
80kph,1
nadhcdj05,1
blinds,1
sopepelix,1
chinglissa,1
locksbury,1
righting,1
frecker,1
chinglish,1
0004920,1
iphthymfahrt,1
tbb,1
u1ybltcp5tjdwvhllkvnjlms6o2d4,1
peeping,1
heady,1
nirclissa,1
agc,1
cdas,1
bilic3,1
setn,1
voc,1
prng,1
multiparametric,1
0x0011000,1
omggggggggaagh,1
nalapascals,1
igmatic,1
freesklimmerung,1
hohavne,1
zzzxx,1
iphant,1
erl,1
scdd,1
muxed,1
l2a,1
pfer,1
uninterpreted,1
simes,1
istheorem,1
yang,1
guesswhat,1
icskeletons,1
unrealstruck,1
xlt,1
rajurunaga,1
sidha,1
eq3lt,1
fcl,1
haybird,1
kaners,1
aaojkiou,1
kahl,1
infuriating,1
pugums,1
english,1
ondrej,1
1y,1
pcviii,1
rzf,1
hlh,1
hq,1
ducknelson,1
newarkenwelling,1
svag,1
recess,1
nxii,1
miserabilly,1
4900,1
daviesne,1
rtism,1
lespany,1
subseting,1
charlet,1
hff,1
dachau,1
doesnr,1
karaia,1
kga,1
nadala,1
morrisches,1
omidyarov,1
waz,1
fad,1
abcaaag,1
executable,1
pomposity,1
harkening,1
adivce,1
lmnt,1
24v,1
6ft,1
badlivesmatter,1
gebahrt,1
nanashira,1
sandman,1
noncolonous,1
moh,1
accommodate,1
rasterizer,1
aequation,1
ulcer,1
ambulability,1
hugh,1
phooey,1
firecrackers,1
pugpugs,1
1975,1
kipfer,1
mroom,1
wad,1
chafingers,1
mna,1
symphonie,1
mackinnon,1
sonnet,1
sonnets,1
uncharted,1
familiarized,1
xmapede,1
discussing,1
dial1b,1
cd0049,1
experts,1
da2,1
incorrig,1
grandmothers,1
0004k,1
symposiums,1
hcdl,1
lm2,1
mlb,1
efs,1
nis,1
grimms,1
ltcnt,1
unrealisingly,1
gagrda,1
baddio,1
cadigmics,1
gotovelle,1
safairnell,1
ahhll,1
kendal,1
pxpfq,1
0yvm,1
haidt,1
makr,1
xig,1
edgeless,1
regularizability,1
nadigarb,1
halopha,1
venuit,1
hcdsa,1
0009d,1
gaao,1
olds,1
lashing,1
deflections,1
abadam,1
mauvaireaires,1
cplf,1
xvh,1
lepsix,1
eqnations,1
murnau,1
dufouraudoir,1
boltray,1
isopen,1
consume,1
belock,1
kinkaids,1
hadst,1
efa,1
doolittle,1
vtid,1
bclk,1
psg,1
obbcd,1
oohhhh,1
halfway,1
faultyconstraints,1
0x0efaf3ffd,1
dwg,1
unreduced,1
armentinaire,1
whatsthehellpony,1
2s2ltn,1
f4f,1
propers,1
streis,1
oltjen,1
marcelin,1
voyageux,1
viiiiiivimixx,1
xxijv,1
wretches,1
0x0005,1
abagc,1
hclhclh,1
cisp,1
7mavxiv,1
8d,1
devannells,1
luid,1
fauchstforder,1
testimony,1
acmbf,1
payen,1
ahhhh,1
phyloses,1
cutaway,1
k3j,1
dauch,1
powerset,1
bauchlin,1
mhrt,1
okaythen,1
troups,1
meltdown,1
pauclercq,1
sltdag,1
pleases,1
faia,1
b2n,1
aais,1
ascrip,1
maintainability,1
librosch,1
xn2y,1
sydneyseabassettasupply,1
fbnet,1
tireus,1
msw,1
3rz,1
cohovial,1
diners,1
x2evaluation,1
uneventful,1
hausdorffen,1
ppcd,1
mfso,1
yyaua,1
ei,1
squared2r,1
tia11netldekvujetevdfae,1
nadaaaansaaii,1
fcagrodial,1
increase,1
abercrombie,1
fastness,1
0x3d,1
nonlogistic,1
faioreaauna,1
ascala,1
r2f,1
istituto,1
raxiii,1
dffd,1
ucli,1
sneak,1
sadhvamir,1
bdah,1
obe,1
3r4,1
ukago,1
mnesthetizers,1
searcher,1
llz,1
baryon,1
aquinas,1
barbershop,1
eqptosis,1
etsy,1
mhvlt,1
salutati,1
10100,1
ipsis,1
vam,1
chiavenile,1
sittori,1
casustra,1
2x2y,1
chellatra,1
frente,1
jagdishagata,1
enfermin,1
viduttas,1
violata,1
pav,1
lister,1
1xxxxxm1ckny,1
dntv,1
anden,1
ifandthen,1
p2r4,1
3hearings,1
becomethme,1
raga,1
bitalore,1
depressing,1
kym,1
cyrio,1
acvi,1
diagramatic,1
lejeune,1
walky,1
ej3,1
ph4,1
robbersplease,1
rufo,1
onlyn,1
saks,1
020,1
ersteins,1
froidt,1
classif,1
yieldsn,1
divining,1
htcl,1
logarities,1
pflt,1
tulum,1
moort,1
dtp,1
8mb,1
decide,1
deoptimization,1
allemessa,1
xxxxxzzz,1
szrt,1
pfap,1
prep,1
noones,1
xav,1
zf12b11jl,1
fowls,1
russoleises,1
carnifexample,1
belgrade,1
xeroxias,1
bcm,1
semitic,1
multiforms,1
icsciommunications,1
havantt,1
nonconformal,1
pfz,1
morin,1
ahimutizak,1
davsonsophysis,1
nfs,1
lemieux,1
incoherently,1
fmrtf,1
ldaks,1
yidwij,1
lmmp2,1
towardstheoddman,1
abcoff,1
alasstance,1
noncegainthood,1
ikpa,1
klansinghymn,1
cpp,1
reassurance,1
eltathesis,1
cmp2,1
al4,1
hornbeats,1
heufner,1
1883,1
karee,1
eclecticism,1
goudouault,1
cntn,1
bcan,1
accordsingly,1
izinn,1
eqivally,1
raasl,1
sketching,1
theretowith,1
3fm,1
goodby,1
runa,1
unspecified,1
cxxiiiiii,1
konalgebra,1
dbd,1
dbsd,1
multilinear,1
streisander,1
barreau,1
folk,1
auction,1
lippincott,1
abcism,1
reprod,1
abcacalf,1
ofeaajaysagreur,1
lextraterhold,1
middays,1
humm,1
edits,1
pippin,1
krivovsky,1
verbeilles,1
3rio5e,1
abtp,1
izzl,1
cizjzd,1
karmosis,1
agrobat,1
wobbly,1
elsif,1
lhomme,1
n2k,1
tivoliant,1
dellarte,1
dong,1
ecdf,1
goloskoy,1
microphone,1
fhasextended,1
unreadable,1
splendidly,1
maddeningly,1
frt,1
raggers,1
lucre,1
penises,1
sommers,1
censure,1
contraband,1
roughestes,1
rauchsteins,1
kindlinghunde,1
habeo,1
prioru,1
d3wherein,1
monies,1
pagance,1
peww,1
mikael,1
geerling,1
solelyonomics,1
sor,1
9viiia,1
metagaming,1
whirlwind,1
xamplee,1
bayourosinski,1
sivsetz,1
soria,1
multivariably,1
ymira,1
toruha,1
yakusen,1
keimori,1
torreia,1
demoklin,1
dai,1
jishin,1
mandezun,1
langkij,1
phreak,1
langau,1
paradiso,1
gcj,1
metahumanism,1
agan,1
uall,1
guevara,1
sos,1
oms,1
3fold,1
270i,1
izimibe,1
mrwah,1
moos,1
hippie,1
sje,1
eof,1
fcdc,1
shihou,1
haizan,1
mehin,1
katnap,1
juliet,1
fid,1
goering,1
indepth,1
uousea,1
abbh,1
affet,1
ldotskipf,1
xmlt,1
nonconcunctiv,1
siphonometric,1
onshore,1
crayel,1
homocentric,1
mpio,1
roseth,1
putsch,1
horrid,1
ndi,1
olta,1
owsh,1
3vrt,1
axxapart,1
iterands,1
ickenfels,1
anmari,1
warten,1
lecker,1
keines,1
kantu,1
yem,1
eing,1
vorbeiert,1
zusammeler,1
beobachtes,1
entspleche,1
hofen,1
consigrees,1
nelphi,1
bestendt,1
nuggetful,1
agathyslops,1
oguitarist,1
maths,1
taux,1
amphi,1
letoile,1
sident,1
automataie,1
gusty,1
poiiiiiiifuividlce,1
sperlings,1
lunch,1
ferentz,1
backtalk,1
realizations,1
blt2,1
niloopio,1
kalphaiii,1
urselves,1
vijdavivens,1
arci,1
dafydd,1
matthews,1
7sirens,1
xdj,1
hddud,1
tude,1
xviii,1
ofmp,1
delage,1
unintelligibly,1
dauy,1
supersistent,1
rkj,1
rst,1
unproblematic,1
streisandez,1
abec,1
agility,1
nadry,1
champagne,1
vertoidal,1
yyyzz,1
popp,1
pais,1
passo,1
overspread,1
lea,1
agilo,1
fav,1
longingly,1
viello,1
foligny,1
cxxa,1
yzj,1
072s,1
dend,1
lms,1
fabulously,1
szf,1
iphthawing,1
definitelybe,1
leashed,1
0x0004,1
substitutions,1
aquad,1
cinski,1
al89,1
envenomation,1
bitmashing,1
saidransonnethones,1
sorcererdice,1
setsfahrt,1
unrezzed,1
m2r,1
alschuld,1
bahrer,1
wert,1
verwendel,1
gepherung,1
oedigkeit,1
verdr,1
chtigen,1
unterreich,1
automorphology,1
ci1,1
eclared,1
sinkowskis,1
adolph,1
pulsedonian,1
wk5,1
jjh,1
subspaces,1
s1cmpic3,1
ltequilibria,1
tnjh,1
ttrtrt,1
eqnums,1
nnf,1
ariz,1
kalculio,1
spideyshell,1
anyonesometrical,1
didad,1
m2n,1
mascoly,1
cagf,1
kmak,1
kmpd,1
nxz,1
wfwyxxlhtwjhs,1
msurface,1
populates,1
chatted,1
ryuok,1
rlsstra,1
freundesgabardung,1
fortnight,1
goetzs,1
cids,1
dfset,1
lnums,1
klows,1
bisectable,1
monomolemn,1
lyrismalisfauel,1
cd3,1
cretwood,1
brittleness,1
morons,1
b973,1
24cbd,1
geuven,1
x2j,1
p15,1
definences,1
rtects,1
raeval,1
clarify,1
crimewatch,1
abccddiiviiii,1
ioop,1
xxxyyyzzzline,1
sprained,1
chaves,1
kammeringauptimitium,1
duckdo,1
sayingthat,1
noncomparable,1
article,1
fastweb,1
wack,1
pinkiez,1
referral,1
iphialectic,1
mandolin,1
abacion,1
ycw,1
kidopliaffra,1
indigent,1
eqc,1
viad,1
msrt,1
clipped,1
bothering,1
kaleval,1
deafened,1
kuysai,1
kekipakimyemodobox,1
danceny,1
quelque,1
vient,1
violeur,1
direciels,1
grati,1
monikers,1
valsink,1
deductive,1
xjn,1
4bb5,1
hcd,1
sgmp,1
ganders,1
cames,1
immigrate,1
trembled,1
terepo,1
jg,1
nmp,1
pacific,1
sqrt2,1
ryvidahl,1
mashup,1
drumbler,1
adagative,1
cantre,1
sclaves,1
menschaupoux,1
numberization,1
marries,1
gaining,1
thurner,1
proprietors,1
471,1
ltate,1
daucher,1
ntate,1
karmelrod,1
773,1
nuts,1
cheisers,1
devotion,1
savitri,1
eradie,1
sfs2,1
ctodel,1
beschrecht,1
erwinungen,1
hmpleh,1
jung,1
noughts,1
dana,1
nhc,1
vbpprt,1
rzr4where,1
wf3,1
examine,1
fletives,1
xxxxnijr,1
monotonics,1
tmpl,1
maiaprimejus,1
istearuance,1
orwells,1
huks,1
yi,1
spokizitam,1
gegessen,1
viandel,1
bytheway,1
packages,1
acrii,1
pei,1
rtics,1
cmf,1
singularism,1
acrosephisia,1
mauntn,1
dabbb,1
acaa,1
p1p2,1
iphonological,1
opalio,1
adopd,1
agmprtu,1
v3i,1
abbbd,1
zweilen,1
gegenschaltung,1
whydoyounotjustsay,1
rtb,1
pasternak,1
rostovski,1
ringrod,1
ajmpm,1
kipbv,1
lm3,1
matricide,1
caesare,1
mensaison,1
lyricl,1
russov,1
lowdate,1
divid,1
horosaur,1
lesh,1
rtjauu,1
liocd,1
familiarly,1
chamberss,1
lattrecht,1
fjrv,1
1962,1
v2f,1
bbcdc,1
bestinais,1
sesquipedalian,1
abovementioned,1
founds,1
unconditionally,1
xspace,1
desplats,1
jl,1
bcd9c3,1
ach20a5,1
landeskog,1
sviland,1
watermonkey,1
shallada,1
drouillard,1
rightwards,1
jugo,1
folly,1
ltm,1
elation,1
extracting,1
mizos,1
couldad,1
threeway,1
lhc,1
1035,1
phosphatidone,1
equivariably,1
initialisation,1
ba,1
xaps,1
syskey,1
71400,1
fset,1
diracov,1
rtd2,1
olso,1
tenders,1
overleafs,1
l2r1lh,1
nowheres,1
picoprics,1
2ns3i1,1
scrapes,1
diviners,1
class1a,1
px2,1
mniv,1
tdu,1
soothed,1
analgebra,1
pffttck,1
langauche,1
balgeria,1
izi,1
iala,1
omicrowie,1
paulaur,1
kagglewood,1
ltx,1
a2c1,1
kdf,1
dmpl,1
singleline,1
20faa,1
ceasefire,1
meuvert,1
nrolle,1
gyptie,1
jfs,1
kaloitower,1
locket,1
mun,1
gd,1
somolecular,1
azim,1
gagga,1
retconjecture,1
inequalities,1
echosciences,1
clade,1
sep,1
z5z,1
sysakoff,1
supriva,1
dato,1
fratata,1
marque,1
freundesamnt,1
mehr,1
2r2,1
nated,1
whet,1
zhzhsv,1
mltw9,1
kombustin,1
verbeeken,1
ackden,1
acategory,1
foaming,1
gavruses,1
russaus,1
domestanus,1
dih,1
inflation,1
herewith,1
nnference,1
leistendien,1
x2xn,1
pfsr,1
itatically,1
dicularism,1
eur,1
zpjeqm9pf5lhmivwngclldtltkltttjmpkcgqvmsuomciag,1
sppdt,1
saustraus,1
verbege,1
erwaschen,1
logmarie,1
vpkf,1
dbeve,1
mantrams,1
cherotempo,1
proprechtivant,1
viande,1
expletive,1
arithmetical,1
urning,1
mbelle,1
pluivres,1
santander,1
subclans,1
leaford,1
pk0,1
izzas,1
verduzug,1
abaciomabulars,1
ceilae,1
ambile,1
chantants,1
ssrtt,1
7m,1
defector,1
coqx,1
volz,1
mabecks,1
axiemd,1
acisect,1
ascoli,1
onlex,1
dieding,1
mountainside,1
limerick,1
fruitless,1
disrespectful,1
yesfast,1
veymaskaiu,1
18v,1
asari,1
subatomic,1
uropy,1
dwindles,1
atep,1
sclt,1
cmdk2,1
kals,1
herzogs,1
autumnal,1
spices,1
pkp2,1
2d4z1h,1
bestell,1
hauspr,1
arbeitsbade,1
operittas,1
blaswert,1
entspleicher,1
i2id,1
goleman,1
cylant,1
eqh,1
wirsammt,1
verwendelene,1
angeorganizie,1
enharmus,1
confounds,1
goth,1
dq,1
nonconvolutive,1
abfa,1
abivility,1
beialy,1
pathobutnung,1
arbeitspleibe,1
erfahr,1
duke,1
hijking,1
tmpl2,1
mcarthurs,1
ltheorem,1
aliquot,1
szwlt,1
1daghtl,1
2ds,1
afc,1
remedies,1
hieroglyphically,1
cheep,1
spooners,1
hooligan,1
grot,1
wird,1
daamel,1
aetic,1
acm1151,1
hsaoiii,1
verltbildung,1
leufschmid,1
drecht,1
snabelicarb,1
sved,1
abaciis,1
rtdshfs3,1
dtsa2,1
monkstown,1
martinado,1
peuples,1
lyrcl,1
defumed,1
craft,1
brine,1
surhey,1
mewl,1
madeespa,1
hypocriteous,1
2x2n1,1
whyreweword,1
shouldbe,1
makoudous,1
eqnits,1
energia,1
dungarees,1
backled,1
philotes,1
chymosis,1
moosewalker,1
bothered,1
miander,1
kasey,1
studelian,1
avalonium,1
psyopathetics,1
leavoir,1
wingsmen,1
wil,1
mandibular,1
ousine,1
waxing,1
spurt,1
wk9,1
kansas,1
ialmov,1
cyberschule,1
geertangen,1
genevaerecht,1
similarity,1
decimality,1
arait,1
hphev,1
27mihckdv,1
midwife,1
5wm51,1
studdedspoons,1
hagy,1
sapientialan,1
capulainj,1
vidij,1
loinage,1
consommenizant,1
qp,1
cov1,1
setnement,1
vanrodent,1
ymagnitude,1
2pfl,1
nzo,1
sociation,1
mcgd,1
gertrude,1
alphabetdivides,1
someonesbutpleaserewightwithraberside,1
withanotherbetween,1
broads,1
napoleonicus,1
vauje,1
filains,1
canvass,1
okinaupid,1
afailed,1
quicklog,1
alleged,1
burglar,1
oscars,1
tribbal,1
ccmb,1
nachschuld,1
kommunicationsk,1
rnsf,1
charmingly,1
dogsled,1
salcambium,1
taranaki,1
crohns,1
postdoc,1
unoccupied,1
aiv,1
poolland,1
6pm,1
tiviiiii,1
cntx,1
ceptrod,1
terek,1
lier,1
nosy,1
turnin,1
tressa,1
abatta,1
haberata,1
walunto,1
februd,1
bokuda,1
magnuson,1
placedlocks,1
staffroom,1
theft,1
marcy,1
allll,1
muesess,1
wary,1
mk2k,1
k0k,1
asien,1
madonna,1
crocodile,1
biagggetters,1
sunlogs,1
lymphatic,1
nerff,1
mingling,1
conditionings,1
fastest,1
julying,1
dryant,1
gable,1
buttons,1
grasshoppers,1
thumba,1
dgrods,1
divinatory,1
suffered,1
moomba,1
rescued,1
asphodel,1
crowds,1
southwesterly,1
macmillan,1
orginal,1
mystified,1
abcg,1
peepart,1
northwest,1
volantilisation,1
1013a,1
gnostak,1
lematis,1
coworkage,1
venetian,1
laden,1
hftp,1
shuck,1
arcadia,1
pickaxes,1
3log2,1
jerseys,1
lauvelet,1
rollyourlocks,1
pacer,1
lt2i,1
simplexell,1
spmc,1
coarse,1
kritsch,1
publication,1
duckgoose,1
xfixb,1
pcviial,1
subsetn,1
dulling,1
didyou,1
sazr,1
leona,1
326ci,1
kundle,1
rainey,1
erectaios,1
derone,1
convolerer,1
conjunctivists,1
dtpxix,1
rtjv,1
phytoestrogen,1
agate,1
piperidone,1
bars,1
dga,1
ufsh,1
jam,1
dkltms,1
graphics,1
archievable,1
broucester,1
pepvi,1
dopviii,1
i3b,1
whatsthehell,1
probablo,1
bended,1
derelict,1
brodzinski,1
announcement20585,1
woe,1
wasteth,1
desertationsiii,1
gotht,1
farting,1
gatherers,1
snotters,1
sways,1
middha,1
ltmp,1
flac16,1
laterkalzanism,1
ohshitwhatnowingrab,1
anz,1
evia,1
plm,1
amigurrabai,1
docks,1
woocata,1
cdix,1
acyclic,1
edi,1
chevelures,1
bristlecracking,1
blare,1
dreamily,1
scorcher,1
rosewood,1
chicagunaga,1
pauly,1
zxyyzzz,1
kvf,1
vna,1
dromedaries,1
brancheschimneys,1
mela,1
defcon,1
ansch,1
margherita,1
philife,1
clifton,1
1217,1
fkissing,1
grasp,1
yawker,1
greatness,1
eqidient,1
forgiven,1
paurdersia,1
monsterio,1
subraces,1
thepictorialtraveler,1
cdlet,1
selophyneia,1
bcds0,1
russison,1
rtos,1
aholdous,1
ghbs,1
jeffers,1
vanditism,1
nuv,1
roomy,1
haryana,1
breanna,1
jackasses,1
thjec,1
ineptness,1
infolded,1
vecturnal,1
weltortime,1
karun,1
suk,1
emush,1
79ms,1
jn2,1
superguiding,1
mcg,1
voyageurs,1
phew,1
tunisia,1
pastilles,1
ravioli,1
metrou4join,1
hltued,1
oudhala,1
palacesroom,1
mp20,1
heldi,1
1981,1
spooler,1
wavesharpers,1
pmaa,1
wakeing,1
eqk3f,1
decelerating,1
musko,1
nonterminous,1
arrogantly,1
fuz,1
failing,1
pineapples,1
wetterling,1
hardin,1
suppository,1
eoscdg,1
n2rt,1
beige,1
novelty,1
catholics,1
taordina,1
shih,1
quan,1
menasexual,1
frecklebraun,1
saddle,1
abacd,1
blighty,1
faultline,1
manic,1
gypsomphy,1
margate,1
menface,1
paris,1
eir,1
didni,1
rosamunde,1
oaggeruelm,1
tarca,1
endedely,1
mpc,1
docosecond,1
bleep,1
biographically,1
skinniness,1
amet,1
agaletics,1
rememberst,1
pove,1
ekimos,1
hungular,1
plunging,1
nighttime,1
follo,1
woobie,1
frizzers,1
limestones,1
psyk,1
penknife,1
jebediah,1
shunt,1
streisor,1
kalli,1
homolka,1
feets,1
garnishes,1
tunein,1
doch,1
flareoff,1
fidler,1
byd,1
9m,1
girly,1
ambience,1
startling,1
priorally,1
contralto,1
ffit,1
mbanff,1
guideliners,1
itis,1
ximho,1
ump,1
cannons,1
hyan,1
freeskjav,1
blueeyed,1
sounded,1
alike,1
eufaulnemis,1
soot,1
verbeulein,1
francele,1
violden,1
gez,1
vinci,1
cheech,1
yurt,1
knop,1
arcturny,1
cisternchaudt,1
supersnographie,1
rtls,1
soldi,1
coprolife,1
gangsta,1
closeie,1
carpentier,1
gwh,1
bugsy,1
anschutz,1
haarstehen,1
reg,1
vsj,1
volta,1
hfa,1
syslogism,1
cd00,1
6z,1
ddt,1
hdgw,1
amerian,1
yai,1
matheny,1
monostarfareblog,1
allowance,1
cathedmonia,1
ooppa,1
poetica,1
legalee,1
agnettude,1
00x11f,1
4r,1
sizels,1
dokumentos,1
vepturedly,1
closet,1
threescore,1
obedient,1
brains,1
74000,1
0ma,1
7100m,1
beeswax,1
bouquets,1
norwalk,1
touchstone,1
573,1
sav,1
untidably,1
nooooo,1
whatonnow,1
gnostakosaurcyne,1
pokeymoog,1
creampie,1
d0,1
zemeny,1
sophomoric,1
paperwork,1
krykod,1
thumbscrew,1
1000,1
onthe,1
churchy,1
nantero,1
goonsight,1
abacitate,1
marionette,1
simeone,1
cowart,1
threedimensional,1
nuptial,1
deprived,1
1ms,1
pulsipher,1
ppirreal,1
aal,1
consistingof,1
melinda,1
unicorns,1
tuneed,1
urin,1
sumatras,1
spandina,1
angleipuectobia,1
soph,1
wanttotalk,1
tyldy,1
aos,1
reuna,1
1ddakozson,1
acruna,1
psylvanic,1
squeeze,1
stephensom,1
rhine,1
pastented,1
lids,1
unknowledged,1
xat,1
pucks,1
grockles,1
trampoline,1
rocketry,1
hornberger,1
goldenrod1981,1
lmv2,1
viduels,1
kelly,1
monga,1
alphabut,1
forme,1
lopf,1
guarnier,1
logon,1
workstation,1
batatanga,1
13a,1
13b,1
yyzz,1
divy,1
ceauce,1
welcombin,1
charitable,1
cdis,1
phts,1
supersubstitution,1
15mb,1
viard,1
violins,1
cower,1
exploding,1
264,1
tarrapa,1
56,1
okmnow,1
bcafii,1
xoapsilid,1
caileyveep,1
volted,1
iw,1
dawdling,1
heaters,1
gonskva,1
asseed,1
glitching,1
riaa,1
znid,1
cunard,1
nottogis,1
bushes,1
canap,1
yous,1
goatwalkers,1
cams,1
aggregation,1
opdag,1
shawl,1
wannas,1
workroom,1
lockup,1
adna0500,1
semipermanent,1
wu0therdainck,1
scarring,1
coalsing,1
acrogne,1
spidermans,1
wg,1
automatisms,1
mlff,1
oubli,1
coscop,1
instanceof,1
wiards,1
kem,1
sagaland,1
firework,1
brodie,1
sconce,1
dobs,1
weatherlight,1
rtel,1
misunderstandings,1
cried,1
ndeprt,1
pursers,1
fingernail,1
mg,1
exprantion,1
lightroom,1
libavt20,1
devenewschreiber3,1
roman,1
tenshs,1
nonces,1
spermatically,1
sievers,1
brognedner,1
amending,1
cantori,1
ml30,1
hinged,1
dryly,1
yegor,1
maximilian,1
kurz,1
klaxon,1
tenderly,1
giraffarnets,1
prostitution,1
singahhhhhh,1
4mon73d11,1
ringen,1
bkiii,1
krivard,1
crevice,1
myslop,1
moutache,1
carburet,1
compass,1
demains,1
amberger,1
chums,1
vest,1
comfier,1
phraseions,1
southopposite,1
dairys,1
housecleaning,1
chantereth,1
afcus,1
uvea891,1
spanking,1
zmov,1
yessir,1
dicided,1
scissors,1
ipsidums,1
2d3,1
algebraology,1
acclimatisation,1
urobats,1
eug,1
cates,1
douglass,1
bocce,1
butchery,1
guadala,1
clash,1
daddies,1
airsuit,1
ewel,1
speedosums,1
mltw,1
jzz,1
lkoa,1
rhymthys,1
boundaryless,1
altitude,1
2c0,1
a20,1
lnr,1
tations,1
weatherestop,1
idg,1
63,1
homestar,1
tyoy,1
chr,1
ftn,1
jzjg,1
weintraub,1
speculation,1
flees,1
bedsheet,1
raunchy,1
ocraps,1
forster,1
nwo,1
rmrw,1
wkf,1
oxc,1
encb,1
emacsdev,1
lukei,1
18thapril1997,1
soundly,1
firefoxfly,1
rttp,1
lmisviii,1
ecd,1
speedofwalk,1
liny,1
extragalactic,1
shiitakeshiiiiiight,1
concatenate,1
breathless,1
auaiapuaeihina,1
wegotwash,1
metricsate,1
ericson,1
untroubled,1
stronger,1
37,1
39,1
41,1
42,1
46,1
47,1
48,1
youareasaweb,1
tpdtf,1
numberofsections,1
underlines,1
eulerian,1
followsthat,1
normalisation,1
reasonable,1
aggravated,1
coulds,1
lx,1
transfusion,1
acidris,1
ceife,1
bugfixes,1
spanktomy,1
loudspeaker,1
anotherie,1
renant,1
zippo,1
oivuent,1
meetings,1
proveer,1
friemeyere,1
1373,1
manun,1
askari,1
ceosed,1
admitthrows,1
poheau,1
firma,1
lelina,1
conferencer,1
dauplow,1
tzinger,1
abaccilism,1
affectal,1
pimper,1
tenable,1
reproved,1
dort,1
goonk,1
chive,1
abaye,1
wreath,1
gauzy,1
daubleness,1
hiergos,1
auplicata,1
agostino,1
campesina,1
modernale,1
andll,1
nce,1
tak,1
belves,1
transparencies,1
mandolieci,1
tourneur,1
ofnf,1
2rx,1
zza,1
anh,1
iphthym,1
wahzizih,1
equalimes,1
hickory,1
socket,1
renews,1
hoover,1
yeru,1
machannel,1
ahahahahhhhh,1
dirclinge,1
vinjections,1
kollege,1
arabicam,1
sangiloux,1
folquences,1
avamem,1
lise,1
zschmid,1
chantier,1
sujet,1
semblances,1
bellet,1
heureuses,1
shatner,1
camry,1
mattzzz,1
eclkope,1
opaznelson,1
sandership,1
algoa,1
dfft,1
reversion,1
proprer,1
netway,1
fajormon,1
deadlocks,1
logarith,1
nonconstrained,1
minutesthen,1
puttingon,1
taiken,1
pochata,1
xxxyxxx,1
yyyyzz,1
thnx,1
infinitivece,1
huggysocket,1
enacting,1
hawala,1
creatures,1
tanabatta,1
vyau,1
em4rt3rnd8y,1
spp,1
azzerert,1
marchaggio,1
barges,1
goshhhhh,1
revisiting,1
slides,1
fillets,1
spoilt,1
mainew,1
divide,1
urnvivier,1
wmrwlt1,1
duckertrabattva,1
otherschic,1
leadses,1
rew,1
deuterium,1
omggggggggaa,1
crackdown,1
ringeeee,1
piloting,1
dain,1
sipah,1
ladysit,1
popers,1
auxial,1
idc,1
zbrk,1
xora,1
mensaude,1
chestnel,1
hallos,1
comant,1
chiclet,1
jackoff,1
flop,1
blomberger,1
cram,1
detentions,1
plink,1
amiritea,1
affinado,1
wateratic,1
fishling,1
limonaccis,1
lorde,1
waxwork,1
chesi,1
shotzzatiny,1
arrogating,1
worldthis,1
emphial,1
kymotic,1
adenimitatem,1
operantibus,1
innisando,1
pascuale,1
peeped,1
coke,1
excelling,1
modch,1
definetrness,1
xmorgantel,1
draggin,1
falcl,1
xhcilk,1
hclc,1
mackin,1
hallen,1
daaaaaalghh,1
bitcoin,1
wracks,1
tingling,1
inkwell,1
youltree,1
resignaw,1
reparametric,1
adivowed,1
hypergolic,1
spoonsintheheat,1
rofloxxx,1
rocker,1
mohammed,1
oropharynx,1
dore,1
moammar,1
vzjl,1
pinkersagne,1
langkim,1
bagatelle,1
weez,1
poins,1
chicaga,1
bunyend,1
spinnernet,1
hcate,1
batho,1
dogshit,1
andrews,1
moinau,1
sdietz,1
chillers,1
ffe,1
dixelectronically,1
prolels,1
dauroscope,1
nucleosciences,1
dn2s,1
ff15d0b2073,1
2cd4,1
caplan,1
b49,1
vethe,1
equatorial,1
meanwhile,1
prestige,1
sysinski,1
yip,1
yesdroid,1
nats,1
orquin,1
10w15p,1
4400,1
prabbleclimbed,1
aretha,1
libertas,1
a1a2,1
oneness,1
datas,1
eqx,1
rtivate,1
interupted,1
ffy,1
socksuit,1
subtension,1
floaty,1
chalabertel,1
awad,1
whatcha,1
hofheinz,1
1600,1
drags,1
mickle,1
dowrer,1
abac1,1
acm0,1
icells,1
tivc,1
ekrt,1
yeh,1
haucd,1
kalamaza,1
oaths,1
evewell,1
stanford,1
1aah,1
poeval,1
electrophoresis,1
contagious,1
brooke,1
functuabulum,1
semblant,1
tramways,1
peice,1
closingbody,1
foamy,1
welterweight,1
weaklhvs,1
ness,1
unclassical,1
eqyavvyz,1
gerechts,1
mbs,1
mistimed,1
reactitive,1
pointspost,1
fors,1
selfdestruct,1
depositsmorty,1
seating,1
vocter,1
daubers,1
tanvectors,1
thoughtfully,1
disposes,1
scorchiest,1
cemetery,1
antler,1
accaigne,1
domark,1
8u14hs16i17,1
yym,1
buford,1
aptihi,1
prattle,1
topologyd,1
identification,1
tenfold,1
pegreclopedia,1
macke,1
chympa,1
aaaaaaaaggh,1
owgy,1
measuring,1
airbrake,1
flock,1
thmicompelbloom,1
fdau,1
vagam,1
nadep,1
aywalker,1
chunting,1
placentas,1
36mins,1
welfry,1
walu,1
saut,1
ochala,1
cheuld,1
lidung,1
bestrecht,1
kriminal,1
arbeiter,1
hofbier,1
verfahr,1
westendt,1
ziehrer,1
meisterskommand,1
spetsnaz,1
regimez,1
dislike,1
praeciphusis,1
acirepoppers,1
acupuncturist,1
sundye,1
knickers,1
amicably,1
ceman,1
verbeenden,1
1rtxp,1
8x16t,1
2v,1
eyesighte,1
tightness,1
zizzale,1
dushtalk,1
keeling,1
propyrates,1
htxztckxxa2,1
hotter,1
lupis,1
nozod,1
umm3,1
doeur,1
wrongy,1
bdjs,1
cournsday,1
spank,1
pmsing,1
spellchecker,1
acdef,1
mylae,1
freidavenport,1
raux,1
nuflex,1
eulogy,1
lmmvoir,1
songbook,1
propelled,1
kategorosis,1
erfors,1
bestrodung,1
abacollo,1
tampo,1
dcga,1
demrabunda,1
goedel,1
norlimav,1
glakht,1
nyere,1
verbeppen,1
043,1
pare,1
enfermant,1
corbusiness,1
1p,1
acarpute,1
evening45,1
kinari,1
77314,1
enso,1
galveston,1
incertif,1
pisode,1
statut,1
yavapai,1
grecherys,1
obshcupid,1
oudmosis,1
moth11,1
uvlight,1
eyelets,1
frommmp2,1
3hz,1
necked,1
gendarmes,1
heckertz,1
sieur,1
entrecipitableires,1
sensitisation,1
largedownload,1
slide,1
phosphorics,1
carb,1
moira,1
temak,1
7911m,1
hwy,1
retranck,1
mediocre,1
sycophant,1
2049e,1
deutschlandliche,1
rotary,1
siii,1
murderss,1
4f2f,1
ramsa,1
diatouroviali,1
krasnodavrigsky,1
cantal,1
manmit,1
plessis,1
heavey,1
cauchylet,1
dates,1
tyrones,1
iphthould,1
embarda,1
lleida,1
smucker,1
lmlt2l,1
marjones,1
abacinsen,1
smack,1
dab,1
crooks,1
adoring,1
bolded,1
bask,1
abel,1
semple,1
fruited,1
principlesdefinitions,1
spoils,1
p3n,1
abdalays,1
smores,1
wanderer,1
overmatt,1
rossie,1
cleaning,1
acroclasm,1
javons,1
wavu,1
ultimos,1
cbde,1
billiards,1
glitter,1
rippon,1
maris,1
dermatological,1
lapse,1
elven,1
loggia,1
unplayable,1
bijkard,1
glitters,1
pxxltv,1
qhsavvyhizpahzrabudko,1
2x1y,1
valejo,1
bbd,1
hoard,1
bobber,1
drownabye,1
palimpsestra,1
blanc,1
houten,1
michaels,1
dmarsacek,1
mpkf,1
hijavant,1
takenfrom,1
ackles,1
pats,1
abatic,1
tuckabuff,1
stellen,1
solommens,1
bytle,1
chelsea,1
undersea,1
mountison,1
precidable,1
ecaal,1
mapleaf,1
hythemousidals,1
raptor,1
abandonement,1
barynde,1
verbraunt,1
verombreibe,1
amstelland,1
gewaltums,1
trep,1
cmpe,1
anisodes,1
pubgy,1
drops,1
sensual,1
tertiary,1
unfathomed,1
bradyxx,1
cain,1
menscheinen,1
thatchers,1
abambarnas,1
zepheryshoney,1
strolling,1
confirmed,1
dicoustics,1
pieroux,1
meteorology,1
fiddling,1
ayff,1
rubabaguyhh,1
corsair,1
township,1
keenerly,1
pmd,1
inaccuracy,1
priacs,1
mathelissa,1
anyways,1
raiseworthy,1
proping,1
akel,1
rendezvouseau,1
langoust,1
neh,1
mooncast,1
fishbowls,1
popin,1
ungovernability,1
noncons,1
abcheyd,1
leashes,1
ldo,1
hoisted,1
kur,1
barmswood,1
hauberger,1
lamberry,1
kaln,1
sbeine,1
elveni,1
agglutinings,1
doxology,1
brottingham,1
flowerfruit,1
remainsle,1
chambray,1
sttp,1
multisammon,1
barbarahoods,1
websites,1
entreaties,1
cysts,1
birdsnap,1
vessel,1
sermons,1
caillery,1
tricycle,1
onympia,1
alban,1
bitonfaf,1
tribble,1
unsuccessfully,1
eavesdropping,1
mufiorlinenfants,1
fzc,1
iijf,1
ryanson,1
faggots,1
moons,1
okqqn,1
tensor,1
stadsel,1
gfo,1
syllable,1
tellballyouknowwhatsyourdoin,1
apantrol,1
keepsordering,1
sicilan,1
upreeping,1
deathe,1
soferinski,1
lkp,1
kcf,1
p3p2,1
jiiiiiipimaule,1
marchne,1
tryplaying,1
nojoint,1
tc0,1
psf,1
abeilly,1
faceless,1
areaa,1
pnk,1
dacf,1
hidlingo,1
saffez,1
acgirls,1
gotans,1
suprabathia,1
woolard,1
shipwreck,1
faceman,1
burr,1
typan,1
neuroscient,1
boundfold,1
dembschneider,1
preascendency,1
lk3ltaaw8laeftjqnsddioitafm,1
cannerouse,1
anguishing,1
grandmother,1
aloisette,1
dun,1
fyzzkrt,1
mnf,1
xhavn,1
yokelt,1
firehurrymonkey,1
jonass,1
7c73,1
cd5,1
broecken,1
allenin,1
minsk,1
nunchucks,1
kerber,1
newtons,1
thebeautyofknows,1
aagy1uoyrodmocaveydlcedaoipii,1
mvs,1
uvydrmikch,1
okah,1
cockabuddy,1
hierological,1
sstmp3d,1
alchemisation,1
waihoo,1
murica,1
resignate,1
laterally,1
shingo,1
va,1
chocks,1
diraculum,1
clustered,1
guts,1
abbott,1
agilesea,1
inchby,1
sclopen,1
hyrandling,1
cavanagh,1
aaaaaaah,1
abad,1
camino,1
algarve,1
sausages,1
magicallys,1
combin,1
throd,1
proofyet,1
d3r1c2,1
kmps,1
chequered,1
fishman,1
chived,1
thinkinger,1
aswell,1
rafaelson,1
macquarie,1
carc,1
wallinghouse,1
lepic,1
welkin,1
lightscreens,1
emigration58,1
swindle,1
didit,1
tydney,1
rushing,1
uileate,1
amma,1
d000s,1
musah,1
duis,1
kalais,1
daurice,1
oooooo,1
tricked,1
urummiotic,1
chocolates,1
dampen,1
libidos,1
fillings,1
arxiviz,1
abs12024001473,1
venizd,1
frankson,1
pimpers,1
waortish,1
gothic,1
5cidsupportal,1
excelled,1
cgroup,1
kipos,1
matens,1
sharkarm,1
kizbuny,1
gotcha,1
dairyne,1
doig,1
morosecond,1
attatch,1
hadnd,1
penne,1
kleer,1
frapheth,1
sflt4,1
danneford,1
cleansed,1
pkms,1
jahrhunderung,1
seder,1
ufology,1
cleanout,1
orangutans,1
ltg,1
retainer,1
s1d2,1
4faa,1
fialism,1
melbourne,1
fmph,1
eqmonad,1
pfaultyddt,1
pastlimple,1
vincka,1
liii,1
ooohn,1
frockers,1
sysop,1
datapad,1
goatee,1
footrace,1
wam,1
nothint,1
ladle,1
usf,1
subvoid,1
reprinted,1
interwebs,1
x2c,1
lemans,1
sighting,1
2k3,1
surnames,1
moths,1
sapienza,1
yarnow,1
dek,1
frockning,1
bedlee,1
aren9wel,1
fking,1
whizome,1
shhhhh,1
uttered,1
forseeably,1
16k,1
hurts,1
caulfield,1
ripening,1
rrigorously,1
generalised,1
toppler,1
guillaumes,1
terior,1
typids,1
cooportland,1
aachen,1
grrrl,1
judicial,1
chessanders,1
sodden,1
voles,1
demotivates,1
pulsars,1
vistas,1
klou,1
mtb,1
trachea,1
couldj,1
tuggs,1
fmic,1
tripana,1
mv2,1
yangle,1
4m51s,1
margins,1
britt,1
chevelaigne,1
cetacelles,1
pommens,1
autourgie,1
hoen,1
depsiphthongs,1
cux,1
pic3b,1
chapelpricked,1
alooked,1
thinkful,1
bloody,1
testicle,1
pancreatic,1
goitrogens,1
eforego,1
foreseeable,1
ould,1
ceitane,1
lozata,1
tpa,1
lehtav,1
hako,1
koro,1
sajuris,1
enferys,1
00073,1
15kwh,1
2mohmhgeq5tuowzm,1
mackey,1
mirador,1
attck,1
elect,1
wannt,1
acmpanic,1
nforms,1
greenspace,1
noising,1
blades,1
riemannen,1
subjacent,1
srtfbr0r2rw3lhgw,1
ncubic,1
zonal,1
chihreu,1
sweatslee,1
eels,1
appetizing,1
tiscien,1
smashmouth,1
adiventricular,1
woolworth,1
ooook,1
adil,1
sheppard,1
windbreaker,1
lmdb,1
chante,1
i2a,1
sizetrically,1
endianism,1
leotard,1
kdia,1
belonged,1
ripoff,1
skysong,1
breas,1
fillydnosaurs,1
9ing,1
woppen,1
whores,1
untucked,1
gigging,1
eyed,1
gloved,1
mssim,1
3654,1
dynamics9,1
d89,1
tuffs,1
sinkwich,1
patry,1
eyress,1
therell,1
chiefly,1
combinationsfrotheard,1
voise,1
jake,1
subnumbers,1
phthymium,1
flettered,1
erselves,1
aganna,1
6b,1
20z,1
lobed,1
p938,1
rhydone,1
baselined,1
redeployed,1
eqnts,1
goldsmith,1
cuticle,1
selfknowingly,1
skybarbara,1
rezint,1
watchmen,1
dreads,1
gigantelets,1
preprocessor,1
tauveirs,1
nohold,1
maniacal,1
outriggers,1
jushibition,1
iceman,1
ladys,1
julie,1
d3d4r,1
frigid,1
profilers,1
nonoptimization,1
operonico,1
metaprogram,1
failedlocks,1
indoor,1
u000eau,1
regularization,1
vox,1
holex,1
urionzi,1
doesle,1
trafford,1
abaciasplaining,1
lymatological,1
feuerbachs,1
boz,1
makersh,1
ndheta,1
clementine,1
newsoulduke,1
cocking,1
perine,1
aragondo,1
suiventina,1
ellapostale,1
fanci,1
tam,1
hoards,1
touchline,1
germane,1
redirony,1
jogging,1
gawking,1
ekler,1
klimtsov,1
linnier,1
p20,1
shirked,1
huda,1
avancil,1
transpire,1
clacked,1
nicked,1
moanin,1
subtraction,1
amateurs,1
lachryna,1
snuggled,1
openal,1
tourneau,1
afterall,1
diagara,1
b1e,1
eqdls,1
subsarences,1
a2c3,1
tauleur,1
automatische,1
kcai,1
wooke,1
matei,1
endbringer,1
resonated,1
faradayif,1
arreola,1
brazzers,1
hainault,1
paidge,1
stuart,1
russett,1
theodore,1
bartschmidt,1
cleve,1
ringwood,1
fido,1
naunto,1
backgatslinging,1
mactateams,1
noorteg,1
rescanning,1
shindell,1
sizz,1
seemsdkth,1
shortshorts,1
onlymindedly,1
abernethy,1
sweetsbury,1
acclimated,1
kokey,1
unixunary,1
spheese,1
klimov,1
santos,1
nium,1
marxists,1
europan,1
headwhen,1
ccc,1
adiah,1
syspherical,1
downhill,1
boats,1
inflating,1
faid,1
cursecular,1
banknotes,1
pupil,1
venkateshwin,1
stairseeeeeee,1
dragway,1
seedling,1
eddies,1
rotting,1
stalks,1
fakirs,1
oolt,1
couplet,1
straddling,1
1gzzyz,1
postnsuspersion,1
crestfallen,1
771,1
daaaaah,1
unfelt,1
rayrod,1
sonciall,1
alen,1
gruel,1
throug,1
quarters,1
trouper,1
endoes,1
mu,1
ecologist,1
ooorth,1
undies,1
sumofall,1
jf,1
rvbv,1
bek,1
nne1,1
row1,1
upviii,1
ao2,1
logi,1
warfarina,1
maiiskaher,1
schoolboy,1
bedycrest,1
mayst,1
automatedtheoremplease,1
saddening,1
overluge,1
quarter,1
satisf,1
sll,1
clairvoyant,1
blozzie,1
terreau,1
blackish,1
yommers,1
departyyardend,1
vellows,1
homosexample,1
nauseam,1
backsprints,1
drinkin,1
frockoskull,1
dooredownptionifnothing,1
mattd,1
hatcurl,1
gazed,1
abomination,1
overwhelming,1
carenut,1
catchall,1
jeweleries,1
crimp,1
canary,1
saop,1
dining,1
homeless,1
mandarin,1
twisters,1
whyt,1
snitch,1
homme,1
mensailles,1
collette,1
nymphatic,1
unfaded,1
moonra,1
lnw,1
panearamic,1
fnlt,1
7s,1
lmfaooooink,1
pcl,1
holys,1
taqueria,1
combed,1
maxlen,1
aliquisic,1
mirrorslarge,1
unknownwith,1
mpb,1
dtdxhldprt,1
cdtj,1
bcoupled,1
alchohol,1
retourne,1
vista,1
tips,1
languished,1
bentham,1
cistern,1
libaudience,1
iy,1
cybershow,1
livingroom,1
rtmodes,1
rofldd,1
hairspray,1
dampness,1
jjoint,1
00c2d8,1
f14000c3d4f73ceca120a,1
calsink,1
hyabutism,1
windowsicing,1
verbeulung,1
september,1
nadalogue,1
imes,1
cq,1
bisectends,1
7h3hs,1
rabbuna,1
berschuldigkeit,1
sangal,1
revenirs,1
retours,1
treprises,1
zusammenetzung,1
dtls,1
fronting,1
qualifie,1
pyre,1
streamer,1
ouest,1
rauschime,1
30k,1
juloiress,1
ducktrend,1
daoeye,1
bobbers,1
piggies,1
abcaabbcdbcbdaff,1
wmzzzwgzm1,1
kuizan,1
juskoi,1
reprocessing,1
mpyr,1
navually,1
erzahl,1
geheimnisse,1
kleptonss,1
halg,1
rhomauvekiropad,1
vulte,1
freundlichkeitung,1
systemarity,1
acalcopia,1
eveid,1
locality,1
manquemada,1
connugo,1
cheonath,1
rancourt,1
ndenot,1
anydim,1
poile,1
zeman,1
archimedes,1
enquire,1
dical,1
campbell,1
collections,1
fayfalls,1
gainesville,1
shuttles,1
disguises,1
suntan,1
corvo,1
tintype,1
epsitosis,1
wattle,1
enjoyment,1
darwinnten,1
allin,1
zandvoort,1
redox,1
salvais,1
islamien,1
obliviously,1
fallas,1
champione,1
legionnaires,1
testifies,1
malfunction,1
bevee,1
kirkland,1
christiane,1
fancikoule,1
shenge,1
rundschau,1
constructors,1
prath,1
sojourner,1
woodpecker,1
crosswisely,1
mutes,1
fisclosed,1
haskellic,1
deadites,1
incarceration,1
assignement,1
mutinearity,1
orgasmarounds,1
impenetrably,1
aufheben,1
errabacht,1
grasswood,1
harshtole,1
xlix,1
ixlt,1
nadak,1
bdsab,1
censoring,1
agreedays,1
trt,1
siemens,1
2tok,1
viiivu,1
cviiiaviii,1
whered,1
hearmurrrrm,1
racket,1
prathude,1
ramped,1
darting,1
headster,1
postk,1
turbine,1
liiplicationss,1
libc,1
rig,1
zxwxxvn,1
cdkf,1
fern,1
foxeyed,1
ina,1
hyabool,1
anthems,1
yawg,1
pgp,1
wreal,1
forelimb,1
groupset,1
goby,1
ppm,1
packens,1
licenseally,1
pooltalk,1
bluffs,1
monology,1
desplatoux,1
tfan,1
db05,1
approximantily,1
bitnigal,1
seaford,1
glomar,1
crameau,1
welch,1
mapp,1
voxels,1
pooke,1
dialling,1
dale,1
k1v,1
ebouxayt,1
prodertoclecture,1
dragoes,1
macciard,1
lookforapost,1
whatve,1
fixedheat,1
flask,1
frothing,1
shrewelled,1
chaletereiambid,1
beginers,1
movementblooming,1
multiropane,1
byander,1
versteht,1
copymodes,1
flyaddled,1
dahcdsaz,1
ddbg,1
lh,1
ifndltset,1
rockshair,1
cropical,1
dauba,1
hiputectical,1
usa,1
flay,1
nestling,1
sophists,1
fleckenfelstober,1
unreplete,1
harrowhead,1
precaution,1
tristan,1
vmov,1
mpw,1
trolleybus,1
edgin,1
marchie,1
toto,1
idiomale,1
desbats,1
sergebras,1
pinata,1
retracta,1
leeridon,1
arithmetically,1
isolated,1
jourdain,1
gascoyne,1
ms1,1
hammersnap,1
foco,1
careering,1
kami,1
mokumei,1
waendou,1
mabutout,1
faneuvers,1
appropriating,1
wordplays,1
bect,1
1u,1
byxiate,1
complexle,1
esperanza,1
ockle,1
signality,1
lkfw,1
spouts,1
blacksmiths,1
clownish,1
breeches,1
frecklebladh,1
madrigal,1
screwy,1
crape,1
lszm3,1
binasalli,1
brink,1
openeprodel,1
dmrw,1
bcn,1
13000,1
3071,1
1189,1
regretfully,1
nuisances,1
nsa,1
revone,1
archivalmultipurposeinterpreters,1
wordlists,1
keen,1
liking,1
remarkable,1
ugoyantenxm,1
nupletion,1
nei,1
smiley,1
pca,1
onward,1
intervalals,1
decim,1
cmasc,1
stickle,1
inclines,1
ills,1
betrothen,1
entschiedlicher,1
rotation,1
halopedia,1
marijou,1
filippin,1
expr,1
antial,1
partway,1
willnt,1
exhaling,1
10x,1
agains,1
abcacient,1
evers,1
agz,1
ravingsdorff,1
ied,1
kaufman,1
lightening,1
expals,1
trusty,1
staining,1
20observations,1
log5,1
morweg,1
opennd,1
pobu,1
quadrilaterals,1
formugupted,1
raudry,1
unconventional,1
geseuerken,1
gesta,1
todes,1
alstein,1
zusammem,1
triggard,1
waysampled,1
bdj,1
hectares,1
9894,1
ponding,1
pouring,1
rainrange,1
annecy,1
pxhlt,1
magma,1
franca,1
seaporti,1
merchandise,1
throughtrod,1
attendants,1
owm,1
moj,1
metan,1
churches,1
grapefruit,1
vecz,1
intersectedz,1
rajn,1
enno,1
uvb,1
babyheart,1
chlorphet,1
iphb,1
splitscene3,1
arrowy,1
slapball,1
areobservations,1
bungy,1
amyrsky,1
mirabeault,1
boudoir6,1
dovec,1
elleais,1
seriyusto,1
kandelbeg,1
retained,1
sublightaggregation,1
spheroidal,1
dominus,1
dros,1
slothling,1
abraxomes,1
aggrisons,1
violatos,1
enharmones,1
chuppery,1
palaces,1
denaturation,1
blitting,1
prorr,1
weymouth,1
21021705,1
territory24,1
bata,1
grassy,1
circumlocute,1
semblableado,1
envoyantimes,1
approchate,1
nuerto,1
manureae,1
agaya,1
bridgeport,1
sermonically,1
ecstaceau,1
sylva,1
roguier,1
oedaaaaaa,1
crisper,1
sawdust,1
swabian,1
hujersburg,1
pixabay,1
cutiexx,1
mpqc,1
viiiose,1
vvvyll,1
enums,1
speednium,1
rtuel,1
leveidon,1
cowperxx,1
ssl,1
kel,1
spitball,1
bunting,1
th1,1
owlet,1
abutons,1
drown,1
foxy,1
gatabay,1
implicates,1
cosis,1
l1d,1
fararrowalgebra,1
thaizhou,1
handmade,1
plenitzer,1
morabito,1
rgy,1
dogisz,1
eigen,1
lainzon,1
ameliorati,1
zzr2,1
rearmostrada,1
py,1
quaternary,1
feliga,1
enaving,1
sustainably,1
kelvt,1
wth,1
xlts,1
mykeyword,1
complexion,1
wimme,1
sono,1
cheto,1
kabayan,1
mop,1
regretable,1
doppler,1
loandered,1
alva,1
ikit,1
ratatosch,1
innatiele,1
superimposing,1
jxi,1
marchi,1
tourace,1
california,1
daysky,1
pry,1
mousquet,1
izzard,1
attributed,1
ch1,1
chform,1
munchkin,1
aier,1
aspenschuldigkeit,1
geheimnis,1
koolahsolelung,1
enormisie,1
beschweiss,1
hephet,1
waerden,1
gallon,1
sunbed,1
tyropic,1
eyh,1
raerrrt,1
cispso,1
restrobes,1
coucharico,1
coupaille,1
incluivre,1
gavrilo,1
unjunctive,1
unfoldant,1
byolesums,1
aziridoniation,1
reviving,1
catallena,1
stillnothingproblems,1
mlh,1
itivarted,1
reminiscences,1
ohne,1
waiventen,1
uvt,1
maect,1
comprage,1
cdvii,1
metairie,1
proposal,1
drear,1
acnl,1
endnote,1
p2pginp,1
weatherscaster,1
toolstore,1
wags,1
malara,1
4hs,1
enoch,1
dune,1
wentin,1
cy,1
hanyo,1
abbrgeneral,1
bcbe,1
kufs,1
moricello,1
gelder,1
grubbers,1
1013,1
msf04,1
degreerecon,1
intelligent,1
versed,1
whitepaper,1
emmerico,1
magno,1
contenizata,1
piproxy,1
azurethearted89,1
idioticagnes,1
ecimdmaa,1
almodovle,1
larrement,1
displease,1
migfet,1
bustline,1
moxerisation,1
turnsas,1
cowells,1
martinmacher,1
fallthrough,1
chohrabahatne,1
baraboo,1
endologue,1
boarded,1
wheelie,1
10pm,1
homestretch,1
occupy,1
000ic,1
olaret,1
bozzob,1
dbid,1
oploing,1
arocot,1
keq,1
fisetect,1
poche,1
forj03,1
ringlets,1
fraven,1
urgh,1
lye,1
ilix,1
scribed,1
coohico,1
jacknowelle,1
parti,1
vertuilles,1
countries,1
kugel,1
macherey,1
fuff,1
bst,1
ojos,1
apokolipsij,1
broeckler,1
dmsconformance,1
realises,1
sensibly,1
n5,1
catniphera,1
healthier,1
binder,1
dearly,1
menchimie,1
rejuvenated,1
986,1
hmmmh,1
similarapios,1
agi,1
arrtel,1
abuffle,1
forename,1
rubiesdubway,1
demobbed,1
isate,1
bcp,1
ebbex,1
repeal,1
abandoning,1
fodlark,1
communed,1
rockwell,1
bc5ctp,1
lamag,1
bestow,1
proletons,1
baglier,1
stativate,1
chown,1
bemetary,1
multijap,1
mutuallyigenetically,1
coulee,1
nommels,1
ferance,1
gruber,1
brunard,1
bellante,1
dfbb1g,1
rabe,1
molloy,1
geometryall,1
raouliot,1
quartileuclide,1
dim2,1
windowing,1
ava,1
projections,1
jacking,1
sleepimout,1
shelters,1
azureis,1
groanen,1
balling,1
dooley,1
byus,1
4ave,1
altoim,1
ldoux,1
sosostrada,1
monoclog,1
rihanna,1
leavey,1
ml17,1
psq,1
retrap,1
clumber,1
cydon,1
tesser,1
priorited,1
getref,1
aa002063,1
0xbffe50,1
gilead,1
centerrho,1
quadreous,1
abacc,1
uvv,1
omagic,1
wtp,1
coordinations,1
chalets,1
brushwood,1
ando,1
midpoint,1
msls,1
crocketts,1
spinnelling,1
occurfreckle,1
knucklesin,1
3vface,1
uls,1
innately,1
ulans,1
ufn5z6f,1
fah,1
leif,1
churded,1
ravi,1
9p1,1
normspace,1
