word,count
set,7026
sets,5389
infinite,4220
one,3696
numbers,3149
every,3019
finite,2704
impossible,2485
theory,2359
number,2218
given,2168
subset,2159
natural,1999
using,1991
subsets,1944
cardinal,1796
axiom,1684
cantor,1670
elements,1604
two,1572
without,1571
inexpressible,1558
cannot,1556
exists,1501
ab,1442
thousand,1306
defined,1267
function,1253
theorem,1239
among,1237
textstyle,1161
infinitely,1156
within,1154
order,1154
cardinality,1142
infinity,1136
proof,1118
large,1114
axioms,1099
zermelo,1076
via,1076
element,1064
real,1056
power,1039
example,1035
space,1032
equal,1032
exactly,991
chateau,978
thus,965
functions,956
exist,954
called,944
loves,936
universe,930
always,928
prove,928
metric,924
definition,923
integers,914
used,899
mathematics,892
countable,892
spaces,888
different,867
things,854
classes,848
possible,848
whose,829
countably,824
larger,814
proper,811
therefore,808
instead,805
however,802
operations,792
strong,786
mathematical,784
collection,782
abound,761
fall,760
count,753
cantors,749
suddenly,745
analysis,740
certain,739
fraenkel,732
less,730
limit,728
properties,726
und,714
model,714
proofs,708
pass,704
empty,702
achieve,701
wise,700
form,697
hell,697
union,696
uncountable,692
shows,676
blood,668
compact,665
implies,659
map,655
window,655
contains,653
crucified,651
arithmetic,650
open,649
equivalent,644
strictly,642
season,635
fingers,628
tracing,621
towards,619
une,617
least,616
against,609
axiomatic,605
cuts,605
tears,603
inequality,603
non,602
leer,600
times,589
pendulum,585
hence,584
general,583
image,582
bad,582
greater,581
proved,580
sequences,579
saw,578
ordered,576
en,575
us,568
another,560
topological,560
binary,556
paradox,554
geometry,553
sequence,552
offer,551
euclidean,549
maps,549
violently,548
prologue,547
models,540
frac,539
point,539
often,538
several,538
logic,536
cardinals,529
scattered,528
zfc,526
rational,521
continuity,517
hypothesis,517
enfer,516
continuum,516
results,515
hold,515
logical,514
night,514
basic,513
limits,513
time,512
divine,509
choice,508
around,505
algebra,504
made,503
bc,501
tree,500
till,493
arbitrarily,492
life,491
universal,489
matter,489
define,489
introduced,486
algebraic,486
das,485
unique,483
counting,480
man,480
either,480
indexed,476
problem,476
nets,474
ordinal,473
taking,471
equivalence,470
crystal,468
common,467
upon,463
size,461
notion,460
enough,459
way,458
roughly,456
consistency,456
unto,454
otherwise,453
nonempty,453
follows,451
work,443
bigcup,443
objects,442
proving,442
simply,441
makes,440
complete,439
examples,436
required,436
topology,433
card,431
definitions,431
written,426
hungers,425
together,422
satisfy,421
include,419
awake,416
join,414
sometimes,413
generally,411
sense,410
regarding,409
points,408
containing,408
arbitrary,403
small,402
chosen,401
principle,400
naive,396
distinct,395
satisfies,392
thou,392
cf,391
family,391
due,390
eventually,387
ac,385
shown,383
satisfying,382
line,381
independent,378
intersection,377
recursive,377
true,377
naturally,374
old,374
holds,374
saison,372
mad,370
foundations,370
including,370
ways,368
vertigos,368
cd,367
case,367
structure,366
until,366
various,366
gives,363
sizes,362
induction,361
uses,361
mapping,360
relation,360
based,360
denotes,358
notation,357
perhaps,356
away,356
turn,355
outside,354
describe,354
smaller,352
exponentiation,351
converges,351
linear,351
fail,349
construction,347
pairs,346
zero,346
far,345
continuous,344
beyond,340
contain,340
hieronymo,340
ever,339
standard,339
similar,339
denoted,339
complement,338
systems,338
ordinals,335
aleph,335
throughout,334
integer,333
bijection,333
result,332
formally,332
product,332
bounded,331
something,330
produce,330
ad,328
generalized,327
meaning,324
stronger,324
10,323
bernays,322
defines,322
intuitive,322
abc,320
considered,320
indeed,320
tiresias,319
left,318
rule,317
correspondence,317
directly,317
members,317
values,317
von,315
defining,314
notions,312
diagonal,311
length,310
worthless,310
laws,310
theories,310
takes,310
part,308
hast,308
cardinalities,308
terms,308
distance,307
consider,307
language,307
welcome,306
foot,305
extension,305
neumann,304
class,304
age,304
lines,303
unions,303
dedekind,303
states,302
contained,302
plane,302
powerset,302
sank,302
similarly,301
de,300
back,299
showed,299
along,299
cut,298
shell,298
inverse,297
collections,297
ridiculous,296
everywhere,294
del,294
intervals,293
belong,293
forms,293
showing,293
induced,293
end,292
quotient,291
construct,290
againe,290
tendencies,288
rank,288
urges,288
sunset,287
existence,287
related,287
classical,287
base,285
identity,285
allow,284
linearly,284
specifically,283
concern,283
allows,283
irrational,282
includes,282
hieronymos,281
means,280
property,280
began,278
perfection,278
thought,277
system,276
second,275
increasing,274
suppose,274
evenings,274
reaction,272
complex,272
entirely,272
known,271
lamentably,270
weaker,270
further,270
group,269
concepts,268
changing,265
delight,264
method,264
particular,263
goes,262
free,262
problems,261
fundamental,261
intuitively,261
seems,260
neer,260
travelling,259
deep,258
mathematicians,257
day,257
occur,257
extended,256
invariants,255
additional,253
limpossible,251
ideas,250
says,250
applying,250
interval,249
depart,249
sequential,249
modern,249
original,249
measure,248
self,248
equality,248
relations,248
found,247
three,246
index,244
finitely,244
graph,243
statements,243
list,242
symbols,241
idea,241
der,240
hierarchy,240
included,240
argument,240
formal,240
except,238
important,236
operation,236
law,235
full,234
starting,234
semantics,233
assuming,233
data,233
closed,232
whether,232
schema,232
asserts,231
consistent,231
tiresia,231
uncountably,230
limiting,230
paradoxes,230
behave,229
cases,228
depends,227
turns,226
orders,226
ii,226
foolish,225
done,224
conversion,224
cb,223
study,223
log,223
decided,222
inductive,221
conditions,221
pair,221
incompleteness,221
precisely,220
commonly,220
madame,219
friends,219
ag,219
forcing,218
sum,218
belief,218
fixed,217
yielded,217
domain,216
parts,216
riemannian,215
int,214
whole,213
belongs,213
red,211
doubtless,211
contents,211
manifolds,211
partition,211
taken,210
symmetry,210
tamarisk,210
soul,209
inf,208
leaf,207
remains,207
multiplication,207
difference,207
explanation,207
12,207
kinds,207
fails,207
god,206
comes,206
unfathomed,206
vector,206
methods,205
saxony,205
hausdorff,205
ones,205
added,204
useful,204
af,204
later,204
recursively,203
category,202
follow,202
inclusion,202
tomorrow,201
partial,201
regular,200
peano,199
agony,199
value,199
book,199
type,198
considering,198
sacred,197
depend,197
modulo,197
words,196
ring,196
ax,195
according,194
uniformly,194
sovereign,193
information,193
big,193
lost,193
drowns,192
groups,192
round,192
positive,192
aftermath,191
depending,191
independence,191
understood,191
distraction,190
unbounded,190
following,190
early,189
zy,188
structures,188
odd,188
homotopy,187
membership,187
filter,187
fact,186
close,186
edit,186
powersets,186
compactness,185
usual,185
boolean,185
cartesian,184
tattoo,183
representation,183
nowhere,182
described,182
pi,182
100,182
gypsy,182
operators,182
applied,181
exponent,181
else,181
weak,181
remain,180
easily,180
bolzano,180
none,180
banach,180
countability,179
viewed,179
reviving,179
remove,178
years,178
rise,177
require,177
families,177
replacing,176
foundation,176
geometric,176
originally,176
namely,175
needed,175
men,175
operator,175
stated,174
ans,174
expansion,174
top,174
explicitly,173
formula,173
women,173
change,173
pure,173
metrics,172
abstract,172
corresponds,172
missing,172
approach,171
seen,171
dead,171
schr,170
balls,170
totally,169
analogy,169
meets,169
branch,168
applause,167
nf,167
graphs,167
obvious,166
condition,166
nights,166
combinatorial,166
whenever,166
skolem,166
generality,165
respect,164
lemma,164
question,164
leg,164
alternative,164
minimal,164
note,164
millions,163
state,163
equivalently,163
dying,162
absolute,162
vanished,161
established,161
ba,161
proposition,159
antiquities,159
instance,159
ball,159
learning,159
developed,159
leads,158
absentmindedness,158
decreasing,158
powers,157
rationals,157
easier,157
morphisms,157
simpler,156
love,156
types,156
head,156
categories,155
room,155
principles,155
proves,154
transcendental,153
history,152
sosostris,152
replacement,152
respectively,151
allowing,150
perfect,150
rules,150
partitions,150
contradiction,149
inference,149
eternal,149
world,149
equipped,149
version,149
transformations,149
heine,149
branches,149
lovesick,148
trivial,148
constructed,148
hilbert,148
replaced,148
square,148
search,148
formulas,147
draw,147
works,147
concept,147
single,146
chain,146
dem,146
conjecture,146
brine,146
foundational,146
combinatorics,146
uniform,146
started,145
applies,145
earlier,145
studied,145
filters,145
depict,145
algorithm,144
locks,144
speaking,144
chaos,144
oars,144
dreams,144
church,144
next,144
sufficient,144
lengths,144
simple,144
intuition,144
onto,143
twice,143
turned,143
ascended,143
consequences,142
prime,142
built,142
landscape,141
apply,141
famous,141
going,141
adding,141
object,141
false,141
abstraction,141
field,140
places,140
generalization,140
today,139
disjoint,138
stony,138
purity,138
good,138
imply,138
cover,138
mind,138
infty,137
name,137
bd,137
prisoner,137
unit,137
better,137
bigger,136
constructing,136
begins,136
cauchy,136
cohen,136
section,136
polynomial,136
bigcap,135
denote,135
assumption,135
reason,135
john,135
logarithm,135
fd,134
theorists,134
side,134
refer,134
issues,134
sin,134
net,134
le,134
zf,134
thoughts,134
authors,133
induces,133
almost,133
produced,133
statement,133
trees,133
higher,133
lower,133
max,133
wrinkled,132
approximate,132
axiomatizations,132
formulated,132
introduce,132
figures,132
kants,132
four,132
extend,131
expanded,131
path,131
appear,131
consists,131
century,131
cards,131
key,130
definable,130
nevertheless,129
partially,129
letter,129
inside,129
longer,129
proposed,129
assumptions,129
relying,129
constructive,129
avoid,129
dels,129
soon,129
fr,129
locally,129
giving,128
member,128
constructible,128
half,128
clearly,128
reduce,128
ago,127
ae,127
completely,127
alone,127
dreamily,127
others,127
programming,127
comparing,126
nothing,126
removed,126
anything,126
constructions,126
framework,126
represents,126
kant,126
wonderful,125
bf,125
sink,125
georg,125
negation,125
beating,125
allowed,125
country,124
sun,124
functional,124
network,124
aken,124
lead,123
possibly,123
heart,123
quantum,123
write,122
mechanics,122
matrix,122
boundary,122
dimensions,122
diagrams,122
david,122
bounds,122
post,122
cl,122
correspond,121
identities,121
convergence,121
klein,121
fairly,121
ca,120
triangle,120
pernicious,120
obtained,120
led,120
facts,120
felt,120
lebesgue,120
ebullutions,119
hair,119
level,119
datta,119
elementary,119
create,119
especially,118
goodness,118
bcd,118
play,118
brilliant,118
odours,118
born,118
article,118
dense,117
ch,117
multiverse,117
doubt,117
preorder,117
db,117
theoretic,117
approximation,117
typically,116
ce,116
degree,116
death,116
hard,116
preserves,116
assigning,116
extensions,116
consisting,116
atomic,116
separately,115
russell,115
symmetric,115
accumulation,115
moreover,115
intelligence,115
accumulate,115
equally,114
assume,114
frege,114
paul,114
black,114
series,114
proven,114
broken,114
equations,114
primarily,114
special,114
distances,113
introduces,113
forget,113
angle,113
algorithms,113
days,113
restriction,113
home,113
pa,113
determinacy,112
clutch,112
entire,112
enumerated,112
circles,112
completeness,112
infernal,112
stop,112
requires,111
generalizations,111
leaves,111
differently,110
determined,110
formulations,110
transfinite,110
joining,110
performing,110
ordinary,110
measures,110
richard,109
parallel,109
bound,109
circle,109
song,109
planes,109
design,109
vice,108
preserve,108
refers,108
blinding,108
constant,108
embedding,108
assign,108
near,108
despite,108
rabbit,107
downward,107
digit,107
pasteur,107
poincar,107
formalized,107
representing,107
fattening,106
listing,106
air,106
school,106
identical,106
mostly,106
admits,106
enumeration,106
bijective,106
exponential,106
vast,106
def,106
pd,106
au,105
pardon,105
sides,105
human,105
granted,105
style,105
people,105
epsilon,105
ap,105
meet,105
rain,104
add,104
view,104
composition,104
formulation,104
passed,104
copies,104
relative,104
becomes,104
extensionality,104
domains,104
sequentially,104
hunger,104
computer,104
shrink,104
debauchery,103
studying,103
absurd,103
pairing,103
axiomatization,103
lives,103
characterization,103
usually,103
court,103
gf,103
inferences,103
provide,103
addition,103
products,102
dugs,102
necessary,102
working,102
thrown,102
producing,102
joined,102
stone,102
falls,102
code,102
internally,101
returns,101
pieces,101
fractions,101
tamarind,101
discrete,101
happens,100
capture,100
affects,100
clear,100
getting,100
error,100
multiples,100
position,100
decimal,100
squares,99
basis,99
corresponding,99
easy,99
term,99
simultaneously,99
subspace,99
rigorous,99
20,99
across,99
relied,98
pavement,98
crawled,98
coefficients,98
souls,98
furthermore,98
dream,98
necessarily,98
loop,98
distinguish,98
compared,98
magnitude,98
kind,97
solved,97
specified,97
semi,97
relatively,97
introduction,97
propositions,97
uniquely,97
lol,97
sufficiently,97
expressed,97
lipschitz,97
attempt,97
meta,97
nature,96
instincts,96
intwine,96
senses,96
dis,96
intersections,96
rely,96
came,96
ed,96
lattice,96
purely,96
potential,96
reduced,96
changeless,96
restricted,96
founded,95
willows,95
violating,95
endowed,95
blue,95
throng,95
finer,95
happy,95
voyage,95
arises,95
norm,95
essentially,95
lie,95
studies,95
quasi,95
variables,95
iii,94
represented,94
inner,94
stating,94
understanding,94
process,94
amidst,94
augmented,94
incapable,93
wrong,93
implicit,93
simplifies,93
control,93
spiritualism,93
arzel,93
thing,93
passes,93
build,93
thee,92
elsewhere,92
forever,92
gets,92
chet,92
hey,91
evidently,91
evident,91
making,91
topologically,91
versions,91
maximal,91
convergent,91
al,90
saying,90
destiny,90
remaining,90
zeros,90
nodes,90
represent,90
cutting,90
created,90
decomposition,90
sub,89
consciousness,89
axiomatized,89
interior,89
gave,89
martin,89
complements,89
nice,89
wave,88
generated,88
indefinitely,88
involving,88
heavily,88
wanted,88
fluttered,88
double,88
prop,87
account,87
canonical,87
explicit,87
unknown,87
increase,87
choose,87
universes,87
research,87
hole,86
expected,86
shit,86
apart,86
hume,86
morgan,86
failure,86
living,86
specific,86
previously,86
absolutely,86
amorous,86
formed,86
binomial,86
past,85
op,85
clairvoyante,85
childhood,85
discover,85
previous,85
functor,85
lim,85
requiring,85
directed,85
eyes,84
quantifier,84
inspired,84
supremum,84
changes,84
simplicity,84
abe,84
thomas,84
inconsistent,84
application,84
coincide,84
uniqueness,84
chords,84
string,84
differ,83
keys,83
numerous,83
derived,83
ashamed,83
accuracy,83
occurs,83
ak,83
mute,82
normal,82
best,82
papers,82
ancient,82
informally,82
exceeds,82
difficult,82
yields,82
shouting,82
house,82
minds,82
scale,82
specification,82
builder,81
virgin,81
remember,81
fields,81
iv,81
interpretation,81
superset,81
provided,81
induce,81
greatly,80
spouse,80
behind,80
fast,80
weary,80
strength,80
produces,80
begin,80
relic,80
beautiful,80
wrote,80
singleton,80
surjective,80
relies,80
simplicial,80
preserving,80
mathematically,79
physics,79
pride,79
green,79
moves,79
manifold,79
child,79
rejecting,79
equals,79
encode,79
invariant,79
tan,79
total,79
schemas,79
verification,79
course,78
unordered,78
etc,78
area,78
available,78
kernel,78
enumerable,78
linvitation,78
hours,78
19,78
extensively,78
neighbourhoods,78
encountered,78
solutions,78
existing,77
per,77
word,77
cake,77
pseudo,77
figure,77
questions,77
additive,77
published,77
ageless,77
somewhere,77
spiritual,77
effect,77
rings,77
span,76
middle,76
slumberous,76
needs,76
dirichlet,76
ultimately,76
exercises,76
ob,76
requirement,76
character,76
stands,75
injective,75
strategies,75
diagram,75
afternoon,75
henri,75
discovery,75
arms,75
root,75
abraham,75
approximations,75
tools,75
measuring,75
algebras,75
pk,75
variable,75
provides,75
effective,75
explain,74
proceed,74
forth,74
edges,74
forgetting,74
hand,74
hardly,74
drawn,74
dealing,74
followed,74
sa,74
contexts,73
hope,73
solve,73
poor,73
cm,73
multiplicative,73
deduction,73
brain,73
operate,73
darkness,73
introducing,73
restricting,73
forming,72
appropriate,72
read,72
cor,72
quasimetric,72
glance,72
joy,72
slowly,72
moment,72
setting,72
edge,72
approximating,72
vision,72
mountains,72
separation,71
grip,71
18,71
minimum,71
curve,71
wittgenstein,71
maximum,71
preservation,71
equinumerous,71
intrinsic,71
resemble,71
ontology,71
hunting,71
conjectures,71
heavy,70
sky,70
la,70
images,70
homeomorphism,70
repeatedly,70
mathematica,70
plausible,70
valued,70
continues,70
glasses,70
ratio,70
correct,70
alephs,70
ideal,70
contrast,69
covers,69
lies,69
tuples,69
throughthe,69
2010,69
ernst,69
became,69
wall,69
ravings,69
alchemy,69
dimensional,69
asserting,69
assigned,69
11,69
specifying,69
variation,69
traditional,69
assigns,68
everyone,68
subtle,68
anger,68
ha,68
subs,68
eq,68
strings,68
elegant,68
tool,68
neighborhood,68
arising,68
sweet,68
existential,68
informal,68
super,68
evaluation,68
pre,68
finally,67
dedekinds,67
oc,67
applications,67
closure,67
looking,67
validity,67
students,67
disk,67
bank,67
combined,67
mine,67
mapped,67
direction,67
postulates,67
ambiguity,67
transformation,67
temporal,67
weakened,67
choosing,67
slightly,67
damnation,67
replace,67
practical,67
framed,67
ordering,67
strongly,67
tensor,67
integral,67
finds,67
achieved,67
happened,66
knew,66
philosophy,66
weakly,66
rare,66
five,66
plus,66
message,66
relevant,66
corrected,66
encounter,66
gone,66
games,66
upper,66
converse,66
provable,66
forward,66
counts,66
curves,66
spectrum,66
carl,66
mathcal,65
versa,65
truth,65
friedrich,65
null,65
stay,65
offered,65
speak,65
equation,65
bare,65
dawns,65
body,65
tries,65
shape,65
euler,65
associative,65
present,64
game,64
technique,64
levels,64
widely,64
sphere,64
particularly,64
simplifying,64
relating,64
assumed,64
etern,64
reasoning,64
generating,64
france,64
fully,64
dread,64
relationship,64
concurrent,64
pattern,64
seemed,64
morse,64
completion,64
white,63
topos,63
internal,63
beauteous,63
bce,63
detail,63
vectors,63
semantic,63
dimension,63
spiral,63
symbol,63
move,63
cumulative,63
effects,63
np,63
moore,63
definite,63
solution,63
doubles,63
largely,63
fragile,63
alternate,63
logarithms,63
ski,63
generalize,63
significance,63
describes,63
understand,63
please,63
tuple,62
indirectly,62
salvation,62
essential,62
modeled,62
philosophers,62
quantifiers,62
predicate,62
tend,62
morphism,62
unequal,62
run,62
calculus,62
sign,62
layer,62
contribute,61
likewise,61
restore,61
knee,61
amount,61
caprice,61
fun,61
suffers,61
commutativity,61
paths,61
support,61
sure,61
religious,61
sorry,61
shapes,61
generalizes,61
rarely,61
computation,61
coined,61
queen,60
promise,60
light,60
demonstration,60
13,60
tarski,60
employed,60
inherent,60
co,60
adopted,60
subsequence,60
sums,60
relationships,60
notably,60
digits,60
accurately,60
carrying,60
nested,60
twilight,59
amid,59
agree,59
distant,59
motivation,59
fuzzy,59
automatically,59
hearts,59
dynamics,59
referred,59
pb,59
matters,59
postulate,59
probability,59
lets,58
entities,58
stage,58
sais,58
cp,58
wet,58
2016,58
principia,58
differential,58
kronecker,58
returning,58
mod,58
english,58
knows,58
connected,58
lindel,58
advanced,58
congruence,58
weaken,57
requirements,57
dawn,57
alas,57
compatible,57
closely,57
faster,57
extreme,57
thousands,57
math,57
correctly,57
nearly,57
systematic,57
estimation,57
triangles,57
delian,57
sea,57
conversely,57
infinitesimal,57
initial,57
reached,57
grace,57
1000,57
species,57
features,57
remote,56
observation,56
extending,56
fl,56
footthat,56
table,56
science,56
des,56
drawing,56
providing,56
preference,56
physical,56
bear,56
immemorial,56
techniques,56
dark,56
generically,56
potentially,56
earth,56
carries,56
heuristic,56
treasure,56
builds,56
embedded,56
access,55
mist,55
context,55
borel,55
manner,55
assertion,55
sends,55
collecting,55
injection,55
behavior,55
brown,55
divide,55
congruent,55
minus,55
aquinas,55
justified,55
angles,55
actual,55
pc,55
forced,55
test,55
building,55
bg,54
suffice,54
cause,54
sentence,54
topologies,54
equivalences,54
obeying,54
performance,54
containment,54
blackened,54
spades,54
able,54
travel,54
2009,54
assert,54
source,54
riemann,54
floor,54
humes,54
df,54
tamar,54
solving,54
guide,54
bi,54
radius,54
carry,54
peak,54
spreads,53
consideration,53
uncountability,53
continue,53
technical,53
shared,53
repeated,53
compare,53
complicated,53
progressed,53
frame,53
anywhere,53
removing,53
expanding,53
axi,53
associated,53
algorithmic,53
project,53
cosmic,53
precise,52
die,52
ground,52
ma,52
hideous,52
expansions,52
factors,52
independently,52
low,52
designing,52
dually,52
gb,52
direct,52
shoulders,52
creatures,52
demonstrated,52
obtain,52
ci,52
measured,52
smallest,52
familiar,52
abbreviated,52
limitation,52
description,52
mode,52
recursion,52
irresistible,51
cos,51
negative,51
evening,51
vary,51
externally,51
skin,51
answer,51
ivened,51
place,51
abstractions,51
harm,51
min,51
bread,51
constructivism,51
response,51
philosophical,51
entropy,51
roots,51
program,51
suchaken,51
coming,51
apparent,51
capable,51
cap,51
considers,51
doom,51
pack,51
kept,51
concerned,51
sec,51
meeting,51
projection,51
pl,51
cycle,51
structural,51
saisons,51
global,51
prolonged,50
weaknesses,50
strict,50
behold,50
gathered,50
progression,50
appeared,50
deriving,50
radical,50
plumes,50
sorted,50
demonstrate,50
cost,50
underlying,50
everything,50
trick,50
short,50
sound,50
bridges,50
segment,50
mappings,50
multiple,50
high,50
primary,50
ncontents,50
demonstrating,50
saint,50
reordering,50
codomain,50
guess,50
legs,50
translation,50
major,50
resulting,50
check,50
practice,49
distinguishing,49
whats,49
holes,49
maurice,49
divided,49
terminology,49
fo,49
homeomorphic,49
reverse,49
knowledge,49
observable,49
third,49
expressions,49
chord,49
caused,49
talk,49
musical,49
feet,49
notations,49
unlike,49
felix,49
smooth,49
faces,49
dependence,49
50,49
obtuse,49
ray,49
ghoulish,48
formulate,48
gc,48
treated,48
ontological,48
implications,48
kuratowski,48
strangely,48
deleted,48
sqrt,48
breaks,48
decades,48
billion,48
realized,48
fatal,48
birds,48
ought,48
winter,48
ne,48
generalizing,48
dealt,48
geometries,48
cast,48
cross,48
infimum,48
moving,48
development,48
kb,48
dependent,48
convention,48
agrees,48
block,48
display,47
avoiding,47
caught,47
separate,47
enriched,47
refinement,47
tamarindi,47
singing,47
exhausted,47
bernard,47
sh,47
denial,47
assessing,47
ecstasy,47
creature,47
identified,47
drops,47
emerged,47
finitism,47
quickly,47
gauss,47
chateaus,47
inc,47
surface,47
engine,47
coffee,46
wind,46
neverve,46
ol,46
motivates,46
mental,46
medians,46
sustain,46
searching,46
ia,46
arise,46
analogous,46
locus,46
erlangen,46
wake,46
existed,46
hurled,46
inaccessible,46
riches,46
mother,46
zermelos,46
discovered,46
journey,46
inject,46
thesis,46
aspects,45
identically,45
convinced,45
nb,45
reminiscent,45
contradict,45
weierstrass,45
poet,45
text,45
thy,45
zariski,45
cup,45
paper,45
converge,45
arrows,45
combinator,45
feedback,45
prison,45
crying,45
pretend,45
grave,45
simplification,45
passing,45
filling,45
looks,45
approximately,45
comprehension,45
creating,45
yo,44
hate,44
paradise,44
picture,44
mathbb,44
repeating,44
haze,44
gauge,44
investigations,44
effectively,44
metadata,44
ya,44
silence,44
late,44
growing,44
confusion,44
links,44
decree,44
referring,44
cyclic,44
books,44
harder,44
valid,44
notable,44
currently,44
primitive,44
factor,44
clustering,44
arrow,43
14,43
17,43
influenced,43
superposition,43
grows,43
toward,43
largest,43
chateaux,43
coefficient,43
syntax,43
creates,43
touch,43
afterthe,43
2n,43
asking,43
dec,43
viii,43
extracting,43
logically,43
degrees,43
wonder,43
flexibility,43
intended,43
someone,43
quantifies,43
satisfied,43
enormous,43
linking,43
metaphor,43
mongol,42
obtaining,42
vertigo,42
advance,42
infer,42
multi,42
urn,42
regard,42
segments,42
hypotheses,42
sur,42
components,42
remarks,42
notes,42
kolmogorov,42
candle,42
musing,42
stupid,42
daily,42
decrease,42
combinations,42
quantifying,42
instances,42
iced,42
realistic,42
zcontents,42
leaving,42
1914,42
straight,42
influential,42
opposite,42
converging,42
superficial,42
gems,42
ends,42
continued,42
motion,42
vs,42
amplification,42
realise,41
wisdom,41
br,41
asked,41
attain,41
rows,41
enumerate,41
mix,41
intothe,41
vehicles,41
classification,41
supersets,41
live,41
return,41
explains,41
evidence,41
distortion,41
ahh,41
voices,41
axis,41
discussed,41
flower,41
deduced,41
denominator,41
damn,41
paradoxical,41
peasant,41
seeing,41
meant,41
metamath,41
demonstrates,41
reasonable,41
individual,41
invented,41
named,41
fleece,40
vague,40
incense,40
15,40
continuing,40
wrought,40
computations,40
assumes,40
ge,40
machinery,40
seeking,40
associativity,40
episodes,40
hierarchical,40
theological,40
verified,40
michelangelo,40
sp,40
patience,40
sleep,40
consequence,40
sup,40
attempts,40
mak,40
range,40
incidents,40
quantified,40
young,40
guys,40
sierpi,40
care,40
insight,40
puzzles,40
neighbourhood,40
surjection,40
compression,40
geometrical,40
directions,40
norms,40
maybe,40
encoded,40
equilateral,39
contact,39
interest,39
enumerating,39
dust,39
decayed,39
core,39
unprovable,39
land,39
organized,39
unifying,39
scott,39
acute,39
conservative,39
repeat,39
meer,39
characteristic,39
info,39
determine,39
mystic,39
comb,39
column,39
metamathematics,39
profane,39
centered,39
mere,39
undiscovered,39
counted,39
duck,39
final,39
excluded,39
tempest,39
component,39
limited,39
derive,39
alexander,39
involved,39
experiment,39
correction,39
reach,38
areas,38
cage,38
il,38
cold,38
alexandrov,38
altogether,38
quoted,38
memories,38
curious,38
fp,38
nigsberg,38
magic,38
star,38
characterized,38
comparison,38
protocol,38
mists,38
appreciate,38
formalizing,38
angel,38
multiplying,38
considerably,38
measurable,38
vii,38
parenthesis,38
modifying,38
props,38
talking,38
euclid,38
increment,38
notice,38
relaxed,38
arithmetical,38
quantification,38
michael,38
exterior,38
incommensurable,38
pe,38
archive,38
inferred,37
generative,37
don,37
raken,37
disinterested,37
successor,37
motivated,37
classifier,37
uncovered,37
ravaged,37
preimages,37
chess,37
possibility,37
concave,37
implied,37
discontinuous,37
accept,37
grow,37
starts,37
generous,37
logarithmic,37
brought,37
performed,37
homeomorphisms,37
automorphism,37
arrives,37
horror,37
preserved,37
piece,37
yup,37
chooses,37
pleasures,37
indefinite,37
vulgar,37
centuries,37
balcony,37
adjacent,37
resolve,37
enable,37
greatest,37
stages,37
counter,37
con,37
distributive,37
em,37
harmonic,37
residue,37
node,37
restored,37
crack,36
16,36
girls,36
objection,36
bertrand,36
vi,36
realize,36
frosts,36
vertex,36
catching,36
involves,36
scenario,36
views,36
exploited,36
inscribed,36
modifications,36
listed,36
un,36
channel,36
shivers,36
inexcusable,36
discussions,36
hare,36
investigated,36
bed,36
attempted,36
converting,36
describing,36
t1,36
inexpress,36
decidable,36
pointless,36
telling,36
commutative,36
quadrilateral,36
52,36
collapse,36
qu,35
voice,35
drinking,35
reflection,35
deal,35
multisets,35
unfathomedthe,35
causing,35
dirty,35
slack,35
procedures,35
art,35
agathas,35
carried,35
moores,35
multiset,35
six,35
famously,35
update,35
select,35
hyp,35
guarantee,35
representations,35
matches,35
diamond,35
spring,35
whitehead,35
supposed,35
midst,35
theorys,35
beggars,35
resume,35
lot,35
trouble,35
examine,35
inex,35
ex,35
rush,35
abbreviations,35
regardless,35
alphabet,35
role,35
sovereignty,35
approaches,35
breaking,35
pointed,35
exact,35
weave,35
subtraction,35
plain,35
lozenge,35
era,35
story,34
chones,34
complexes,34
bird,34
foams,34
recovered,34
variants,34
europe,34
acb,34
frivolous,34
classify,34
highway,34
theoretical,34
oise,34
flawed,34
random,34
taught,34
transform,34
simplified,34
suggests,34
72,34
transcend,34
war,34
expression,34
topics,34
ab2,34
individually,34
chlorosis,34
abcd,34
wide,34
argue,34
bases,34
arguments,34
arrive,34
rage,34
significant,34
face,34
homology,34
commitment,34
mountain,34
local,34
tamarins,34
synthesis,34
controversial,33
skolems,33
finding,33
wants,33
derivation,33
examined,33
chate,33
minkowski,33
domine,33
twentieth,33
pavel,33
origin,33
horns,33
argued,33
august,33
drive,33
ea,33
fulfilling,33
reconstructed,33
unmixed,33
popular,33
trust,33
provably,33
convex,33
oscillation,33
reality,33
organic,33
artifact,33
eulers,33
ass,33
enwreathe,33
immediately,33
intuitionistic,33
clopen,33
fox,33
arranged,33
whereas,33
logicians,33
forests,33
modified,33
pm,33
fraction,33
thru,33
discussion,33
goals,33
somewhat,33
plays,33
develop,33
ages,33
presented,33
separated,33
probabilistic,33
achieves,33
spectral,33
archival,33
timeline,33
restoration,33
decanters,32
mar,32
eye,32
clock,32
conclusion,32
bag,32
peter,32
zerm,32
german,32
warm,32
supreme,32
metals,32
improved,32
abb,32
mistress,32
huge,32
presentation,32
sol,32
recognition,32
division,32
bius,32
organize,32
interested,32
tune,32
feeling,32
jus,32
complementary,32
interesting,32
surprising,32
descends,32
opening,32
bears,32
ability,32
profoundly,32
eb,32
browse,32
accepted,32
shorter,32
answering,32
hk,32
output,32
dual,32
incompatible,32
minor,32
omitting,32
operational,32
classic,32
mechanism,32
knees,31
timesby,31
unbroken,31
chevelure,31
trigonometry,31
amori,31
surfaces,31
axiomatizing,31
braces,31
waggons,31
karl,31
endless,31
concerning,31
chapter,31
carpet,31
cares,31
definability,31
item,31
center,31
modular,31
abyss,31
phase,31
meers,31
slavery,31
centre,31
explanations,31
interpret,31
homomorphism,31
arguing,31
wilhelm,31
meere,31
writes,31
beginning,31
person,31
subject,31
lecture,31
sc,31
hymns,31
substitutions,31
multiply,31
immune,31
proceeds,31
discontinuity,31
harmony,31
cardboard,31
stable,31
target,31
fusion,31
weathers,30
mariners,30
wanna,30
pearly,30
upright,30
rest,30
blame,30
preimage,30
1912,30
diamonds,30
abelian,30
1900,30
faded,30
believed,30
latter,30
truly,30
suffices,30
radii,30
coincidence,30
collinear,30
boxes,30
cult,30
therefrom,30
descriptive,30
followers,30
ph,30
wheel,30
faced,30
variety,30
former,30
tamaraken,30
functioning,30
wherein,30
ships,30
bent,30
resistance,30
eat,30
desired,30
hamburg,30
teach,30
banachs,30
yielding,30
walk,30
pale,30
refute,30
puzzle,30
parallels,30
units,30
havoc,30
mathematic,30
lder,30
stuck,30
thesecontents,30
frequently,30
tile,30
coarser,30
met,30
thanks,30
fine,30
normed,30
worst,30
xx,30
monotone,30
coding,30
regarded,29
finger,29
forbidding,29
debate,29
establishing,29
ec,29
moon,29
const,29
ratios,29
differentiable,29
21,29
1906,29
tangent,29
essence,29
shortest,29
irrationals,29
passions,29
denoting,29
train,29
ck,29
computational,29
mention,29
vertical,29
vertices,29
illustrated,29
step,29
zeroes,29
opposed,29
woman,29
establish,29
indices,29
lists,29
unusual,29
criterion,29
ai,29
cascade,29
discourse,29
randomized,29
collision,29
wff,29
told,29
dividing,29
editions,29
farewell,29
perceived,29
ac2,29
stubborn,29
wreaths,29
mile,29
st,29
engage,29
leopold,29
clarity,29
initially,29
exception,29
scheme,29
homomorphisms,29
discussing,29
phoenician,29
keeping,29
row,29
cluster,29
absent,29
virtually,29
bl,29
master,29
intact,29
ofe,28
bottles,28
derivations,28
weight,28
main,28
crimes,28
moral,28
dashes,28
intuitions,28
geometrically,28
reside,28
weaves,28
rid,28
24,28
agatha,28
terror,28
r2,28
obtains,28
enters,28
diameter,28
venn,28
lightness,28
week,28
alive,28
fra,28
scene,28
acted,28
jump,28
task,28
pairwise,28
diverse,28
overlap,28
benefit,28
suff,28
bh,28
invoked,28
characterize,28
parameter,28
surrounding,28
jewels,28
plot,28
adj,28
suprem,28
technology,28
implicitly,28
flames,28
guy,28
aristotle,28
drown,28
gh,28
conflicts,28
reflections,28
25,28
stretched,28
charms,28
retains,28
finish,28
drowned,28
express,28
concrete,28
lovely,28
continually,28
serve,28
partitioning,28
bar,28
money,28
joe,28
galileo,28
measurement,28
subdivision,28
historical,28
deeper,28
nymphs,27
slower,27
translations,27
bringing,27
sort,27
s1,27
lovesickness,27
binds,27
mud,27
forbodes,27
1908,27
specifies,27
associating,27
alarm,27
remnants,27
ceiling,27
cosmology,27
tiny,27
children,27
education,27
bolzanos,27
computers,27
processes,27
connectivity,27
brevity,27
cultural,27
substitution,27
od,27
whirls,27
mentioned,27
parentheses,27
extract,27
village,27
toed,27
unknowns,27
maintaining,27
30,27
wolf,27
consecutive,27
hands,27
outlines,27
sadness,27
suggestions,27
bk,27
bisector,27
external,27
simplest,27
crucially,27
projections,27
bernhard,27
link,27
debris,27
el,27
revolve,27
automorphisms,27
skip,27
pool,27
destroyed,27
axiomatizes,26
pain,26
eaken,26
ao,26
puppet,26
king,26
overall,26
leonhard,26
hausdorffs,26
restrictive,26
cauchys,26
formalize,26
evaluates,26
whirl,26
definitional,26
horrors,26
changed,26
door,26
ord,26
likes,26
disaster,26
weeks,26
presumably,26
gained,26
axiomatically,26
compassion,26
business,26
concerns,26
closer,26
diagonals,26
convenient,26
sent,26
appears,26
pos,26
robinson,26
limitations,26
signaling,26
architecture,26
future,26
reading,26
recently,26
abd,26
deck,26
respective,26
inherited,26
developing,26
varies,26
bunch,26
languages,26
received,26
unary,26
importance,26
fractional,26
flexible,26
bug,26
peace,26
thickness,26
acceptance,26
disprove,26
prince,26
supernaturally,26
multigraph,26
polyhedron,26
ar,26
disconnected,26
ev,26
saive,26
nightmare,26
abuse,26
awareness,26
fallacy,25
worked,25
bp,25
1978,25
tender,25
nest,25
automata,25
worms,25
1977,25
fc,25
tends,25
occasionally,25
propositional,25
bisect,25
ef,25
massive,25
fragments,25
curvature,25
contradictions,25
moduli,25
signed,25
lesser,25
flows,25
helped,25
neighborhoods,25
embodying,25
motivator,25
probe,25
archives,25
eine,25
humans,25
skipping,25
th,25
overcast,25
acoustic,25
2001,25
aba,25
faken,25
m1,25
fire,25
proclaim,25
revelation,25
disproved,25
force,25
postulated,25
scatteredwith,25
alternatives,25
render,25
squared,25
devised,25
jordan,25
determines,25
waiting,25
teaching,25
elimination,25
discusses,25
training,25
complexity,25
poetic,25
boosted,25
ritual,25
mans,24
dc,24
oblivion,24
towers,24
zur,24
trembling,24
enunciation,24
affecting,24
doesn,24
grey,24
profundis,24
scents,24
benedict,24
knowing,24
increased,24
mi,24
derivative,24
letting,24
unless,24
weedy,24
probably,24
claimed,24
contributions,24
memory,24
volume,24
calling,24
experience,24
ultrametric,24
worth,24
rectangle,24
maze,24
grammatical,24
positions,24
beauty,24
connection,24
designed,24
compactly,24
duckface,24
denied,24
idiom,24
fancioulle,24
refined,24
reflect,24
rightarrow,24
explained,24
intercept,24
logarithmics,24
essay,24
morning,24
baken,24
gonna,24
ace,24
attributed,24
longto,24
constructibility,24
unequally,24
mp,24
reflecting,24
instrument,24
chains,24
pr,24
evolutionary,24
skips,24
matching,24
theology,24
destruction,24
ranking,24
listen,23
lebesgues,23
3rd,23
indexing,23
year,23
impendere,23
russells,23
theorems,23
broadly,23
successive,23
solomon,23
ambiguous,23
pf,23
reject,23
playing,23
lo,23
biology,23
striking,23
quotients,23
share,23
partitioned,23
fg,23
concentric,23
infinities,23
golden,23
buried,23
kids,23
8000,23
replaces,23
mystics,23
quine,23
ideals,23
steiner,23
hamming,23
hidden,23
smoke,23
bus,23
intersect,23
wear,23
remorse,23
pq,23
ofm,23
amounts,23
mechanical,23
humean,23
nonnegative,23
winds,23
answers,23
erect,23
til,23
embed,23
grapes,23
ambitious,23
noble,23
metametric,23
tho,23
breathing,23
consequently,23
paired,23
fix,23
isolated,23
1963,23
concert,23
nobody,23
imposed,23
paradoxically,23
matrices,23
thereby,23
turning,23
unicode,23
ramp,23
besides,23
exploration,23
reversed,23
termination,23
fragment,23
judged,22
wash,22
beaken,22
bgh,22
constitutes,22
ofcontents,22
unjustifiable,22
staying,22
eludes,22
immediate,22
1888,22
flung,22
didst,22
computed,22
nonstandard,22
frost,22
00,22
occupied,22
perpendicular,22
nose,22
dance,22
page,22
median,22
revert,22
verify,22
digital,22
array,22
singular,22
ultra,22
400,22
https,22
planning,22
porphyry,22
trace,22
incomplete,22
gnaw,22
pestilence,22
corollary,22
den,22
meine,22
di,22
agonyin,22
timid,22
dp,22
vane,22
corners,22
continuation,22
disjunction,22
recovers,22
cg,22
boundaries,22
quantifiable,22
possibilities,22
guarantees,22
chase,22
varieties,22
box,22
obsession,22
content,22
removal,22
axii,21
waste,21
played,21
stuff,21
breached,21
dug,21
scarlet,21
oaken,21
incrementally,21
bells,21
32,21
sections,21
employs,21
equivalency,21
closes,21
historically,21
fane,21
happen,21
aloft,21
conjugate,21
alfred,21
cohens,21
bin,21
dom,21
inform,21
bridge,21
xi,21
covered,21
torus,21
ale,21
controlling,21
devil,21
material,21
criticism,21
signal,21
transformed,21
maximization,21
input,21
evolution,21
tragedy,21
priority,21
bis,21
sailing,21
sandwich,21
went,21
worthwhile,21
thunder,21
instinctsive,21
unc,21
p2,21
1s,21
corpses,21
indicate,21
inequalities,21
central,21
agb,21
fig,21
exclusively,21
vain,21
goal,21
awaited,21
moved,21
omega,21
ontologies,21
voyaging,21
bisectors,21
hilberts,21
eight,21
mainly,21
paris,21
organ,21
descending,21
objections,21
attention,21
action,21
conver,21
morph,21
computable,21
maxima,21
seven,21
supplemental,21
ecosystem,21
canon,21
apocalyptic,21
loss,21
culture,21
triggered,21
party,20
lamentable,20
hairy,20
aoc,20
asserted,20
cohomology,20
serious,20
emotion,20
stained,20
nonzero,20
palace,20
behaved,20
leibniz,20
november,20
da,20
departed,20
lose,20
rounding,20
reasons,20
hieronym,20
1870,20
ambitions,20
addressed,20
observations,20
doors,20
logics,20
angled,20
james,20
bias,20
ach,20
plants,20
isomorphism,20
closeness,20
switching,20
jacques,20
sober,20
rendered,20
treats,20
fork,20
prof,20
distinguished,20
40,20
production,20
machine,20
morgans,20
reaching,20
lesson,20
investigation,20
characterizing,20
typical,20
literal,20
stability,20
perception,20
burial,20
1922,20
maken,20
ghost,20
par,20
examination,20
seasons,20
hf,20
abcontents,20
constants,20
27,20
buds,20
po,20
rough,20
scope,20
uncount,20
lisbon,20
knot,20
driving,20
themaken,20
names,20
parallelogram,20
reformulated,20
pictures,20
preorders,20
inthe,20
stays,20
basics,20
sphinxes,20
mathematician,20
plunge,20
rolls,20
65,20
appearing,20
prayers,20
indeterminacy,20
treatment,20
grand,20
rogers,20
depth,20
indiscrete,20
prediction,20
generates,20
trajectory,20
metaphysical,20
execution,20
reflected,19
neverto,19
birth,19
twenty,19
freckle,19
formulae,19
thatve,19
codes,19
desolate,19
initiated,19
34,19
angular,19
wicked,19
regularity,19
approximates,19
teeth,19
hotel,19
rake,19
crossed,19
ranging,19
cattle,19
conquered,19
kelley,19
heres,19
determinate,19
2nd,19
ranges,19
errors,19
characters,19
classifying,19
acts,19
lm,19
pose,19
aimed,19
extra,19
softly,19
cop,19
guest,19
sobolev,19
prov,19
trap,19
coordinate,19
columns,19
modal,19
01,19
transitivity,19
reciprocal,19
iterative,19
maintenance,19
growth,19
reversal,19
resonance,19
sticks,19
robot,19
circular,19
sick,19
gaudy,19
lightning,19
rejection,19
doctrine,19
3d,19
redundant,19
sk,19
1895,19
crosses,19
strengthened,19
connotations,19
hospital,19
differs,19
1921,19
fuck,19
pick,19
tam,19
exclusive,19
zorn,19
unnecessary,19
precision,19
conference,19
frequent,19
loc,19
ness,19
disks,19
wings,19
team,19
frontier,19
difficulty,19
abel,19
smoothly,19
break,19
decays,19
adds,19
status,19
revisited,19
rec,19
medi,19
masterpiece,19
ugh,18
a1,18
suborder,18
2s,18
restfulness,18
rejected,18
belonging,18
glows,18
daken,18
refining,18
douard,18
algebraically,18
19th,18
intellectual,18
earliest,18
setsaken,18
fa,18
polar,18
hc,18
murphy,18
foretold,18
hd,18
er,18
greek,18
crown,18
snow,18
computing,18
metres,18
enumerations,18
fin,18
buy,18
1e,18
subscript,18
utility,18
noted,18
unlimited,18
waves,18
learned,18
classifies,18
intermediate,18
keeps,18
imperfect,18
rose,18
patterns,18
ultimate,18
visual,18
et,18
reveals,18
symmetries,18
devastation,18
quantity,18
cesare,18
xd,18
loose,18
applicable,18
reformulation,18
reference,18
itaken,18
impression,18
monotonically,18
condensed,18
rn,18
intersecting,18
generalisation,18
uncountables,18
tooth,18
1n,18
presently,18
2d,18
generics,18
loosely,18
grothendieck,18
decay,18
conspirators,18
selection,18
ban,18
simplify,18
fb,18
crisis,18
border,18
connect,18
truths,18
inclusive,18
carefully,18
shift,18
module,18
meme,18
bounding,18
deletions,18
realization,18
shifts,18
arecontents,17
settled,17
complementality,17
upside,17
strange,17
perdition,17
repose,17
indicator,17
fraenkels,17
crawl,17
counterexamples,17
criticized,17
euclide,17
exceeding,17
rivened,17
waters,17
prize,17
intersectionality,17
attitude,17
conceptually,17
imagining,17
letters,17
delicate,17
kaliningrad,17
whereby,17
roses,17
displaystyle,17
plural,17
shower,17
older,17
possessed,17
maxim,17
ceo,17
calvin,17
strike,17
elliptic,17
xy,17
bracket,17
sacrifice,17
variant,17
stretches,17
dna,17
enabled,17
resolution,17
reveal,17
request,17
failed,17
engineering,17
valley,17
terminal,17
query,17
grasp,17
subspaces,17
logician,17
goodbye,17
d2,17
palmyra,17
showering,17
dimensionality,17
mapsto,17
heaven,17
subsequences,17
unhappiness,17
bisects,17
1851,17
evolved,17
secret,17
oe,17
decide,17
interpretations,17
fortunately,17
unqualified,17
2ed,17
aid,17
bedroom,17
logars,17
period,17
exciting,17
normality,17
categorical,17
ontologically,17
closing,17
jumps,17
comm,17
bijectivity,17
compute,17
current,17
cod,17
div,17
conception,17
rt,17
transitive,17
appeal,17
taylor,17
cycles,17
protection,17
bro,16
yaken,16
seasonal,16
x1,16
danced,16
ideawhich,16
mass,16
bisected,16
dayadhvam,16
termsaken,16
neighbors,16
idiot,16
flat,16
pierre,16
mah,16
graves,16
les,16
stick,16
rests,16
bit,16
subsections,16
manycontents,16
inexpressibility,16
inconsistency,16
fault,16
discontent,16
mat,16
contacts,16
crashing,16
cutsall,16
ded,16
metamathematical,16
pebbly,16
oranges,16
io,16
dh,16
tracking,16
tau,16
ms,16
molecular,16
schools,16
music,16
gloomy,16
bb,16
survive,16
explodes,16
freges,16
perspective,16
folded,16
disallows,16
reals,16
fourier,16
indicates,16
contraction,16
peer,16
explored,16
procedure,16
desire,16
inspire,16
gp,16
inverted,16
linked,16
phenomenon,16
veil,16
transmission,16
safe,16
lived,16
discerning,16
silent,16
narrative,16
counterintuitive,16
ofthe,16
infra,16
summing,16
alternatively,16
eucl,16
afc,16
enumerability,16
nymph,16
misleading,16
vertigoes,16
retort,16
fingersof,16
grades,16
lectures,16
eduard,16
biject,16
accommodate,16
hung,16
edf,16
wait,16
1st,16
collected,16
oa,16
worlds,16
amongthe,16
wit,16
km,16
skis,16
reads,16
shuffling,16
multigraphs,16
student,16
substitute,16
impact,16
abbreviation,16
defin,16
begun,16
metaphorical,16
illustration,16
approx,16
reform,16
explosion,16
virtual,16
auxiliary,16
city,16
flame,16
challenge,16
aesthetic,16
evolves,16
whence,15
pointwise,15
midnight,15
corridor,15
mathbf,15
catch,15
reorder,15
instruments,15
naturals,15
aoe,15
disproving,15
merrily,15
situation,15
damage,15
putting,15
formalisms,15
advancement,15
ludwig,15
car,15
lacking,15
lt,15
steeds,15
standing,15
bcf,15
date,15
terminate,15
aware,15
river,15
complementation,15
logarithmically,15
usage,15
continuously,15
provability,15
extends,15
internet,15
balance,15
decidedto,15
relational,15
board,15
cancer,15
identify,15
radically,15
clean,15
pro,15
bending,15
drift,15
causal,15
apology,15
template,15
audio,15
hahaha,15
unclear,15
contradictory,15
fruits,15
therefor,15
jawed,15
numbered,15
generalised,15
chaste,15
selecting,15
synonym,15
lassitude,15
stretch,15
damocles,15
mug,15
bicontinuous,15
constructors,15
pp,15
invoking,15
prefer,15
39,15
details,15
gloom,15
astray,15
martins,15
quantities,15
suits,15
louis,15
com,15
purpose,15
occupy,15
schemata,15
subgroup,15
idempotent,15
yesterday,15
splits,15
suffering,15
ff,15
clouds,15
ix,15
ip,15
solvers,15
transcendence,15
superscript,15
transforming,15
searches,15
nearby,15
animation,15
reduction,15
crucial,15
traffic,15
merge,15
mystery,15
optimization,15
seemingly,15
corruption,15
enlightenment,15
catastrophic,15
synchronization,15
lifetime,15
terminated,14
aed,14
equival,14
calculating,14
answered,14
devoted,14
vitam,14
correspondences,14
apples,14
26,14
proportion,14
setszy,14
odoursthat,14
fe,14
chipped,14
untothe,14
crazy,14
coffered,14
burton,14
venom,14
andthe,14
arcs,14
approaching,14
methat,14
fashion,14
04,14
lament,14
unf,14
mutually,14
atoms,14
laid,14
hierarchies,14
entwine,14
ecb,14
cad,14
posits,14
genetics,14
phrasing,14
partly,14
emitting,14
positivity,14
loops,14
noise,14
ant,14
dat,14
corrupted,14
mirror,14
destroys,14
ir,14
syntactically,14
materials,14
indiscernibility,14
perimeter,14
ramsey,14
warning,14
curved,14
finest,14
review,14
chebyshev,14
permanent,14
spirituality,14
survives,14
medical,14
addiction,14
aob,14
bec,14
xxx,14
cbd,14
dots,14
allcontents,14
perfectionism,14
eyed,14
c1,14
axiomatizable,14
ln,14
sown,14
28,14
joys,14
densely,14
blasphemy,14
ebc,14
hahahaha,14
s2,14
xn,14
trying,14
sequel,14
geometrization,14
shut,14
quant,14
burning,14
wasn,14
expressing,14
struck,14
shovel,14
nontrivial,14
authorities,14
ext,14
deconstruction,14
worse,14
entails,14
deeply,14
medium,14
sampled,14
inductively,14
fermi,14
popularized,14
blog,14
nearer,14
leading,14
fro,14
41,14
thread,14
reservation,14
islands,14
fundamentally,14
revenge,14
news,14
parallelism,14
hypothesized,14
insert,14
mj,14
probabilistically,14
grammar,14
singletons,14
layers,14
prior,14
catastrophe,14
escalation,14
restores,14
cbf,13
suchcontents,13
counterparts,13
arithmetik,13
wouldn,13
preopen,13
lizard,13
proud,13
fallacies,13
zfcs,13
suborders,13
fraen,13
believe,13
dirichlets,13
afterimages,13
approximated,13
sigma,13
excellence,13
winning,13
silk,13
slumber,13
neednt,13
recent,13
weird,13
sigh,13
1969,13
obeys,13
inset,13
gasket,13
friend,13
spell,13
afterthee,13
tarskis,13
fearful,13
thank,13
loaves,13
inherits,13
formalizations,13
tires,13
inundated,13
linguistics,13
uncorrelated,13
dennis,13
wenheim,13
extensional,13
advantages,13
classically,13
sexual,13
als,13
constructively,13
thirst,13
20th,13
inexpressibly,13
nearest,13
placed,13
flowing,13
remark,13
hypotenuse,13
embody,13
lin,13
51,13
tamars,13
learnt,13
heyting,13
reflex,13
raison,13
equilibrium,13
topic,13
capital,13
rate,13
covariance,13
horizontal,13
environment,13
touches,13
bishop,13
contemporary,13
tor,13
micro,13
circumscribed,13
ocean,13
grid,13
tax,13
med,13
upstream,13
storm,13
readability,13
gracefully,13
merges,13
bijectives,13
numerically,13
monster,13
therapy,13
immortality,13
web,13
melody,13
optimal,13
violation,13
inquiry,13
freeze,13
rays,13
onwards,13
giulio,13
1904,13
bah,13
unity,13
positivism,13
meier,13
orderable,13
ahhh,13
resisted,13
gavarni,13
halves,13
awarded,13
heretical,13
characterizes,13
copses,13
improving,13
kiss,13
asymmetry,13
hebrew,13
asleep,13
2a,13
flip,13
interpreted,13
perfectly,13
similarity,13
asymmetric,13
che,13
readily,13
finished,13
enchanting,13
diversity,13
http,13
focus,13
ansari,13
whatshall,13
bottom,13
dedek,13
formalizes,13
picked,13
separable,13
kleins,13
publication,13
dave,13
amazement,13
indirect,13
standards,13
coherence,13
equ,13
won,13
directional,13
quantitative,13
street,13
motivating,13
termed,13
bill,13
guaranteed,13
42,13
connecting,13
imm,13
joins,13
synthetic,13
conversation,13
jack,13
command,13
rectangles,13
expresses,13
prayer,13
protects,13
competing,13
factoring,13
witness,13
alchemist,13
analyzing,13
maintains,13
drama,13
technological,13
religion,13
wtf,12
condemned,12
jealous,12
intersects,12
constructivist,12
axes,12
abg,12
dk,12
classed,12
mindedness,12
22,12
31,12
riemanns,12
relativity,12
preface,12
amongst,12
suppositions,12
b2,12
bloodred,12
oddball,12
teacher,12
nonchalance,12
clockwise,12
1903,12
isomorphic,12
armpits,12
mistresses,12
mn,12
theyaken,12
undifferentiated,12
escapades,12
kolmogorovski,12
riem,12
logram,12
writhe,12
knight,12
ofd,12
gromov,12
enumerables,12
french,12
weather,12
rhetorical,12
attains,12
injects,12
numerical,12
henceforth,12
ps,12
timese,12
chill,12
unable,12
pop,12
clubs,12
bottle,12
showings,12
publications,12
holy,12
transition,12
countables,12
squaring,12
transf,12
jeff,12
frequency,12
dissection,12
manipulation,12
supported,12
strategy,12
mercy,12
transforms,12
efficient,12
negations,12
nominal,12
accessible,12
biological,12
vacuous,12
superior,12
unconscious,12
experimental,12
carbon,12
accidental,12
visibility,12
genre,12
fieldzy,12
partaken,12
wells,12
fi,12
cag,12
accordingcontents,12
foreheads,12
dude,12
pardonall,12
crash,12
operatorname,12
roads,12
subsetscontents,12
1894,12
mirabeau,12
citation,12
birthright,12
aims,12
1940,12
bern,12
2e,12
yer,12
saken,12
mediocrity,12
nonsense,12
x2,12
scream,12
polynomials,12
constraints,12
disjointly,12
sine,12
forall,12
nivened,12
lovesong,12
definitely,12
kings,12
fan,12
induct,12
heave,12
differences,12
95,12
duncan,12
rosy,12
anscombe,12
chiefly,12
supremoi,12
rotten,12
controversy,12
distinguishable,12
axiomatics,12
idiomatic,12
phrased,12
beat,12
bisecting,12
schematics,12
scaffold,12
trade,12
draft,12
tychonoff,12
earned,12
comple,12
2003,12
agreement,12
coll,12
deriv,12
lock,12
rep,12
coincided,12
converted,12
classifiers,12
arg,12
danger,12
parallelograms,12
negates,12
parametric,12
van,12
completed,12
delay,12
crashes,12
putative,12
server,12
delivered,12
discovering,12
surveillance,12
epic,12
token,12
altar,12
bc2,11
hyperbolic,11
hostile,11
faith,11
rev,11
prol,11
simpl,11
collectively,11
hungarians,11
tr,11
rapid,11
reverberation,11
determinism,11
cascades,11
thingscontents,11
twocontents,11
graphically,11
againes,11
road,11
watching,11
horrified,11
p1,11
forgotten,11
kripke,11
arithmetics,11
withcontents,11
meekness,11
gy,11
adf,11
1871,11
intuitionistically,11
cuz,11
acm,11
diadem,11
anticipated,11
subsequent,11
gripes,11
genera,11
subcollection,11
fratricidal,11
breadth,11
omg,11
infinitesimally,11
nag,11
suited,11
extremities,11
height,11
floated,11
targets,11
reconstruct,11
trimmed,11
extent,11
alexandrovs,11
bridal,11
79,11
80,11
logistic,11
univalent,11
gn,11
contract,11
gl,11
determinations,11
coincides,11
posets,11
batch,11
fantasy,11
irrespective,11
nobel,11
fruit,11
arm,11
shots,11
trans,11
looked,11
injections,11
critique,11
tex,11
es,11
prophecy,11
instant,11
focused,11
dl,11
quality,11
russian,11
listening,11
projective,11
cont,11
surjectives,11
gnomon,11
claim,11
profound,11
destructive,11
traversal,11
trapped,11
devastating,11
descent,11
sonic,11
repair,11
realm,11
institutional,11
humiliated,11
bythe,11
conclusively,11
selected,11
relax,11
novo,11
ack,11
cistern,11
fromcontents,11
hazy,11
bites,11
herecontents,11
peanos,11
subsetsaken,11
agd,11
dear,11
delightin,11
inch,11
suck,11
deluge,11
expensive,11
1883,11
completions,11
suchzy,11
t2,11
recursives,11
sexy,11
excessively,11
headache,11
heard,11
gazed,11
sex,11
countenance,11
broke,11
negating,11
portions,11
widespread,11
composed,11
2x,11
1930,11
abstracted,11
effort,11
wiener,11
1878,11
0x,11
tanning,11
axiomatize,11
elaborate,11
bring,11
influence,11
gustav,11
edward,11
circuit,11
located,11
psychological,11
insteadof,11
destroying,11
lifting,11
professor,11
raised,11
denominators,11
endpoint,11
1920,11
ubiquitously,11
deletes,11
royal,11
clust,11
alt,11
caution,11
gnosis,11
supplement,11
gods,11
saiss,11
constructivity,11
charming,11
springs,11
tendency,11
slope,11
abrams,11
destroy,11
promoted,11
imp,11
yield,11
mediation,11
unify,11
premise,11
steve,11
prevent,11
bo,11
relaxing,11
semiotic,11
inches,11
scientific,11
suicide,11
ensures,11
epiphany,11
experienced,11
deepest,11
validation,11
emotional,11
abbc,10
moonlight,10
colour,10
reflexivity,10
pity,10
conceive,10
noticed,10
powerbase,10
bao,10
f2,10
slight,10
aftermaths,10
thinking,10
needlessly,10
violentlywith,10
29,10
mozzie,10
000,10
wealth,10
1900s,10
axiomacy,10
focuses,10
glad,10
ad2,10
enumerative,10
fermelo,10
william,10
supersedes,10
weakness,10
latin,10
illustrate,10
hypothetical,10
witt,10
basket,10
zarisk,10
dbc,10
thronged,10
definiteness,10
messing,10
technically,10
similarities,10
unprovably,10
deformations,10
comp,10
touching,10
quick,10
circumference,10
steps,10
mail,10
plz,10
bch,10
erhard,10
bol,10
setzy,10
metaphysics,10
1872,10
sincezy,10
route,10
thereafter,10
involve,10
conceives,10
pseudometric,10
swimming,10
codified,10
soar,10
mentioning,10
briefly,10
mysticism,10
fre,10
broad,10
agh,10
bisection,10
axiomata,10
contradicting,10
tired,10
subsection,10
service,10
abi,10
width,10
mark,10
international,10
exotic,10
personal,10
flies,10
assistance,10
trunk,10
spec,10
45,10
murder,10
trigonometric,10
whitney,10
displaying,10
causality,10
inter,10
particles,10
emergence,10
treating,10
forces,10
punctuation,10
deb,10
tearing,10
coincidentally,10
descriptions,10
musings,10
iterating,10
excludes,10
diagonally,10
combinatorically,10
att,10
dollar,10
scaffolds,10
toroidal,10
vulnerable,10
predicative,10
quo,10
persistent,10
conceiving,10
hyperreal,10
undirected,10
artificial,10
su,10
restricts,10
archiving,10
testing,10
linguistic,10
parsing,10
emitted,10
tomb,10
generational,10
enhancement,10
messages,10
mediated,10
temperature,10
spam,10
proxy,10
acknowledges,10
cosmos,10
dissolution,10
phone,10
eof,10
unheard,10
nigh,10
castonets,10
ag2,10
sotelo,10
opold,10
neumanns,10
mainstream,10
unproven,10
xvi,10
outer,10
23,10
shaped,10
johann,10
lover,10
patient,10
hazel,10
iteratively,10
solely,10
commas,10
failures,10
michelangelos,10
yay,10
parents,10
facilitate,10
pallid,10
convictions,10
publishing,10
noms,10
miles,10
naken,10
pour,10
bolt,10
beauties,10
intense,10
dislike,10
surprise,10
curls,10
copson,10
lineage,10
unendlichen,10
sequitur,10
arithmetically,10
dooms,10
punch,10
active,10
gottfried,10
reinhold,10
anatole,10
hungars,10
fractal,10
ucd,10
qaken,10
shrinking,10
chateur,10
traced,10
heads,10
wish,10
dies,10
unequals,10
suitable,10
neg,10
unintuitive,10
relates,10
spare,10
durch,10
ty,10
hmmm,10
motivators,10
chilly,10
scrap,10
tight,10
deletion,10
anatomy,10
office,10
solids,10
rock,10
sketch,10
05,10
processing,10
killed,10
enunciated,10
native,10
dissimilar,10
revealed,10
repetition,10
alchemists,10
chance,10
lexicographic,10
swabian,10
abstracts,10
te,10
chant,10
dominate,10
log2,10
selectivity,10
gluing,10
tweet,10
conveniently,10
corrupt,10
butterfly,10
operands,10
requiem,10
collinearity,10
pleasure,10
fear,10
ethical,10
critical,10
perform,10
precious,10
bone,10
integrity,10
threat,10
contamination,10
parsed,10
responses,10
detected,10
redundancy,10
site,10
hexagon,9
ie,9
cisterns,9
disparate,9
cruc,9
ab1,9
hells,9
stand,9
streets,9
angelic,9
fs,9
neers,9
penalty,9
privacy,9
gotta,9
gypsies,9
my2,9
reworded,9
abcdef,9
flag,9
regression,9
mirrors,9
absurdly,9
brothers,9
isaken,9
modes,9
drownsuckthe,9
flutteredwith,9
tenderness,9
ezy,9
mk,9
loved,9
tv,9
continuities,9
euclids,9
doughnut,9
disables,9
translated,9
mighty,9
coincidences,9
unpaired,9
representatives,9
dose,9
seat,9
thosecontents,9
generalizability,9
bolz,9
frightful,9
michel,9
contin,9
send,9
timeselements,9
reluctant,9
hascontents,9
r1,9
sins,9
gnashing,9
100k,9
wt,9
boltzmann,9
phrase,9
supplements,9
turf,9
european,9
setbuilder,9
1847,9
enumer,9
bigright,9
tonight,9
loathe,9
reid,9
cloud,9
associ,9
mill,9
admit,9
bob,9
announcement,9
rel,9
unfath,9
colloquially,9
hier,9
ech,9
sullivan,9
kal,9
eternally,9
sl,9
proportional,9
mixture,9
endomorphism,9
inductivity,9
ref,9
bigcard,9
nelson,9
disc,9
supp,9
dominated,9
desc,9
split,9
affect,9
mythology,9
beta,9
inn,9
cube,9
topoi,9
scales,9
parametrization,9
session,9
evil,9
toilet,9
eliminate,9
event,9
affords,9
freq,9
shuffles,9
updated,9
duplicate,9
ent,9
freedom,9
greedy,9
striker,9
connectedness,9
ending,9
disproves,9
tamarid,9
lookup,9
traverses,9
meager,9
antisymmetry,9
comment,9
protocols,9
legacy,9
parse,9
vulnerability,9
velocity,9
reaches,9
disappearing,9
methodology,9
survived,9
rottenness,9
sublimity,9
parent,9
agained,9
anyway,9
mistake,9
soft,9
elementsaken,9
arrangement,9
ofc,9
bernaysi,9
inexcusably,9
ioms,9
containscontents,9
sake,9
ofa,9
banachian,9
36,9
bloom,9
daydreams,9
paken,9
isometric,9
pn,9
0s,9
passus,9
shallows,9
meagre,9
hurry,9
xl,9
shops,9
hom,9
supposes,9
rounded,9
firstcontents,9
cb2,9
luscious,9
perpendiculars,9
nah,9
innovative,9
multiline,9
springtime,9
held,9
molecules,9
dam,9
damned,9
inductivism,9
augustin,9
abels,9
pyramid,9
rcontents,9
toll,9
intuitionally,9
journeys,9
wood,9
hamlet,9
ih,9
wholly,9
mocks,9
combinatorical,9
betweencontents,9
spectra,9
scientist,9
advances,9
axiomatisms,9
mus,9
omitted,9
schemes,9
bearing,9
influences,9
infix,9
unending,9
formalization,9
lattices,9
tis,9
teen,9
remorseful,9
determinant,9
sincere,9
conventions,9
congress,9
lewis,9
ast,9
chatea,9
bilipschitz,9
ably,9
subway,9
slide,9
formality,9
1980,9
confidence,9
offers,9
qua,9
symbolism,9
48,9
coh,9
giuseppe,9
normalized,9
solid,9
billiard,9
exponentially,9
additions,9
bureaucratic,9
reparametrization,9
amazing,9
secrete,9
labeling,9
embrace,9
revolution,9
drop,9
adjoint,9
escape,9
regress,9
tens,9
contra,9
sentences,9
schematically,9
tamarack,9
spontaneous,9
losing,9
delusion,9
blaze,9
sim,9
equiangular,9
mac,9
monologue,9
transverse,9
inversion,9
symbolizes,9
metametrics,9
copy,9
magnitudes,9
decaying,9
syntactic,9
calculation,9
infrastructure,9
nostalgia,9
legend,9
psychology,9
parser,9
detection,9
terrifying,9
bc1,8
baudelaire,8
photos,8
dreamt,8
brother,8
distributed,8
ofs,8
absence,8
principium,8
fmap,8
equippedwith,8
valleys,8
intersectional,8
yieldedto,8
ipschitz,8
zariska,8
bfright,8
unitary,8
cocoons,8
kerning,8
axiomatical,8
damning,8
findings,8
ae2,8
ido,8
radians,8
hassles,8
dinger,8
owe,8
idempotence,8
thematically,8
lg,8
smirnov,8
mothers,8
agg,8
b1,8
credited,8
stretching,8
commute,8
couples,8
confused,8
infinitum,8
multiverses,8
nonce,8
recurse,8
inadequate,8
slackened,8
mc,8
centres,8
band,8
generation,8
idk,8
waken,8
boundedness,8
bum,8
hieronymod,8
unsolved,8
xcontents,8
egf,8
deduce,8
ye,8
bought,8
impossibility,8
sailor,8
viewpoint,8
ivy,8
disease,8
subnet,8
ended,8
ave,8
tendenciesof,8
intentional,8
beside,8
deepened,8
lowest,8
useaken,8
xxi,8
pend,8
varphi,8
inferring,8
nonchalantly,8
fourth,8
indiscernible,8
pertains,8
2f,8
track,8
1890,8
metam,8
adic,8
bigint,8
computability,8
vein,8
america,8
liminal,8
fundamentals,8
qubits,8
user,8
na,8
gold,8
ric,8
blocks,8
quiet,8
scalar,8
transit,8
labels,8
cnt,8
stiffness,8
chart,8
approached,8
friction,8
ahaha,8
promising,8
feature,8
stars,8
wf,8
despair,8
rope,8
patch,8
reinhardt,8
motive,8
exchange,8
circulation,8
restrict,8
willow,8
resolves,8
foregoing,8
meng,8
bomb,8
backwards,8
iteration,8
admissible,8
madness,8
handle,8
combination,8
tacitly,8
lexical,8
interaction,8
ubiquitous,8
intractable,8
pluses,8
deform,8
fallible,8
maximizes,8
instruction,8
evoked,8
transversal,8
reply,8
mysterious,8
presents,8
roll,8
disappears,8
died,8
rupture,8
spatial,8
philosopher,8
spirit,8
ephemeral,8
investigate,8
attack,8
heresy,8
traces,8
entry,8
ceremony,8
defense,8
furthering,8
yall,8
replaying,8
tried,8
son,8
germans,8
railway,8
termscontents,8
laterally,8
denumerable,8
slap,8
browsing,8
tolling,8
infinitesimals,8
deserve,8
bask,8
ceasing,8
outstretched,8
xs,8
apa,8
forster,8
expect,8
manif,8
consuming,8
odoursay,8
12000,8
zorns,8
recorded,8
1874,8
se,8
flute,8
axive,8
homogeneous,8
publish,8
jones,8
amazes,8
excepted,8
critically,8
t0,8
downhill,8
ambiguities,8
writings,8
alphabets,8
4th,8
delta,8
iris,8
prophetic,8
avoided,8
atonement,8
quasimetrics,8
seeks,8
caken,8
sorts,8
assess,8
checker,8
morphological,8
spheres,8
kurt,8
stopped,8
countries,8
vaken,8
irregularities,8
adolescent,8
subclasses,8
methodologically,8
replete,8
abs,8
passage,8
stirring,8
plan,8
ensure,8
honor,8
1994,8
oscillations,8
kol,8
formalism,8
laugh,8
mult,8
incrementing,8
existscontents,8
fulfilled,8
6772,8
1884,8
precomposition,8
bernayss,8
skipped,8
analytic,8
titled,8
hausdor,8
hobbes,8
kermelo,8
surprised,8
manhattan,8
wright,8
ghc,8
classifications,8
secrets,8
suit,8
biotic,8
sheep,8
commencing,8
grant,8
definit,8
deformation,8
yards,8
exhibit,8
blooms,8
tract,8
hyper,8
ds,8
speech,8
surplus,8
wh,8
experiments,8
mutation,8
appearance,8
dm,8
triangular,8
antisymmetric,8
reinforcement,8
observed,8
didier,8
risk,8
threshold,8
representative,8
supernatural,8
emerge,8
apt,8
inscription,8
diff,8
scaled,8
attacked,8
emerges,8
ten,8
gaze,8
aw,8
equip,8
sequ,8
community,8
genetic,8
bits,8
remained,8
domination,8
cofinite,8
bilge,8
nucleotide,8
unifies,8
cis,8
limiter,8
hall,8
grundgesetze,8
reflexive,8
feasibility,8
exhibits,8
relaxes,8
interpretive,8
architectural,8
trolling,8
becoming,8
metaphors,8
tornado,8
diagnostic,8
priest,8
collapses,8
maintained,8
seed,8
consensus,8
cure,8
tower,8
anxiety,8
gorgeous,8
planted,8
served,8
executed,8
acd,7
xiii,7
correspondingly,7
ahhaha,7
gener,7
sickened,7
perversity,7
wouldve,7
apd,7
dedicated,7
kl,7
1990,7
twist,7
ofh,7
reordered,7
abf,7
ahn,7
awesome,7
kolmogorovs,7
brilliancy,7
subcover,7
whoa,7
thusly,7
ocd,7
slimy,7
flops,7
bilateral,7
somebody,7
suffer,7
drownsuck,7
therewith,7
absentminded,7
generations,7
delightfully,7
hundreds,7
algorith,7
hexagonal,7
similarto,7
bausdorff,7
roms,7
suleiman,7
axiomat,7
asaken,7
equidistant,7
bernstein,7
preferably,7
biz,7
monoidal,7
chest,7
org,7
offset,7
chris,7
agk,7
werecontents,7
footing,7
invari,7
accident,7
prominently,7
wearied,7
tables,7
toole,7
allover,7
multidimensional,7
countered,7
evanescent,7
haken,7
1880,7
aboundcontents,7
weed,7
incidentally,7
relate,7
foolishness,7
aristotles,7
eg,7
swing,7
unlocks,7
notaken,7
ep,7
dans,7
rob,7
hasaken,7
recursivity,7
ke,7
suzy,7
meek,7
1839,7
ordercontents,7
labour,7
onset,7
posited,7
acid,7
asymptotic,7
shorthand,7
couldnt,7
abcf,7
cart,7
maintain,7
staff,7
ham,7
invariance,7
2017,7
heretics,7
ere,7
finality,7
classifiable,7
decompositions,7
dim,7
edition,7
encyclopedia,7
admiration,7
isomorphisms,7
operating,7
cosine,7
tamarisen,7
curie,7
etymology,7
haunted,7
todays,7
marvellous,7
latt,7
qed,7
cigarette,7
axe,7
brief,7
jakob,7
jagannath,7
domestic,7
wherefore,7
ult,7
surgery,7
lay,7
datum,7
stored,7
dac,7
memo,7
ford,7
spider,7
cocountable,7
pay,7
motiv,7
hs,7
pseud,7
ur,7
running,7
attacks,7
architectures,7
victim,7
poisson,7
losses,7
revisits,7
mahler,7
determining,7
sand,7
saori,7
busier,7
typos,7
supplied,7
asks,7
forb,7
clay,7
barrier,7
million,7
contravariant,7
illogical,7
kerry,7
coherent,7
arrived,7
objective,7
consent,7
tom,7
canopy,7
keyword,7
reduces,7
ecology,7
scaling,7
infected,7
interface,7
sensory,7
documentation,7
kinetic,7
discovers,7
innovation,7
rescue,7
predator,7
symbiosis,7
du,7
genius,7
tropical,7
elegance,7
medicine,7
acknowledgment,7
storytelling,7
speed,7
alchemical,7
lyric,7
ba2,7
everdo,7
irreflexible,7
intractability,7
subgroups,7
2cd,7
rationales,7
thin,7
downright,7
topo,7
1891,7
ala,7
oo,7
ohh,7
sunday,7
inferior,7
hle,7
substituting,7
adb,7
converged,7
productive,7
firstly,7
security,7
hmm,7
remarkable,7
kappa,7
bgc,7
1870s,7
2b,7
delighting,7
eterns,7
duecontents,7
izy,7
minutes,7
infiniteset,7
givenaken,7
literature,7
pathological,7
centers,7
isosceles,7
conceivably,7
donow,7
thereof,7
ing,7
superseded,7
2k,7
cardigan,7
hehe,7
admired,7
northern,7
2c,7
logarithmistic,7
pupils,7
nought,7
victims,7
ramparts,7
aswell,7
ca1,7
theivened,7
afterthought,7
bam,7
tampered,7
oop,7
uniformity,7
thr,7
axiomally,7
yokel,7
odour,7
illustrations,7
constructor,7
troups,7
willard,7
gelder,7
logar,7
mop,7
additively,7
arrange,7
fore,7
disassemble,7
reserve,7
tat,7
chets,7
phenomena,7
roster,7
dozy,7
snows,7
tangents,7
intuitionism,7
finiteness,7
iscontents,7
sister,7
hitlers,7
ngc,7
unrestricted,7
logarith,7
references,7
daydream,7
alterations,7
ram,7
ith,7
daughter,7
varied,7
determin,7
subtleties,7
prob,7
paus,7
unification,7
crackle,7
ek,7
invitation,7
graphics,7
righteously,7
holding,7
propose,7
resp,7
geometrics,7
skolemn,7
endpoints,7
enjoy,7
obviously,7
exp,7
cs,7
sorting,7
n0,7
divides,7
funnels,7
judy,7
decreases,7
respects,7
thames,7
ont,7
lex,7
swamp,7
density,7
committed,7
dropping,7
coc,7
unlikely,7
melodies,7
destination,7
groundbreaking,7
mer,7
improper,7
ns,7
47,7
conscious,7
recurs,7
exhibiting,7
hp,7
dominant,7
girl,7
fascinating,7
generalises,7
37,7
endowment,7
flood,7
obligation,7
spherical,7
serves,7
heat,7
meter,7
perpendicularly,7
poetry,7
defended,7
nucleic,7
acids,7
zen,7
hoc,7
roar,7
deserves,7
garden,7
rich,7
principality,7
puts,7
thermodynamics,7
associate,7
ramseys,7
archaeological,7
accounting,7
qi,7
sounds,7
brackets,7
idioms,7
arc,7
popularity,7
visualization,7
faithful,7
justice,7
assays,7
gain,7
peril,7
rising,7
act,7
irony,7
fiction,7
generate,7
attribution,7
amplified,7
trigger,7
anymore,7
aesthetics,7
praise,7
moderation,7
ignorance,7
abandoned,7
device,7
copying,7
relics,7
outcome,7
undefined,7
pedagogy,7
email,7
matched,7
endlessly,7
darwin,7
package,7
bax,6
existenceof,6
ich,6
giant,6
eating,6
earths,6
murdered,6
birdsong,6
touched,6
erecting,6
dinner,6
deforming,6
inexpressable,6
4x,6
trig,6
icy,6
trou,6
overcome,6
winters,6
rugs,6
sm,6
shed,6
fastened,6
suchas,6
contradicted,6
hypothetically,6
1793,6
prepare,6
roughest,6
footfalls,6
551,6
menace,6
pd2,6
a0,6
wow,6
anyone,6
clones,6
pae,6
countenanced,6
mindsets,6
boc,6
passwords,6
mouth,6
subgraph,6
abc2,6
supremo,6
bore,6
manwith,6
gypsys,6
subsumes,6
spaced,6
dak,6
ca2,6
curry,6
thaned,6
theoretics,6
1850,6
ids,6
astute,6
kindscontents,6
reconstruction,6
meute,6
logarithmappings,6
weights,6
germany,6
ize,6
haha,6
gso,6
sheaves,6
lograms,6
abcb,6
v1,6
decimals,6
helpfully,6
mp3,6
combinators,6
brines,6
banjo,6
surject,6
couple,6
subscripts,6
idealism,6
onsets,6
bye,6
humeans,6
suspect,6
1893,6
0n,6
nothingness,6
kink,6
spoons,6
pecker,6
crap,6
1929,6
demonstrations,6
broader,6
extremely,6
serpent,6
wc,6
elude,6
combinatoria,6
zr,6
nth,6
isthe,6
axism,6
6e,6
ker,6
1960,6
reused,6
circuits,6
zermeloian,6
accurate,6
wearing,6
dau,6
metropolis,6
toaken,6
nk,6
est,6
waveform,6
tamari,6
disciplines,6
herein,6
welt,6
millennium,6
ruler,6
flawless,6
shame,6
writing,6
unpacking,6
frees,6
cj,6
subtracting,6
inception,6
fastidious,6
sinkhole,6
schmidt,6
online,6
homot,6
simulate,6
coordinates,6
sax,6
fate,6
coinc,6
unconnected,6
knock,6
magazine,6
demon,6
alex,6
conundrum,6
nt,6
mis,6
descend,6
careful,6
rod,6
ping,6
numeric,6
corner,6
christie,6
slash,6
90,6
reliable,6
momentum,6
mole,6
static,6
bigset,6
albert,6
activity,6
conc,6
mo,6
filled,6
ist,6
correlates,6
horses,6
diagnosis,6
omits,6
grief,6
island,6
laurent,6
claims,6
modification,6
secular,6
conditional,6
covariability,6
energy,6
angels,6
ra,6
discuss,6
gaussian,6
concretely,6
nucle,6
regularities,6
bushy,6
supercontinuum,6
fixation,6
congrats,6
elms,6
numeracy,6
synonyms,6
propagation,6
fas,6
unprecedented,6
connects,6
alongthe,6
ets,6
envisioning,6
carryover,6
contrived,6
jour,6
segmented,6
synonymously,6
trichotomy,6
burns,6
exhale,6
deception,6
authority,6
poem,6
caps,6
hardware,6
expert,6
mockery,6
betrayal,6
intimate,6
management,6
negotiation,6
unintentional,6
sender,6
virus,6
completes,6
ensues,6
detector,6
illumination,6
collapsing,6
2004,6
sleight,6
forensic,6
sensor,6
seeker,6
ship,6
rabbits,6
mises,6
wasaken,6
stubbornness,6
polygonal,6
acg,6
locked,6
bea,6
underlies,6
zc,6
banishing,6
cute,6
mustnt,6
ga,6
compacted,6
usto,6
childs,6
orgasm,6
bulk,6
logarithmical,6
gypsum,6
breakfast,6
enc,6
35,6
exclusion,6
treads,6
gd,6
ls,6
manhood,6
factorial,6
skole,6
longs,6
reg,6
abca,6
resembles,6
monde,6
respectcontents,6
empirical,6
kalman,6
frames,6
heretofore,6
ordinate,6
shocking,6
ahoy,6
mau,6
existcontents,6
fatties,6
rooms,6
wasright,6
bothcontents,6
bak,6
prefix,6
aeb,6
babies,6
cd1,6
kroneckers,6
aaken,6
frauenkel,6
ri,6
amongcontents,6
fright,6
atmosphere,6
symptomatic,6
drunk,6
4k,6
wittgensteinian,6
unprovability,6
unrelated,6
generalizable,6
sayings,6
poincare,6
permission,6
buted,6
bs,6
fountains,6
2cf,6
365,6
enclosed,6
algebraal,6
infiniteness,6
shattered,6
symm,6
presence,6
theoretically,6
seasonin,6
designations,6
front,6
haveaken,6
antiquated,6
pendulums,6
seated,6
enchant,6
vertigosity,6
ahmet,6
zaken,6
unjust,6
bcg,6
print,6
balcon,6
isles,6
kantd,6
quaesitum,6
1ivened,6
kleine,6
paid,6
packet,6
lowered,6
cn,6
oncontents,6
injector,6
meckle,6
ro,6
reword,6
seemsto,6
apf,6
gallant,6
practically,6
colon,6
abstractly,6
natur,6
stream,6
dn,6
alludes,6
cantorian,6
ppl,6
pairings,6
xiv,6
bih,6
footstitched,6
unprov,6
therell,6
axic,6
owing,6
butchery,6
subnaturally,6
methodologies,6
sind,6
alexandro,6
sunsets,6
nc,6
zm,6
ascoli,6
leafs,6
3e,6
commonality,6
assemble,6
aquinass,6
qs,6
specializations,6
geodesic,6
realizes,6
rip,6
wittgensteins,6
equips,6
53,6
weakens,6
spoke,6
conce,6
natures,6
indian,6
hg,6
additivity,6
folds,6
brood,6
knit,6
collars,6
viz,6
focusing,6
triple,6
mon,6
expectations,6
metal,6
entered,6
east,6
laughter,6
1800,6
sarcasm,6
indicated,6
justin,6
bike,6
oft,6
tricks,6
intercepted,6
transferred,6
zips,6
hugh,6
criteria,6
revival,6
col,6
covariant,6
prefixed,6
jo,6
suffuses,6
ts,6
byzantium,6
location,6
enlargement,6
hereditary,6
dates,6
leech,6
shock,6
kc,6
continu,6
bestial,6
reine,6
relief,6
captures,6
ret,6
networks,6
twitter,6
myth,6
speaker,6
ems,6
constructs,6
blinds,6
arthur,6
flew,6
ballistics,6
affine,6
bigaken,6
shrinkage,6
8th,6
bout,6
murphys,6
compartments,6
locates,6
concurrency,6
ity,6
idiotic,6
signifier,6
bigrams,6
concurrence,6
oscillating,6
triggers,6
semiotics,6
permanently,6
miracles,6
zariskis,6
approximacy,6
seconds,6
peculiar,6
sustainably,6
progress,6
concluded,6
safety,6
lit,6
report,6
exposure,6
violations,6
decision,6
maximized,6
enduring,6
simulation,6
afterlife,6
mastery,6
dramatic,6
health,6
implementation,6
conservation,6
survival,6
operates,6
damages,6
friendship,6
restoring,6
artifacts,6
sophistication,6
declaration,6
soil,6
searcher,6
exit,6
museum,6
curiosity,6
envelope,6
romantic,6
artistic,6
archivist,6
blooming,6
logs,6
surviving,6
undermined,6
heal,6
ascension,6
punishment,6
shrinks,5
traversing,5
cdf,5
crowns,5
doctor,5
rarer,5
sires,5
developments,5
sizescontents,5
mm,5
fraenkelset,5
opportunity,5
carded,5
snowflake,5
formcontents,5
thematic,5
covariates,5
largecontents,5
empire,5
blues,5
mik,5
lmao,5
ber,5
hen,5
erected,5
darted,5
laquearia,5
normes,5
formative,5
bernaysian,5
unnumbered,5
33,5
outaken,5
otp,5
entirelycontents,5
res,5
chrome,5
pres,5
boat,5
interpreting,5
separations,5
inns,5
dedekindian,5
preliminary,5
1857,5
menaces,5
damy,5
clockwork,5
longevity,5
1d,5
dreamer,5
acre,5
luster,5
wakefulness,5
intents,5
6th,5
hat,5
bcc,5
cutie,5
downcast,5
legumes,5
addendum,5
chateau2,5
ohhhhhh,5
gosh,5
yellow,5
3rds,5
interviews,5
torture,5
ian,5
mariage,5
axed,5
complementing,5
itchy,5
miserably,5
circlet,5
walking,5
withaken,5
dawned,5
floating,5
hfc,5
endian,5
unpleasant,5
numbersaken,5
immem,5
compactably,5
ansivened,5
marquis,5
orderality,5
encyclopedias,5
lett,5
hearted,5
relaxation,5
ahhhhhhh,5
gcd,5
manias,5
z2,5
axiomii,5
qf,5
1b,5
riseto,5
alright,5
nd,5
shorts,5
ft,5
thatcontents,5
vito,5
rigidly,5
fractionacy,5
adc,5
2ivened,5
differentcontents,5
75,5
aef,5
washing,5
pak,5
selling,5
abfc,5
patterned,5
aroundcontents,5
cardinalism,5
themed,5
xfc,5
generacy,5
loud,5
lord,5
unset,5
offl,5
irreflexive,5
tangle,5
video,5
bmc,5
skol,5
aec,5
einer,5
preordered,5
naturalistic,5
aa,5
fraene,5
medley,5
suprametric,5
murders,5
alphabetically,5
noiseless,5
phi,5
numer,5
toil,5
theogony,5
quines,5
trenches,5
finit,5
notto,5
zariskopf,5
decisions,5
putatively,5
fell,5
obverse,5
preposition,5
incom,5
contemporaries,5
aaa,5
weigh,5
shimmering,5
ahhhhh,5
grail,5
disjointness,5
repel,5
dag,5
oriented,5
neere,5
nonsensical,5
snowflakes,5
ordinality,5
incurable,5
proportionate,5
dw,5
harmonies,5
cone,5
capability,5
inferential,5
measureably,5
chose,5
dad,5
assignable,5
a2,5
passweave,5
exponentiated,5
thrice,5
modeling,5
stricken,5
cmc,5
voyant,5
stubbornly,5
dogs,5
examining,5
reformulate,5
pao,5
metathesis,5
remainder,5
princ,5
donald,5
uphill,5
38,5
poly,5
july,5
cr,5
learn,5
youtube,5
zoom,5
hm,5
healing,5
quantizing,5
seeming,5
pushed,5
strat,5
audience,5
ident,5
ors,5
pig,5
sees,5
facebook,5
apc,5
ox,5
accomplishing,5
checked,5
resulted,5
slumberousness,5
assimilation,5
abo,5
peoples,5
copper,5
extractivity,5
quarks,5
mediating,5
curse,5
hh,5
amplitude,5
ties,5
fuller,5
exposed,5
mahatma,5
dictionary,5
envious,5
finkelstein,5
ss,5
fab,5
ind,5
famine,5
protected,5
commutes,5
describethe,5
sir,5
exploring,5
dependency,5
differentiation,5
tri,5
water,5
suffocated,5
astrological,5
heute,5
injectivity,5
clocks,5
gcf,5
combining,5
temp,5
222,5
banks,5
everyones,5
app,5
gang,5
taxonomic,5
maternal,5
numerator,5
sad,5
resurrection,5
pablo,5
peek,5
vacuously,5
lang,5
tensors,5
triples,5
ready,5
terrible,5
copious,5
powerful,5
netszy,5
quad,5
reinhard,5
symbolized,5
multinomial,5
pdf,5
pigtails,5
activation,5
agnostic,5
aff,5
unsuitable,5
revives,5
wadge,5
concurs,5
concatenation,5
unforced,5
segmentation,5
stir,5
scotts,5
ctor,5
inflexible,5
obtusely,5
tongues,5
approxim,5
galilei,5
infers,5
semantically,5
begg,5
reformation,5
newcomb,5
margin,5
hypot,5
sequenced,5
spade,5
critiques,5
amplify,5
quadratic,5
pencil,5
sem,5
ceil,5
hide,5
concise,5
postmodern,5
irreducible,5
replies,5
defends,5
manifest,5
theyll,5
slab,5
kinks,5
distinguishably,5
traversed,5
integration,5
shards,5
hits,5
replication,5
resonates,5
skeleton,5
2000,5
extinct,5
spectrogram,5
baptism,5
literary,5
gameplay,5
sync,5
python,5
dangerous,5
dissolved,5
kitchen,5
shutdown,5
epistemic,5
mimic,5
lvl,5
moderator,5
performs,5
graveyard,5
returned,5
reconstructive,5
dominates,5
emergency,5
recovery,5
classroom,5
orbit,5
deployment,5
transcends,5
tsunami,5
zeppelin,5
appreciation,5
policy,5
reminder,5
ash,5
eruption,5
emission,5
lighting,5
intensity,5
resilience,5
cascading,5
seeds,5
cathedral,5
archaic,5
thanking,5
speaks,5
mortality,5
complementwise,5
unionality,5
aleister,5
subseted,5
chf,5
meetsung,5
denotational,5
supposition,5
trouper,5
seasonally,5
wickedness,5
c2,5
lassalle,5
xxiv,5
outcontents,5
ordinalized,5
drowners,5
oops,5
nonemptycontents,5
subtended,5
anew,5
orderedness,5
allthe,5
combinatories,5
y2,5
lifes,5
preordering,5
fucking,5
opens,5
longest,5
ecd,5
fancioulles,5
footstool,5
assigningcontents,5
supers,5
codomaines,5
computationally,5
wits,5
curly,5
career,5
bagb,5
hints,5
bcm,5
abde,5
eae,5
1750,5
thatzy,5
xiang,5
mongoloid,5
ghd,5
bernayset,5
urns,5
lascivious,5
subliminal,5
rips,5
havoccontents,5
mito,5
counterexample,5
hah,5
4772,5
fits,5
1897,5
bones,5
metrization,5
inevitably,5
tones,5
skyline,5
intocontents,5
tags,5
voyages,5
beach,5
ocb,5
preregular,5
caresses,5
dcf,5
lovesthat,5
rankable,5
convict,5
mastered,5
ubiquity,5
farsi,5
wasserstein,5
scheduler,5
andric,5
parte,5
dragons,5
attractive,5
knave,5
trapezium,5
modelings,5
secant,5
neared,5
doze,5
ooc,5
axih,5
merely,5
tense,5
gruber,5
wearying,5
74,5
ofo,5
theoret,5
inevitable,5
semimetrics,5
shouldn,5
homo,5
rms,5
stillness,5
wearyier,5
ly,5
ada,5
trend,5
longed,5
quot,5
subright,5
attainable,5
didn,5
arrays,5
dismissed,5
cohere,5
collinearities,5
algebraical,5
superfluous,5
dough,5
exponentation,5
ads,5
leans,5
fars,5
collapsed,5
pseudometrics,5
increasingly,5
harshly,5
simplifications,5
thronges,5
retaining,5
standardization,5
100000,5
disinterestedness,5
quantile,5
gaps,5
subcompact,5
behavioral,5
e1,5
enwreaths,5
numberof,5
coinciding,5
deformed,5
wp,5
doughnuts,5
1836,5
n2,5
vert,5
daydreamer,5
tomorrows,5
pen,5
nonrandom,5
zonal,5
trisect,5
subtype,5
suppresses,5
lem,5
numberscontents,5
extensionally,5
functionality,5
metamats,5
pg,5
committee,5
unbeknownst,5
descended,5
erlang,5
mel,5
dependant,5
gro,5
reliance,5
sovereigns,5
fish,5
improves,5
1k,5
national,5
match,5
appending,5
programs,5
sell,5
delusions,5
compass,5
2r,5
doll,5
camille,5
lebed,5
rotation,5
shipping,5
default,5
distributes,5
nh,5
derivates,5
ark,5
willed,5
fractionality,5
baby,5
subtending,5
pliable,5
aso,5
numerals,5
feeding,5
demise,5
terminating,5
str,5
prefixes,5
tars,5
marx,5
huh,5
grundges,5
immortal,5
kreisel,5
warp,5
isotope,5
seldom,5
legal,5
suppression,5
quantitatively,5
canary,5
desp,5
farsight,5
noisy,5
cliff,5
silently,5
screw,5
awaiting,5
smell,5
rsa,5
cock,5
countrization,5
pigeon,5
stewart,5
register,5
platonics,5
rad,5
segmental,5
discontinuities,5
gottlob,5
ki,5
syn,5
cardinaled,5
szy,5
qt,5
delving,5
swift,5
zar,5
photo,5
kur,5
ran,5
sing,5
creation,5
mozzarella,5
ride,5
hunter,5
toolset,5
irrationality,5
predicates,5
bypass,5
taylors,5
basement,5
resolutions,5
integrals,5
elixir,5
altitude,5
ton,5
elation,5
slow,5
tone,5
gratitude,5
intervention,5
escaped,5
modifiable,5
justifiable,5
collide,5
enrichment,5
mediates,5
busily,5
explanatory,5
46,5
ality,5
ultrapower,5
hit,5
equates,5
cease,5
equine,5
minima,5
riccardo,5
incantations,5
sustainability,5
riddles,5
adjoin,5
duplicates,5
intractably,5
color,5
summarize,5
brute,5
reputation,5
nobility,5
editable,5
calls,5
verse,5
0contents,5
solipsism,5
54,5
affirms,5
saussure,5
sphinx,5
orthogonal,5
immutability,5
relatedness,5
ergo,5
wild,5
2012,5
iterate,5
boundless,5
superscripts,5
bm,5
arena,5
entangled,5
bane,5
burn,5
casual,5
minimally,5
merging,5
extrinsic,5
compliance,5
acknowledge,5
constraint,5
events,5
transmitted,5
contextual,5
invocation,5
liberation,5
blueprint,5
invisible,5
threatens,5
cache,5
optics,5
taste,5
witnessed,5
curated,5
stack,5
communication,5
deployed,5
pathway,5
university,5
tombstone,5
gravity,5
barrel,5
illusion,5
confession,5
1998,5
typing,5
typed,5
sensitive,5
daisy,5
botanical,5
agency,5
weapon,5
empathy,5
bandwidth,5
flaw,5
trauma,5
forgot,5
feeds,5
listener,5
timing,5
portal,5
eluded,4
arbitrarycontents,4
bde,4
inscribe,4
suchthat,4
aoa,4
yum,4
dynam,4
becontents,4
denomin,4
west,4
sane,4
mann,4
ahk,4
proveably,4
fallaken,4
whos,4
mathematicas,4
socks,4
itsorems,4
skylar,4
morses,4
fifth,4
griped,4
wedding,4
bite,4
termsivened,4
ordinalization,4
rathercontents,4
pluto,4
abgc,4
resorting,4
reliability,4
guestbook,4
needto,4
eyesight,4
treeed,4
withinits,4
pah,4
mausoleum,4
ure,4
conceived,4
dilemma,4
secures,4
cfg,4
fingerspf,4
numerics,4
hai,4
coa,4
minded,4
cgh,4
wellas,4
02,4
memberships,4
offline,4
ambiguously,4
wires,4
makenese,4
browsethe,4
womans,4
fraeningold,4
paf,4
hahah,4
simons,4
thened,4
qd,4
grouping,4
conditioning,4
dou,4
1f,4
apoe,4
affairs,4
pseudometries,4
xxxx,4
subtracted,4
afgh,4
foraging,4
nay,4
favor,4
purer,4
biuss,4
thancontents,4
aosp,4
cbg,4
toms,4
fatteningthe,4
iam,4
lamenting,4
balancing,4
subbase,4
laughing,4
frage,4
damnit,4
czy,4
sic,4
giulia,4
largercontents,4
sfc,4
debated,4
universities,4
constructives,4
statesthat,4
legibility,4
nfu,4
suspicion,4
isn,4
thor,4
apb,4
originality,4
partiallycontents,4
ghosts,4
oddballs,4
dist,4
giuliano,4
suckthe,4
yikes,4
rdb,4
simplistically,4
injectives,4
q2,4
powerpoint,4
pz,4
gru,4
lengthwise,4
evened,4
exercise,4
21st,4
afk,4
circuses,4
waveforms,4
f1,4
binning,4
logthe,4
therein,4
hello,4
bck,4
inexpressiblemy,4
fold,4
meelo,4
1951,4
camp,4
puritys,4
spence,4
skilfully,4
profuse,4
relativecontents,4
adam,4
prethe,4
zn,4
weaved,4
heaves,4
showably,4
blackness,4
modifies,4
relevance,4
nonobvious,4
autom,4
narrow,4
xvii,4
fare,4
lexically,4
stonehenge,4
1966,4
lovesaken,4
disordered,4
butane,4
xxxix,4
gospel,4
montaigne,4
infright,4
againcontents,4
formulates,4
krone,4
asunder,4
iff,4
zed,4
89,4
1964,4
nee,4
mannercontents,4
definitivism,4
injectible,4
propaganda,4
sketches,4
scar,4
spright,4
quaesita,4
prerequisite,4
menaced,4
prophet,4
blow,4
gps,4
american,4
warring,4
1ed,4
infinites,4
pushing,4
competition,4
estimate,4
1x,4
interchangeably,4
meerhard,4
mys,4
1m,4
detailed,4
everybody,4
alph,4
morecontents,4
outcast,4
2h,4
riccardos,4
iterations,4
sequencing,4
maynard,4
castor,4
headers,4
defending,4
reallocate,4
gandhi,4
excitement,4
assertive,4
wheres,4
acme,4
sight,4
reign,4
evens,4
qn,4
subt,4
diss,4
thoralf,4
subfamily,4
subtree,4
quantization,4
multitudes,4
1830,4
cousin,4
monday,4
cosmetic,4
d1,4
bigline,4
portion,4
vacant,4
drowneth,4
mentally,4
metaverse,4
evidential,4
wcf,4
ralf,4
chiang,4
magnificent,4
formatting,4
stories,4
derisively,4
coincident,4
ugly,4
vie,4
serial,4
kindle,4
nightmares,4
spectacular,4
kcontents,4
circumstances,4
1829,4
trine,4
sigmoid,4
dripping,4
lowercase,4
standardized,4
whirlpool,4
quaes,4
shaft,4
positively,4
ows,4
attempting,4
expertise,4
hallelujah,4
doomed,4
har,4
shines,4
tamarint,4
thenzy,4
blows,4
reed,4
incomple,4
press,4
iter,4
3s,4
areaken,4
flatten,4
zones,4
multis,4
ihe,4
weil,4
distributivity,4
cardinalisms,4
locum,4
1854,4
snare,4
84,4
brow,4
raise,4
frau,4
avalanche,4
summer,4
subordinate,4
frock,4
oldest,4
score,4
redirects,4
transporting,4
formulating,4
windows,4
extinction,4
naturallycontents,4
colliding,4
helps,4
jackass,4
artist,4
neutral,4
moments,4
satire,4
interrupted,4
positives,4
succeed,4
intuitionist,4
mr,4
bayesian,4
ringed,4
blending,4
cline,4
ambient,4
oper,4
capitalization,4
colors,4
minute,4
hb,4
enzymes,4
numerology,4
glory,4
noticing,4
manage,4
flocks,4
coz,4
qualified,4
imperative,4
codoms,4
allometry,4
observing,4
axiang,4
registered,4
wolfgang,4
bigram,4
entering,4
overly,4
imperatively,4
modulus,4
feb,4
associations,4
flushing,4
leaflet,4
weller,4
beliefs,4
paste,4
metriz,4
courtly,4
superimposed,4
enim,4
spa,4
steiners,4
kantimpossible,4
luck,4
interpretable,4
bigar,4
modularity,4
metapower,4
discord,4
incantation,4
wie,4
specks,4
assignment,4
shippers,4
heywood,4
strikes,4
principal,4
hood,4
proclaims,4
consolidated,4
explaining,4
reusability,4
conventionally,4
churchs,4
trinity,4
ingredient,4
mitigation,4
ancontents,4
subjectivity,4
singularities,4
emphasizes,4
metaclass,4
differentials,4
ita,4
zeno,4
vars,4
doxx,4
recognized,4
enforcement,4
borels,4
fungal,4
pseudosciences,4
accommodates,4
iven,4
rand,4
heartbroken,4
systematically,4
dames,4
270,4
heuristics,4
boring,4
distribution,4
2m,4
instantaneous,4
ions,4
restructure,4
java,4
metacontinuous,4
fil,4
predates,4
abramski,4
incursion,4
wonky,4
shadows,4
dynamic,4
ensemble,4
coherency,4
equiv,4
enables,4
quasic,4
simultaneous,4
file,4
absurdity,4
fract,4
reallocation,4
grounded,4
covariate,4
maximality,4
google,4
solipsis,4
comments,4
xxv,4
pointer,4
transmutation,4
observe,4
gap,4
controlled,4
lib,4
recency,4
authentic,4
anomalous,4
orientation,4
wreck,4
screen,4
utter,4
404,4
naming,4
public,4
featuring,4
unease,4
swarm,4
painted,4
decoration,4
payload,4
success,4
opacity,4
gesture,4
achievement,4
ongoing,4
timestamp,4
200,4
accusations,4
buffer,4
tuned,4
delete,4
strategic,4
irrelevance,4
amber,4
drifting,4
activated,4
voodoo,4
tolerance,4
emergent,4
platform,4
extraneous,4
login,4
grandeur,4
shuffled,4
xxxiii,4
leers,4
bothaken,4
cc,4
staring,4
hed,4
candidate,4
surmise,4
derlich,4
whichzy,4
forcontents,4
absurdities,4
1740,4
wm,4
iaken,4
greatercontents,4
morons,4
5772,4
faggots,4
bpd,4
1789,4
hereto,4
crossing,4
bars,4
fraeninger,4
glass,4
fraingold,4
sel,4
dugsh,4
endow,4
oneness,4
ofb,4
weakling,4
mathematicss,4
boys,4
gay,4
hella,4
ohhh,4
darknessness,4
damyata,4
objectivity,4
turner,4
inflated,4
pax,4
conclude,4
naturalizations,4
proclaimeth,4
grande,4
uivened,4
1913,4
nightin,4
proveable,4
arxiv,4
orderings,4
alb,4
classified,4
constantiation,4
npf,4
nde,4
peaceable,4
willness,4
recurrence,4
acs,4
betti,4
5e,4
co2,4
leine,4
runtime,4
prisoners,4
constructional,4
serpents,4
bd2,4
existsa,4
morphs,4
ad1,4
akb,4
ade,4
ebg,4
ocontents,4
subnets,4
rampaging,4
transitory,4
itcontents,4
acn,4
alert,4
styling,4
bau,4
m2,4
umm,4
bod,4
princip,4
sketching,4
ebb,4
flow,4
discipline,4
uniquecontents,4
itd,4
intuit,4
calligraphy,4
eps,4
unverified,4
thenaken,4
q1,4
enumerator,4
subadditive,4
cba,4
devils,4
trivially,4
mfc,4
definables,4
xk,4
1925,4
9772,4
conjectured,4
begr,4
itll,4
weitz,4
nullary,4
c0,4
dress,4
notionually,4
disentangled,4
unintelligible,4
propertiescontents,4
pls,4
olds,4
correcting,4
multipled,4
treehouse,4
adopt,4
logarithmacy,4
kinesis,4
nbg,4
tamales,4
idle,4
eduardo,4
italic,4
conjectural,4
meiche,4
germelo,4
abovecontents,4
drownings,4
bccontents,4
nonlinear,4
bq,4
rediscovered,4
delightful,4
importantly,4
freiheit,4
informality,4
propag,4
shot,4
feels,4
howling,4
dissolves,4
followings,4
redirect,4
rm,4
squarely,4
kripkes,4
ng,4
equilibria,4
defeated,4
realizing,4
chr,4
distinctcontents,4
informativity,4
wellcontents,4
farside,4
proposal,4
cave,4
hairline,4
ler,4
equi,4
bcontents,4
concisely,4
despot,4
abbreviate,4
mathemat,4
estrange,4
ulterior,4
rp,4
hereafter,4
landau,4
exponentacy,4
1928,4
awayfrom,4
addedcontents,4
movesets,4
oddities,4
crumpled,4
erd,4
ifzy,4
wane,4
bal,4
sequiturs,4
bygone,4
loins,4
cz,4
zfe,4
mystified,4
unconditional,4
nite,4
combinatorioms,4
compactification,4
ings,4
18th,4
subalgebras,4
injectable,4
hlt,4
cdfc,4
gbc,4
egb,4
inheritance,4
zeroed,4
bedtime,4
town,4
clearer,4
iis,4
btw,4
cpa,4
cam,4
oi,4
mongolian,4
commensurate,4
entrant,4
grew,4
ihre,4
hundred,4
deontological,4
symbolize,4
ivening,4
expecting,4
creative,4
dbg,4
grammars,4
selfsame,4
momentary,4
suggestion,4
distinction,4
sinc,4
founders,4
physician,4
pixel,4
pupil,4
encounters,4
analytical,4
depicted,4
sequencer,4
annotation,4
mightier,4
edu,4
bisimilar,4
lisa,4
suns,4
visions,4
clinical,4
clone,4
mistaken,4
sock,4
commit,4
kr,4
dd,4
ling,4
fixes,4
dangere,4
blossom,4
saturday,4
parasites,4
multivariate,4
navigation,4
karen,4
ub,4
mom,4
beh,4
separ,4
consist,4
haz,4
fle,4
mayor,4
notability,4
succeeded,4
pussy,4
overflow,4
lights,4
1788,4
shining,4
marked,4
cof,4
denotations,4
observer,4
breath,4
sealed,4
whatever,4
posit,4
causes,4
ization,4
neural,4
descartes,4
lady,4
ebay,4
alder,4
fk,4
sz,4
homomorphic,4
demands,4
lane,4
scholarly,4
lien,4
switched,4
understandings,4
synapses,4
caf,4
contradictor,4
nach,4
kill,4
beneath,4
duality,4
hypocrisy,4
chicks,4
imagine,4
1820,4
worthy,4
geisel,4
elect,4
brains,4
beats,4
i2,4
countless,4
0aken,4
albino,4
gabriel,4
locuses,4
rework,4
mission,4
foundability,4
coupling,4
hler,4
xxii,4
dominating,4
60,4
weic,4
dz,4
cayley,4
sidereal,4
mg,4
shoes,4
eons,4
oud,4
gfd,4
newbies,4
enclosing,4
secure,4
accordingly,4
media,4
predicted,4
symphony,4
suitably,4
ation,4
surrounded,4
cheating,4
weiners,4
chemistry,4
intensifies,4
hashed,4
scarred,4
harbors,4
slave,4
dumbfounded,4
pluck,4
designated,4
572,4
tu,4
plausibility,4
aka,4
tir,4
tha,4
traveled,4
forgive,4
anscombes,4
bernoulli,4
pentagon,4
1960s,4
monadic,4
transformational,4
pred,4
dew,4
uncertainty,4
void,4
2022,4
save,4
ren,4
infinitary,4
justify,4
visualizations,4
countercultural,4
normals,4
definative,4
ver,4
iterable,4
objected,4
connections,4
vertigosceles,4
accomplishes,4
lexicographically,4
extractive,4
conservatively,4
overlapping,4
1930s,4
pierpont,4
mathias,4
elm,4
mb,4
sang,4
isms,4
prototypical,4
0f,4
ome,4
revolutionary,4
disallowed,4
avoids,4
planck,4
rewiring,4
distributives,4
multiplications,4
frm,4
unjustified,4
validating,4
rations,4
failing,4
attaining,4
monoids,4
signified,4
emphasized,4
tread,4
unspent,4
stock,4
proximity,4
ys,4
saves,4
ellipses,4
representational,4
ridges,4
concatenated,4
record,4
gck,4
maximally,4
author,4
cat,4
surjectivist,4
ricci,4
statics,4
amethyst,4
bool,4
synopses,4
inferiors,4
causation,4
cayleys,4
slivers,4
conical,4
aod,4
ina,4
qe,4
coproduct,4
drove,4
skuld,4
spontaneously,4
sequentiality,4
demand,4
wrath,4
speculation,4
racking,4
vanishes,4
wav,4
synchronic,4
remembered,4
chat,4
synchronicity,4
scenarios,4
social,4
overload,4
tour,4
viral,4
submission,4
fame,4
intrusion,4
ascendancy,4
experimentation,4
epidemic,4
smells,4
merger,4
mutual,4
private,4
sharing,4
counterculture,4
achieving,4
fury,4
prevents,4
latency,4
parody,4
delivery,4
rescued,4
horrifying,4
temporary,4
consolation,4
australia,4
microbial,4
coded,4
certainty,4
alignment,4
fade,4
dissolve,4
reconstructions,4
posed,4
creep,4
pathways,4
biome,4
heritage,4
ahc,3
underline,3
rd,3
kindszy,3
wellaken,3
ios,3
songbirds,3
includecontents,3
ect,3
flourish,3
ine,3
fraenkelheim,3
bauchy,3
nobles,3
countible,3
bdc,3
complementes,3
equalto,3
larvae,3
productivity,3
statistics,3
bav,3
harmful,3
tfrac,3
mucho,3
addresses,3
li,3
ratheraken,3
logarithmetics,3
didt,3
aside,3
heck,3
banda,3
scontents,3
accordingto,3
noth,3
seminal,3
sizzling,3
herefrom,3
partsaken,3
xxxv,3
carte,3
toe,3
fcontents,3
bab,3
abyssal,3
barest,3
slaves,3
semigroup,3
withal,3
needn,3
underthe,3
acf,3
grayscale,3
whichthat,3
foxhole,3
deluded,3
endearing,3
ivory,3
972,3
dessay,3
logspace,3
emptyset,3
advocacy,3
grab,3
promoters,3
cash,3
rk,3
thuszy,3
badf,3
precompact,3
subsetcontents,3
neophytes,3
deceiving,3
delayed,3
kindsof,3
qivened,3
funny,3
frances,3
madam,3
tractable,3
fallows,3
3x,3
839,3
gall,3
reallocated,3
cdcontents,3
dba,3
xxxxi,3
abba,3
suched,3
pagb,3
youth,3
xxxii,3
mand,3
tongue,3
incongruous,3
stake,3
laud,3
gehen,3
af2,3
heh,3
munchausen,3
wept,3
overtones,3
1350,3
lders,3
thatll,3
showedaken,3
youto,3
aks,3
imprisoned,3
sickle,3
afu,3
af1,3
suggest,3
regularized,3
conic,3
kneein,3
multimetrization,3
lesscontents,3
withmy,3
thicknesses,3
menger,3
topical,3
pab,3
psi,3
cbh,3
phoenicians,3
nonintuitive,3
thathave,3
prestructed,3
lz,3
xix,3
abcs,3
buddy,3
qc,3
xo,3
chuckles,3
ceph,3
guesswork,3
overshoot,3
xv,3
occurred,3
pag,3
infinitywhen,3
difficulties,3
formation,3
fbi,3
iz,3
incontents,3
thiss,3
logarithmetical,3
8s,3
fh,3
iota,3
tattooed,3
bca,3
conclusions,3
countableness,3
sweethearts,3
grade,3
ears,3
2p,3
yah,3
alm,3
accordingaken,3
1aken,3
specialized,3
irrationalities,3
merest,3
vertig,3
mathieu,3
mutable,3
bcdb,3
powerlevel,3
agf,3
rears,3
attraction,3
pcontents,3
kurat,3
powerup,3
bk1,3
cdb,3
formscontents,3
5th,3
hones,3
aga,3
somehow,3
cir,3
pending,3
kantor,3
inductors,3
canaken,3
freie,3
randomness,3
randomization,3
iphone,3
actions,3
containedby,3
modeler,3
multiplied,3
displace,3
commences,3
naturalism,3
paradoxic,3
unioned,3
thusforth,3
unb,3
eighths,3
angler,3
genesis,3
uaken,3
precollections,3
definitionscontents,3
drownsigh,3
coexists,3
ascontents,3
experimentally,3
transfered,3
defy,3
mise,3
basecontents,3
faraken,3
proposedcontents,3
willy,3
borders,3
lebede,3
frauen,3
icd,3
muslin,3
xivened,3
rgh,3
painful,3
readjust,3
thrall,3
scribe,3
u2,3
unacknowledged,3
setcontents,3
occurcontents,3
rnd,3
kavli,3
kf,3
bureaus,3
shutters,3
underivened,3
100x,3
functorality,3
hierarch,3
hada,3
immaterial,3
intensive,3
kingdom,3
adp,3
npas,3
aximetric,3
m0,3
asym,3
subservient,3
sigmund,3
varietyaken,3
dreck,3
2x2,3
8772,3
morels,3
7th,3
partitionable,3
containcontents,3
leastzy,3
depended,3
spanish,3
1250,3
ris,3
4d,3
yore,3
intract,3
linguistically,3
significantly,3
krishna,3
preset,3
npk,3
axiomscontents,3
cries,3
subchords,3
ummm,3
tendto,3
byzantine,3
doable,3
unbearably,3
despotism,3
asa,3
infrequently,3
cpd,3
transmitting,3
dive,3
errand,3
diligence,3
theoretik,3
deplete,3
beine,3
morezy,3
homotop,3
months,3
unsurprisingly,3
whenfore,3
arithmet,3
foolishit,3
wurden,3
axiomic,3
tissue,3
subsights,3
sleepily,3
limitcontents,3
thoughtest,3
undulates,3
wir,3
noninfinite,3
durations,3
murderers,3
pauls,3
hoping,3
emb,3
likely,3
youaken,3
thes,3
kid,3
linings,3
eternality,3
unholy,3
baire,3
conjective,3
banknote,3
cfa,3
econtents,3
urchins,3
entail,3
stones,3
topographical,3
10k,3
ingersoll,3
marks,3
foe,3
abccd,3
desires,3
comprehend,3
frocks,3
fives,3
grieves,3
wk,3
axion,3
formatter,3
froth,3
sch,3
definitve,3
prevalence,3
ohhhhh,3
kop,3
writhed,3
underworld,3
azy,3
bil,3
popularised,3
ges,3
dependently,3
skimming,3
hear,3
unsuccessful,3
abn,3
fz,3
abramsky,3
gfp,3
meaningful,3
180,3
incurring,3
mood,3
carefree,3
surrounds,3
changecontents,3
fortune,3
slim,3
eah,3
dues,3
bfa,3
beam,3
spend,3
expedition,3
joes,3
abstracting,3
topologist,3
lumps,3
inscriptions,3
notifies,3
conquer,3
reunion,3
negligent,3
ice,3
docs,3
mccartney,3
hasion,3
homogeneity,3
inclined,3
attained,3
flickering,3
struggled,3
quas,3
annotated,3
fought,3
intently,3
transposition,3
copied,3
inso,3
zd,3
lessons,3
acc,3
abrupt,3
pmf,3
lifts,3
sagans,3
dass,3
weizmann,3
prelude,3
superb,3
kt,3
whichows,3
approximative,3
wagg,3
accomplished,3
inspiration,3
ecological,3
communications,3
stem,3
groupings,3
bourgeois,3
elevator,3
sprightly,3
lap,3
united,3
gal,3
dimples,3
augustine,3
idi,3
destined,3
cv,3
sample,3
feared,3
covari,3
68,3
intomy,3
chateuse,3
saus,3
gifts,3
trawling,3
raises,3
settles,3
exh,3
entertainment,3
synonymized,3
exhaustive,3
ples,3
fso,3
afresh,3
imma,3
south,3
immaterially,3
drowning,3
tf,3
bast,3
kevin,3
london,3
gout,3
suspend,3
ers,3
hobbesian,3
complementarity,3
wellspring,3
fat,3
mary,3
dome,3
isotropic,3
exemplars,3
principled,3
lots,3
harry,3
lindelopen,3
saunders,3
pref,3
esc,3
reshuffle,3
axim,3
bfg,3
val,3
maximizing,3
surjects,3
robson,3
symbolizing,3
dudgeon,3
mistakes,3
awaits,3
axies,3
codex,3
foxes,3
samson,3
believing,3
declare,3
calc,3
seek,3
shooting,3
kn,3
marussia,3
mange,3
nasty,3
improvement,3
defend,3
meermelo,3
1927,3
ins,3
pcs,3
abdc,3
kabc,3
analogue,3
vol,3
yea,3
axiomas,3
mor,3
ks,3
exhaust,3
masters,3
endure,3
divened,3
halls,3
subimage,3
goat,3
zo,3
streams,3
debasement,3
rumbling,3
preve,3
definatly,3
weeping,3
background,3
upload,3
inspires,3
cameos,3
host,3
scientifically,3
telegram,3
lbc,3
hamlets,3
fran,3
duplicative,3
ingly,3
undoubtedly,3
civ,3
sat,3
anon,3
cfc,3
sized,3
rituals,3
helpful,3
piecewise,3
notoriety,3
sata,3
miss,3
pitch,3
ding,3
gop,3
chateille,3
bt,3
vn,3
bang,3
codification,3
noone,3
realities,3
knotting,3
intuits,3
gurus,3
divinity,3
guidebook,3
ices,3
numerativity,3
corr,3
tamaraki,3
validated,3
implementing,3
thems,3
fluctuations,3
varying,3
lebes,3
winnow,3
bet,3
receive,3
mismatch,3
visualizes,3
emulated,3
miracle,3
altitudes,3
conventional,3
analog,3
inals,3
everyman,3
chips,3
prerequisites,3
smalltalk,3
nano,3
justification,3
lawn,3
simplex,3
casts,3
implement,3
howto,3
logged,3
psilon,3
apple,3
theming,3
torments,3
upgrade,3
platon,3
setings,3
bour,3
jigsaw,3
surjectivity,3
incurs,3
intervalsaken,3
drawnfrom,3
bigup,3
tgf,3
erc,3
affinities,3
arbitration,3
complemented,3
bookmark,3
trickster,3
prefilter,3
fictitious,3
blowing,3
metamat,3
homeomorph,3
suitability,3
loci,3
hasten,3
qwerty,3
contravenes,3
capricidal,3
1827,3
neeed,3
skylights,3
disallow,3
multiplies,3
sparse,3
placing,3
dogma,3
omen,3
versus,3
food,3
kurian,3
perm,3
comfort,3
definably,3
modest,3
extensionations,3
lips,3
triskel,3
skolemnitz,3
codices,3
steppin,3
eden,3
butter,3
logarithmosis,3
spurs,3
asimov,3
poking,3
expansional,3
invariability,3
fu,3
rigid,3
sullivans,3
lemmings,3
s3,3
pic,3
setti,3
restates,3
dole,3
antonym,3
premodern,3
subtends,3
recursors,3
neater,3
brabant,3
meteor,3
secondly,3
taxicab,3
humanity,3
commoncontents,3
orems,3
enunciate,3
reconnecting,3
denominates,3
bigspace,3
ka,3
multilineal,3
encyclopedic,3
sif,3
balladic,3
nfas,3
exemplifies,3
bitwise,3
bond,3
attestation,3
riccis,3
dynamism,3
ification,3
mutability,3
flt,3
nowaken,3
hairnets,3
bourdieu,3
fort,3
oblique,3
1the,3
mma,3
dating,3
obtainable,3
phil,3
suite,3
fallback,3
alley,3
kary,3
violence,3
surjectively,3
manometry,3
blumberg,3
intercepts,3
homologous,3
undo,3
walled,3
herring,3
arts,3
crucied,3
sublim,3
flips,3
intentions,3
subscale,3
foes,3
curiously,3
smashing,3
weighted,3
hybrid,3
surreal,3
sag,3
palzy,3
sartre,3
attitudinal,3
contemplated,3
surprisingly,3
structured,3
hieronymot,3
tamarisks,3
cau,3
santa,3
restate,3
wikipedia,3
thumb,3
gpc,3
throughput,3
crumples,3
aliment,3
numerosity,3
ute,3
albeit,3
tk,3
divisible,3
stops,3
organizes,3
wheeled,3
deconstructed,3
envision,3
substrate,3
asc,3
defying,3
insensitive,3
iirc,3
formidable,3
bf2,3
spectacles,3
pea,3
mediator,3
entrapment,3
functors,3
illusive,3
mic,3
pile,3
2005,3
clink,3
maple,3
poset,3
wink,3
dazed,3
drives,3
embeds,3
license,3
datapoint,3
consistently,3
geometrizable,3
tamarose,3
requiredaken,3
skript,3
footnote,3
tamarids,3
blips,3
peformance,3
grantham,3
irreversibility,3
kalmani,3
tensed,3
emotionally,3
milliband,3
epistemological,3
accession,3
ode,3
mainline,3
decom,3
player,3
sheff,3
prussia,3
stumps,3
statistically,3
certainly,3
distinctiable,3
extinguished,3
inducing,3
mangled,3
wagon,3
useless,3
fills,3
syntactical,3
hierarchic,3
fractals,3
ascending,3
botox,3
happiness,3
ceremonies,3
automatic,3
boom,3
looping,3
absorbed,3
conflict,3
accusation,3
exploded,3
agent,3
mythical,3
undone,3
noting,3
specificity,3
paranoid,3
mourning,3
chaotic,3
1990s,3
juxtaposition,3
microcosm,3
cognitive,3
opera,3
contributes,3
physiology,3
archived,3
biomechanical,3
advice,3
fraud,3
wound,3
ether,3
scanner,3
wins,3
instinct,3
erasure,3
conversations,3
resource,3
insertion,3
biography,3
syrup,3
suspicious,3
deliver,3
horizon,3
summoning,3
lethal,3
collective,3
frag,3
virtuoso,3
vehicle,3
mid,3
parsimony,3
avalanches,3
joke,3
verifier,3
release,3
tragic,3
demanding,3
bucket,3
morality,3
flowed,3
recover,3
acknowledging,3
trusted,3
chapel,3
cycling,3
metastasis,3
ideology,3
resolved,3
kafka,3
hacker,3
congregation,3
rite,3
eureka,3
primordial,3
communities,3
tailoring,3
pruning,3
retrospective,3
interactive,3
learns,3
shallow,3
anchor,3
punctured,3
transitional,3
replicated,3
extracted,3
projected,3
fractious,3
router,3
routing,3
rises,3
gift,3
retrieval,3
timelapse,3
echoes,3
oil,3
overwrites,3
revived,3
fragility,3
silhouette,3
neglected,3
reindex,3
tamarisked,3
metrizable,3
neverhave,3
backcontents,3
fuckin,3
agc,3
achievehere,3
eag,3
notebook,3
analysts,3
opc,3
longing,3
lockszy,3
ae1,3
adm,3
pics,3
hexagons,3
repeatably,3
ashamedof,3
againstthe,3
aop,3
usecontents,3
likelihood,3
includescontents,3
universality,3
downcontents,3
snails,3
innumerable,3
suffocating,3
tozy,3
ninite,3
3n,3
madman,3
iron,3
crackpot,3
representable,3
properly,3
impulses,3
unjustly,3
moose,3
hahahahaha,3
soo,3
algebraics,3
forti,3
helly,3
fraening,3
heidegger,3
entirelyon,3
bycontents,3
refersto,3
myed,3
shouted,3
secundis,3
heavens,3
bestiality,3
infzy,3
akg,3
bach,3
metrizability,3
hehhe,3
xaken,3
corbusier,3
leastone,3
freckles,3
4ths,3
snorting,3
atom,3
zp,3
amz,3
dox,3
affected,3
pfc,3
didi,3
cafe,3
meansof,3
cgb,3
cker,3
manure,3
cdm,3
kindsaken,3
ahm,3
xiom,3
trigrams,3
kinder,3
clairvoyant,3
ations,3
tz,3
pern,3
cakes,3
deaths,3
aof,3
idealized,3
passweigh,3
reborn,3
contrary,3
constructivened,3
1917,3
weirder,3
bafh,3
numberzy,3
decompose,3
mab,3
nothin,3
almighty,3
natura,3
1910,3
loathing,3
threecontents,3
doo,3
yadda,3
4n,3
recline,3
pirates,3
1771,3
pfft,3
inferability,3
mahometan,3
ditalia,3
harden,3
bernay,3
alexandru,3
anat,3
ba1,3
odoursas,3
inauspiciousness,3
reasonably,3
ansler,3
measureability,3
rf,3
lens,3
abgb,3
acso,3
subsequ,3
nonexistence,3
leute,3
nations,3
logarithmally,3
ives,3
ab3,3
minimalism,3
hacking,3
heines,3
asante,3
henry,3
painting,3
geen,3
theta,3
substantial,3
boy,3
eh,3
hieronymoll,3
christ,3
e2,3
infp,3
kerosene,3
orzy,3
fatigue,3
happening,3
sincerest,3
frasier,3
deaf,3
algebraism,3
informational,3
surely,3
associatively,3
elvis,3
tfc,3
seizes,3
arches,3
farce,3
4e,3
algebraes,3
premetric,3
theorize,3
1008,3
maki,3
substantially,3
onlyif,3
zs,3
tos,3
ansaris,3
addressing,3
liking,3
lengthed,3
computerized,3
yout,3
makenzy,3
shard,3
gch,3
1772,3
flock,3
lefebvre,3
presumed,3
gaken,3
galore,3
substandard,3
changingcontents,3
nffc,3
lebedeff,3
zfs,3
gradually,3
outlying,3
geivened,3
c4,3
decant,3
pfe,3
babc,3
ofce,3
rumour,3
mice,3
alephic,3
unenumerable,3
qp,3
unfathomedsc,3
amok,3
metaphorically,3
faire,3
ahhhhhh,3
vickers,3
gnawing,3
accordingzy,3
simulates,3
pcfg,3
unreadable,3
evenivened,3
subcontents,3
agp,3
plains,3
ry,3
axiomates,3
takescontents,3
stabbing,3
suddenlymy,3
onlyto,3
strive,3
childrens,3
constaken,3
logarithmists,3
u1,3
prepositions,3
upto,3
cane,3
gfc,3
alarmingly,3
rougher,3
unfalsifiable,3
vertigosse,3
agm,3
ducks,3
resort,3
bdb,3
balconys,3
equin,3
fool,3
904,3
praises,3
timeless,3
nonorder,3
committing,3
1838,3
ger,3
selector,3
balloon,3
1875,3
mz,3
beaut,3
quaken,3
tp,3
ceilings,3
abelard,3
howeverzy,3
indexes,3
foundry,3
galilee,3
semitic,3
kolipschitz,3
meh,3
dreary,3
robespierre,3
injected,3
relativistic,3
dependably,3
serpentine,3
genuine,3
471,3
ransom,3
proclaimings,3
largelyto,3
erderman,3
theright,3
handbook,3
moms,3
crackers,3
zzz,3
sbc,3
abrahams,3
regards,3
yat,3
prey,3
spacesaken,3
bcd2,3
slipped,3
likemindedness,3
infinitecontents,3
dasher,3
somecontents,3
russia,3
revisiting,3
frighten,3
billows,3
vit,3
1contents,3
bethe,3
472,3
ab0,3
unboundedness,3
levenshtein,3
unreliable,3
sozy,3
1817,3
intersected,3
knuckles,3
dawd,3
unindexed,3
trial,3
710,3
quantify,3
deontic,3
encountable,3
447,3
attracted,3
frostand,3
afd,3
acgb,3
geomet,3
injectivist,3
5m,3
abate,3
manures,3
robbers,3
hows,3
ohm,3
vectorized,3
1791,3
avenues,3
ning,3
brill,3
dedicates,3
latent,3
possesses,3
equinox,3
subsetings,3
z1,3
umi,3
aboveaken,3
compasses,3
geometr,3
definitive,3
bds,3
compressed,3
pdo,3
percolate,3
plausibly,3
polyhedra,3
parted,3
keel,3
cardinalized,3
voy,3
majority,3
coexist,3
hint,3
collisions,3
enrico,3
generic,3
ui,3
shifted,3
cle,3
spreading,3
trove,3
xxxi,3
glories,3
cheers,3
calvins,3
aren,3
assoc,3
comming,3
decim,3
flutter,3
intensional,3
heim,3
enterprise,3
vm,3
sn,3
tall,3
dimensionally,3
selectable,3
wezy,3
subquasi,3
muss,3
pasteurs,3
mir,3
gears,3
supersession,3
blind,3
poore,3
universally,3
stratified,3
rl,3
snap,3
amb,3
deterministic,3
compromise,3
browns,3
opinion,3
raped,3
izing,3
tested,3
upa,3
bcs,3
bush,3
sauce,3
photon,3
bled,3
coincidently,3
temple,3
shr,3
visible,3
fingersthru,3
mining,3
kzy,3
improve,3
wa,3
genuinely,3
amk,3
threads,3
mask,3
kicks,3
bored,3
1970,3
ee,3
ism,3
sys,3
perseverance,3
dick,3
cbi,3
neuroscience,3
gav,3
interchange,3
acoe,3
oscillator,3
kso,3
delet,3
correspondently,3
wing,3
jail,3
boland,3
shaves,3
bling,3
disbelief,3
amazed,3
lags,3
transitions,3
subtract,3
someones,3
pleased,3
av,3
weakening,3
fetish,3
fly,3
rofl,3
setthe,3
neue,3
spray,3
cry,3
ooh,3
1751,3
bauhaus,3
studio,3
chop,3
greece,3
supremus,3
lite,3
combine,3
official,3
cats,3
cupboard,3
fence,3
gates,3
diagon,3
exploit,3
heretic,3
punished,3
bornin,3
mal,3
algebr,3
meditation,3
yearning,3
dq,3
iq,3
christian,3
clairvoyance,3
gg,3
alicia,3
elective,3
cah,3
rolling,3
enclose,3
metaph,3
hath,3
rb,3
bismarck,3
overline,3
qr,3
caprices,3
sus,3
buncha,3
michelle,3
longtooth,3
abbreviating,3
marvellously,3
flowering,3
sarsour,3
constructings,3
obs,3
predictable,3
maths,3
afe,3
reverberating,3
diable,3
monsters,3
programme,3
pressures,3
merry,3
jersey,3
goddamn,3
maria,3
vir,3
lier,3
equinumerosity,3
amend,3
assured,3
physicists,3
doge,3
diminishes,3
hiding,3
kel,3
intotheogony,3
optimizations,3
album,3
parasitic,3
hart,3
quote,3
604,3
floors,3
chang,3
themat,3
kull,3
tea,3
onivened,3
subtend,3
abag,3
multisig,3
gravely,3
consumer,3
lovesickles,3
metamorphosis,3
99,3
dir,3
bpc,3
suffixed,3
atcontents,3
aged,3
unexpected,3
fishes,3
themets,3
annihilation,3
rocks,3
profiled,3
gott,3
5bc,3
york,3
onward,3
chests,3
port,3
vowel,3
iscountable,3
equivalential,3
topose,3
ipc,3
polygon,3
mystique,3
pca,3
saudi,3
hebb,3
spatially,3
vor,3
arabic,3
schl,3
checkability,3
seasonality,3
dset,3
rearrangement,3
teeththat,3
idol,3
udf,3
discords,3
defected,3
discontinuum,3
improv,3
unauthorized,3
cermelo,3
analyse,3
movement,3
elitism,3
hass,3
tilings,3
badge,3
affinity,3
preformed,3
spinner,3
openness,3
bat,3
hieronymoski,3
ellipsis,3
watch,3
pars,3
kalm,3
guests,3
bamberg,3
prec,3
reflexively,3
aptitude,3
benedictine,3
2088,3
trusty,3
dry,3
format,3
paradoxed,3
spacescontents,3
kleinman,3
notionally,3
weapons,3
surjections,3
hasty,3
isk,3
unbound,3
kolmogor,3
aragon,3
morehead,3
multiplexes,3
determinants,3
prefaced,3
frothing,3
rationalization,3
approximatively,3
brodsky,3
cea,3
exceptional,3
ables,3
enunciations,3
continuums,3
nop,3
legible,3
kano,3
potentiality,3
ais,3
alphabetical,3
nepot,3
linearities,3
carlo,3
hymn,3
assay,3
associates,3
vectorizability,3
illustrative,3
enwreathed,3
triskelaus,3
verb,3
preprocessing,3
grouped,3
frain,3
countere,3
platonism,3
avoidance,3
9th,3
cloning,3
ducktails,3
refrain,3
precountable,3
gnome,3
reall,3
applesauce,3
realsize,3
reader,3
1zy,3
travers,3
bestow,3
platonisms,3
icontents,3
twelve,3
encyclopaedia,3
hastened,3
mugs,3
weaving,3
reified,3
nonfree,3
suspected,3
ducklings,3
decano,3
rationalize,3
codepoint,3
setswhen,3
enumerates,3
v0,3
unified,3
clearings,3
permutations,3
aim,3
rectangular,3
evasion,3
obsidian,3
zz,3
undervalued,3
ima,3
cutall,3
apologetics,3
irrefutable,3
keying,3
backward,3
cram,3
stepwise,3
confidentiality,3
ripples,3
gm,3
ansley,3
rectilineal,3
hot,3
skies,3
empirically,3
pins,3
signature,3
frisk,3
countwise,3
inite,3
claiming,3
paradoxian,3
trisection,3
epoch,3
2002,3
ahead,3
duh,3
bankable,3
circumscribe,3
cues,3
demos,3
wah,3
idiomatically,3
rearrange,3
527,3
algebraized,3
wands,3
concluding,3
foresight,3
astrology,3
disentangle,3
vermont,3
tumbling,3
iterability,3
embracing,3
remembering,3
tamariners,3
vulgarity,3
decompression,3
knob,3
pooling,3
cautions,3
freely,3
stanza,3
nooses,3
sosost,3
subgraphs,3
distorting,3
enum,3
clairvoy,3
bian,3
sucks,3
lee,3
ment,3
imperfections,3
integrated,3
enabling,3
odf,3
magnum,3
17th,3
parabola,3
sares,3
fixing,3
store,3
concatenate,3
pressure,3
degradation,3
hi,3
distinctive,3
progressively,3
parameters,3
terminus,3
robinsons,3
parametriz,3
presumes,3
p0,3
subscriptions,3
dig,3
ocf,3
meetsen,3
digitization,3
coder,3
xh,3
pilot,3
lyrics,3
joinaken,3
foolishly,3
obvi,3
fibers,3
bolts,3
delved,3
configuration,3
verbatim,3
optimism,3
squire,3
ignoring,3
reformatted,3
pages,3
dns,3
downwards,3
selective,3
705,3
earthquake,3
prepared,3
pridein,3
symbolic,3
decomposable,3
heals,3
2007,3
sociology,3
convolution,3
epilogue,3
ascetic,3
crime,3
protect,3
romance,3
hides,3
deploy,3
scholastic,3
therapeutic,3
highest,3
bureaucracy,3
malignant,3
begging,3
respond,3
mate,3
resonant,3
philosophically,3
decoded,3
irrecoverable,3
compiled,3
virtuosity,3
ascetics,3
exposing,3
pedagogical,3
evangelical,3
graceful,3
climate,3
deity,3
sibling,3
solidarity,3
graduation,3
rebuttal,3
budget,3
endgame,3
spinning,3
spoken,3
win,3
receives,3
tension,3
undergoes,3
defeats,3
gear,3
abacus,3
blooper,3
ticket,3
zeitgeist,3
anatomical,3
creativity,3
arriving,3
sending,3
typo,3
embarrassment,3
echo,3
instructions,3
materialized,3
irreversibly,3
authenticity,3
lyrically,3
blend,3
encryption,3
revelations,3
moderating,3
thermal,3
seductive,3
sublime,3
opium,3
sanctuary,3
haunting,3
summit,3
mirroring,3
navigating,3
bifurcation,3
accelerators,3
attrition,3
tormented,3
contagion,3
systemic,3
interference,3
coconuts,3
anonymity,3
documented,3
academic,3
filesystem,3
reset,3
osis,3
ashtray,3
archipelago,3
aeh,2
makena,2
hateone,2
overfitting,2
infuse,2
2elements,2
lisp,2
mistreat,2
renaud,2
5n,2
eights,2
iams,2
subside,2
oond,2
timidly,2
weakenets,2
ond,2
cons,2
dah,2
dictators,2
pollen,2
slate,2
specificallyelements,2
phosphorus,2
yon,2
dancing,2
virgins,2
principlethe,2
witha,2
drownsorts,2
574,2
muse,2
fingersth,2
favour,2
remaincontents,2
wisely,2
persons,2
addingcontents,2
chivalric,2
categoriescontents,2
sie,2
meetsig,2
wantto,2
lined,2
fullaken,2
thati,2
definitioncontents,2
pretheory,2
latitude,2
mpd,2
hmmmmm,2
1t,2
bonds,2
360,2
perch,2
placesrocks,2
mca,2
1150,2
lebowski,2
makenas,2
abe1,2
nff,2
ascent,2
withered,2
requiredcontents,2
whirlpools,2
soooo,2
maggie,2
delighted,2
ferm,2
chateaubles,2
wavered,2
easyto,2
andz,2
superpositionality,2
numbercontents,2
668,2
wheremy,2
mortals,2
italian,2
wv,2
innes,2
1239,2
suborn,2
oarseness,2
gaud,2
designators,2
grubers,2
amidstst,2
myers,2
mons,2
ragecontents,2
lighted,2
mutely,2
arched,2
quotable,2
alreadyaken,2
chan,2
formalally,2
gynecological,2
handi,2
oracles,2
793,2
strangled,2
eragon,2
footsthat,2
sqright,2
reify,2
cutest,2
bcdc,2
sum2,2
sof,2
superscriptive,2
provethat,2
noncountables,2
subenumerations,2
idler,2
thered,2
xii,2
xxiii,2
mmmmmm,2
opd,2
pagh,2
merci,2
sincerely,2
equivocally,2
mediocrasies,2
mani,2
characterise,2
inclination,2
tiresiass,2
rave,2
setomorphisms,2
agitate,2
delicacy,2
cdg,2
diaspora,2
595,2
1850s,2
skyhold,2
itinerary,2
mfg,2
finders,2
mathematische,2
whatsoever,2
amongus,2
f0,2
doublesaken,2
fearless,2
inflames,2
ansaken,2
tempered,2
abag2,2
noes,2
perils,2
highly,2
showsaken,2
frael,2
cite,2
wai,2
aoch,2
aliasing,2
ooool,2
manly,2
10ms,2
pafl,2
opop,2
females,2
musta,2
ansier,2
wars,2
cmap,2
bfc,2
whatshallire,2
kelvin,2
kantors,2
alexandroff,2
schrute,2
metamatt,2
pdbg,2
pkf,2
friendsll,2
exactlyone,2
inductional,2
mein,2
yap,2
ascot,2
hail,2
dojo,2
flauberts,2
slackening,2
sayin,2
universecontents,2
endurable,2
minimize,2
abcdcontents,2
sockets,2
wolfs,2
shallii,2
toiletries,2
akd,2
cbbc,2
riche,2
rape,2
functioned,2
himir,2
storms,2
dauphin,2
oddity,2
12772,2
ear,2
conditioner,2
ugc,2
pa2,2
lute,2
dv,2
massacre,2
downt,2
noiselessly,2
drownsoms,2
695,2
rankles,2
multidistant,2
adr,2
anson,2
bgcontents,2
consideredaken,2
mustve,2
decre,2
manyples,2
grandpa,2
wiggle,2
mane,2
bavarian,2
bba,2
439,2
themcontents,2
ein,2
2bc,2
kantian,2
cardinets,2
bcdcontents,2
npy,2
oer,2
soulsthat,2
cola,2
xkcd,2
wearyd,2
courtesies,2
frightens,2
ozzie,2
finn,2
lavish,2
openwhen,2
definings,2
lepi,2
notionality,2
themselvesaken,2
ravenous,2
booleancontents,2
fingersofthe,2
bbe,2
overrated,2
welder,2
872,2
metavariables,2
faint,2
sbd,2
cd2,2
studyof,2
sortable,2
perverseness,2
cacontents,2
useof,2
childhoods,2
continuityality,2
proofsaken,2
bytes,2
metamodes,2
shine,2
fisk,2
farts,2
sincece,2
noncountable,2
powermap,2
comme,2
ata,2
unexplained,2
cardinalcontents,2
bloodied,2
monotonicity,2
lass,2
axiomi,2
mapf,2
surrender,2
appearedcontents,2
brutes,2
closest,2
nowadays,2
definitly,2
axions,2
pestilences,2
angelically,2
lovesicknesses,2
axisymmetry,2
coloured,2
intuerences,2
title,2
tooles,2
sable,2
hungersome,2
akc,2
doe,2
pledge,2
tempestuous,2
subsenumerable,2
subsampling,2
deranged,2
ags,2
inducement,2
inexorable,2
abelton,2
coals,2
jean,2
kcb,2
succession,2
upwards,2
kuhn,2
formalistic,2
ivs,2
langle,2
giuliana,2
herethe,2
butcontents,2
zornberg,2
ahf,2
tanh,2
400m,2
brotherhood,2
expand,2
stilled,2
intright,2
butthe,2
zloty,2
unequ,2
findably,2
agcontents,2
sobolem,2
withdrawal,2
putz,2
axiem,2
maximus,2
unp,2
nightly,2
bigp,2
9000,2
outgo,2
crucify,2
impossibleto,2
mde,2
beata,2
drownsizes,2
mcd,2
powerscales,2
blanks,2
complementivened,2
relativism,2
satisfycontents,2
fight,2
meisel,2
uponthis,2
ahmed,2
mostlycontents,2
pla,2
overcontents,2
wrights,2
asymm,2
defective,2
effc,2
sorentium,2
precheck,2
ranker,2
deciding,2
amountscontents,2
efe,2
stringing,2
zfermelo,2
wouldit,2
1936,2
tuplesaken,2
ifs,2
ridiculousness,2
irreflexivity,2
cuties,2
lasciviousness,2
bloodiest,2
aedt,2
sq,2
bristle,2
nivenedat,2
geodesics,2
prevenient,2
cardinalization,2
1636,2
base2,2
powersetcontents,2
vidals,2
alsoin,2
abigail,2
leeway,2
stainedx,2
bim,2
dependon,2
myr,2
doth,2
inversely,2
mkg,2
fallacious,2
banged,2
pours,2
tear,2
inclusioncontents,2
congeal,2
postulation,2
faithfulness,2
subsetes,2
iomatic,2
liesthe,2
disorder,2
ccontents,2
obc,2
ordinalisms,2
heirlooms,2
subarithmetic,2
if1,2
innate,2
zfc2,2
learningand,2
srivastava,2
edison,2
superclass,2
excited,2
axiomatises,2
thathe,2
pizza,2
isivened,2
academia,2
grams,2
dict,2
lazy,2
abh,2
0x1,2
cole,2
egbs,2
aggregate,2
preconstructed,2
outof,2
spousal,2
duckling,2
1h,2
fluttering,2
wounded,2
kat,2
overthe,2
hungry,2
showcases,2
xxvii,2
weih,2
diameters,2
butts,2
manger,2
breadcrumbs,2
orson,2
whod,2
vulgarities,2
meur,2
gs,2
powerseted,2
properizations,2
characteristics,2
wnt,2
mov,2
adea,2
risecontents,2
ane,2
dt,2
intaken,2
doubtfulness,2
yau,2
neighborhoodscontents,2
1738,2
1813,2
percolation,2
mediocrisy,2
restraint,2
gba,2
yokels,2
704,2
subsamples,2
belowcontents,2
ints,2
bcfc,2
3ad,2
abcm,2
hee,2
donot,2
i1,2
3x2,2
agfc,2
broker,2
preuniform,2
constitute,2
arz,2
whipped,2
allots,2
forehead,2
ordinalism,2
improbable,2
kronecki,2
stringently,2
yin,2
hematic,2
consistentwith,2
overset,2
gfq,2
rulesets,2
kenosis,2
illusions,2
y0,2
preferences,2
forg,2
dar,2
straightening,2
collectionof,2
flint,2
disassembly,2
toussaint,2
vertigosions,2
solaken,2
heating,2
dex,2
alephi,2
depicts,2
conceptscontents,2
ac1,2
semimetric,2
poy,2
meereen,2
kommet,2
disjunctional,2
inconsistencies,2
tes,2
partitionscontents,2
blooded,2
maxi,2
onlyzy,2
zornstein,2
winks,2
checking,2
fq,2
ganz,2
568,2
derberg,2
lacy,2
hzy,2
subsided,2
smallercontents,2
3cd,2
kalam,2
dated,2
runs,2
alphabetized,2
classesifier,2
qui,2
abramskys,2
insignificance,2
unlink,2
bizet,2
makeszy,2
605,2
impacts,2
logik,2
datasets,2
fingerprints,2
baryomatic,2
dnt,2
jane,2
upcyclic,2
gfcontents,2
awry,2
b5,2
cardio,2
foundcontents,2
api,2
gravelly,2
ce2,2
burali,2
bdh,2
generativity,2
immanent,2
1783,2
definitum,2
becauseze,2
commun,2
jugs,2
lil,2
pounds,2
endowments,2
bama,2
drenched,2
gq,2
idealizing,2
reversing,2
doesnaken,2
civilization,2
transformers,2
evp,2
cartier,2
crackling,2
paperscontents,2
scence,2
usnow,2
80s,2
composing,2
despatch,2
plutonium,2
crit,2
cells,2
fcf,2
wo,2
dfj,2
endrap,2
impending,2
fowl,2
tris,2
andrew,2
spectrogramming,2
slumbering,2
intercepting,2
bookshelf,2
thatcher,2
irl,2
infram,2
magnified,2
ipa,2
hills,2
aaaq,2
bath,2
evidences,2
latest,2
poverty,2
doesnthe,2
discoverable,2
dispro,2
frontiers,2
hazards,2
nifty,2
augustins,2
demonstr,2
reins,2
attributes,2
stern,2
combinatorism,2
1q,2
motherhood,2
mystification,2
gifted,2
againality,2
month,2
storage,2
alient,2
incorrect,2
tightest,2
hre,2
blindness,2
sobolevian,2
abuses,2
inveterate,2
passives,2
57,2
rw,2
freck,2
clothes,2
144,2
findability,2
dizz,2
astonishing,2
adopting,2
elided,2
revis,2
residual,2
joints,2
auto,2
pka,2
disney,2
leier,2
attributing,2
association,2
arendt,2
pdgf,2
logging,2
troubles,2
hander,2
evaluating,2
semitone,2
menll,2
nihil,2
dor,2
metz,2
corre,2
topologists,2
thinks,2
kurata,2
eop,2
belowthe,2
ishing,2
2xxx,2
fn,2
aes,2
permutation,2
gb2,2
cpr,2
searchfor,2
cbc,2
griping,2
reachedzy,2
villages,2
zop,2
myad,2
reuse,2
xmappings,2
sens,2
claws,2
definecontents,2
fanatical,2
fest,2
axia,2
scan,2
generators,2
ribs,2
emperor,2
moveset,2
correlation,2
poles,2
latercontents,2
upcontents,2
affc,2
10000,2
adversary,2
frakel,2
73,2
podcast,2
autism,2
euclidian,2
bernayser,2
ny,2
rumoured,2
reconnect,2
frings,2
sofa,2
dynamically,2
precompatibility,2
culminating,2
photonics,2
steadily,2
iss,2
spot,2
equinumer,2
internalized,2
bred,2
ja,2
uck,2
cracks,2
clerk,2
peers,2
rejective,2
mers,2
raising,2
recurses,2
probabilism,2
cal,2
xg,2
unnoticed,2
bugs,2
brops,2
defn,2
acropolis,2
1e4,2
spellcheck,2
forbid,2
prototype,2
axio,2
aedf,2
px,2
phot,2
cong,2
16th,2
64,2
pray,2
nz,2
ickle,2
subconscious,2
implements,2
melting,2
gym,2
analogues,2
manually,2
dakota,2
wilderness,2
1985,2
bribe,2
miln,2
wasi,2
subtuple,2
ofr,2
zipschitz,2
distorted,2
wrink,2
enlightened,2
rom,2
clinton,2
complet,2
boop,2
amd,2
vac,2
wordpress,2
overcoming,2
decline,2
t3,2
fit,2
methane,2
quil,2
issue,2
tempted,2
winners,2
crisp,2
irresistibly,2
meister,2
urnsets,2
googling,2
houses,2
intension,2
fatt,2
undermining,2
flaubert,2
conferences,2
bebop,2
dy,2
kick,2
compartment,2
alembic,2
bremma,2
weep,2
ck2,2
thruthe,2
electrical,2
soulless,2
dads,2
ballpoint,2
sincene,2
hieronymoses,2
morphig,2
ilt,2
drehen,2
melts,2
conformation,2
ural,2
inbox,2
3zy,2
wr,2
extrem,2
captivity,2
meters,2
arenas,2
quake,2
depression,2
bolster,2
accepting,2
overboard,2
measurements,2
cowl,2
fists,2
undifferent,2
awakens,2
losers,2
revs,2
laps,2
spine,2
extremecontents,2
nf2,2
ols,2
mozz,2
niven,2
independentness,2
metro,2
eager,2
vow,2
imaginable,2
parameterized,2
misfortune,2
existent,2
topologys,2
unequaled,2
sighs,2
logarithmology,2
sagan,2
incant,2
wetter,2
sufft,2
insults,2
seized,2
widow,2
utterly,2
oscill,2
cops,2
probabil,2
awoken,2
axiomos,2
skolar,2
transformives,2
celtic,2
hued,2
sobriety,2
bumps,2
shaken,2
androids,2
obsessive,2
hypercomplex,2
contemplation,2
neest,2
sovi,2
horde,2
legion,2
hunted,2
shuffle,2
tw,2
helping,2
extensivelycontents,2
lovers,2
s8,2
hahn,2
multigraphy,2
772,2
mob,2
squeezing,2
0pa,2
pbq,2
nan,2
trials,2
bitter,2
spasmodic,2
dislikes,2
married,2
xlvi,2
eucli,2
metaanalysis,2
phrasings,2
ravens,2
frauermann,2
adk,2
unwise,2
cappings,2
obliqueness,2
leftovers,2
bleeding,2
desert,2
unilateral,2
discontinuing,2
chunky,2
ofe1,2
disprovable,2
bix,2
638,2
olives,2
buck,2
concat,2
exhales,2
shelter,2
axiomset,2
nonceremonial,2
metamattox,2
comparedto,2
seemto,2
founder,2
greens,2
diy,2
wherever,2
09,2
causally,2
injectors,2
fewer,2
agenda,2
steed,2
mink,2
discontin,2
customers,2
idently,2
countin,2
sublimities,2
ultimatum,2
motifs,2
grandma,2
strengthen,2
korn,2
ics,2
lengthier,2
barely,2
backing,2
fcd,2
roundabout,2
ben,2
incidences,2
3pi,2
abcda,2
meo,2
evn,2
saion,2
figured,2
makers,2
hammer,2
tyrants,2
enh,2
stomach,2
insidezy,2
dreamscapes,2
nectors,2
ily,2
quadrillic,2
solv,2
extendability,2
metasploit,2
ku,2
mantle,2
rein,2
reorganizing,2
ofeditions,2
entwining,2
impervious,2
arzy,2
mumbling,2
wrap,2
soothes,2
logline,2
bw,2
cvar,2
consistentcontents,2
pore,2
feat,2
2036,2
ofion,2
rejoice,2
candidates,2
injury,2
hindsight,2
pkp,2
fromthe,2
z0,2
fasten,2
codom,2
999,2
dmitry,2
yudkowsky,2
lodged,2
anish,2
preceding,2
derlin,2
estimates,2
suspicions,2
collation,2
beasts,2
hacked,2
liebert,2
agcb,2
scarier,2
perpetually,2
damnability,2
streaming,2
godel,2
emma,2
ordinalscontents,2
grin,2
prick,2
zoo,2
sadder,2
dangling,2
analogs,2
3x3,2
apps,2
asy,2
trs,2
divisions,2
race,2
kbg,2
nap,2
optimizing,2
calligraph,2
sharp,2
exodus,2
excluding,2
scaffolding,2
courseaken,2
options,2
bats,2
illness,2
pong,2
zipper,2
injectability,2
1868,2
listings,2
butzy,2
tracingmy,2
meisterschaft,2
theo,2
swirl,2
bischer,2
unter,2
surrograms,2
georges,2
walt,2
sinking,2
pulses,2
doards,2
subdivisions,2
61,2
homed,2
holt,2
arbeit,2
917,2
disentanglement,2
phones,2
infin,2
diminished,2
tiem,2
mabc,2
liein,2
reorders,2
deposited,2
cracking,2
advex,2
lp,2
spacetime,2
schemaset,2
theref,2
hollow,2
extraordinary,2
compactality,2
grounds,2
branded,2
gogh,2
sosostrisova,2
generalitycontents,2
deckbuilder,2
negatively,2
neighbour,2
elliptics,2
bijectiv,2
eliminating,2
lovesicks,2
raven,2
intranet,2
leber,2
fleshed,2
fracture,2
quasics,2
agreeably,2
rug,2
pseudomatic,2
bic,2
ordcontents,2
premature,2
marginally,2
pseudosex,2
psyche,2
searchable,2
searched,2
unincommensurable,2
endured,2
rete,2
sector,2
uah,2
detroit,2
trivialed,2
intuple,2
18k,2
joinjoin,2
occasions,2
recasting,2
axig,2
kaggle,2
cords,2
hav,2
4m,2
integrative,2
pdh,2
n1,2
burden,2
hungover,2
oar,2
appendix,2
unmaintain,2
20s,2
eternly,2
relativizing,2
wedded,2
logit,2
disl,2
yds,2
rationally,2
falsehood,2
resist,2
birthday,2
haldane,2
gi,2
climage,2
retreat,2
measuresaken,2
narnia,2
presimilar,2
tcd,2
awakened,2
shimmer,2
attesting,2
intuitiveized,2
interview,2
clx,2
lava,2
oscillated,2
prolog,2
sustained,2
lotr,2
penduluma,2
weighting,2
initio,2
parole,2
distincted,2
coster,2
replied,2
abelstein,2
abioms,2
ume,2
implausible,2
skrillex,2
blunder,2
subfrom,2
bizariski,2
weakercontents,2
solipsistic,2
indeterminate,2
ponderous,2
reflexivism,2
shaders,2
terminologies,2
drawcard,2
quadr,2
aeq,2
capriciousness,2
noexcept,2
sennett,2
mains,2
timescales,2
dualistic,2
medioms,2
separator,2
1745,2
isometry,2
outright,2
tied,2
dalessandro,2
ardent,2
rigorously,2
prognosis,2
eris,2
weierstr,2
disputable,2
heidelberg,2
stratification,2
suggesting,2
ken,2
suffoc,2
elat,2
unconstructed,2
k2,2
hal,2
addisons,2
structurescontents,2
metaprogramming,2
pdb,2
setless,2
saints,2
lmarker,2
prone,2
discourses,2
rewrite,2
1889,2
connote,2
situate,2
shim,2
breadis,2
010,2
appetite,2
frothy,2
voiced,2
organically,2
spent,2
671,2
badgers,2
wen,2
netting,2
tests,2
sway,2
1140,2
susanna,2
kline,2
blueprints,2
3cf,2
idles,2
adams,2
supract,2
hallucination,2
operationally,2
fallen,2
dorf,2
measureable,2
offs,2
fair,2
itu,2
traveler,2
geodes,2
alte,2
builtin,2
traverse,2
approximators,2
tamaris,2
prousts,2
myd,2
sapling,2
rights,2
darzel,2
battle,2
vy,2
oob,2
thata,2
roden,2
oscillators,2
heytingen,2
diapered,2
monte,2
submetric,2
swallows,2
1393,2
dhausdorff,2
1225,2
concentrates,2
iie,2
cfd,2
bigelow,2
ink,2
subliminals,2
complementability,2
eigh,2
introductory,2
undergraduates,2
sifting,2
monarchy,2
hem,2
nigsbergs,2
planar,2
hallmark,2
prints,2
sphe,2
mediocr,2
nq,2
afterword,2
validates,2
philippe,2
countryin,2
fingersknot,2
knobs,2
branched,2
yard,2
noises,2
cyclically,2
cardano,2
orl,2
regressors,2
limitable,2
qq,2
stably,2
quasimodo,2
hypercontinuity,2
amounting,2
wien,2
havex,2
incontinent,2
maniac,2
ndl,2
rootcontents,2
melville,2
prophets,2
elaboration,2
operand,2
saeed,2
izations,2
gnawed,2
tripping,2
functioncontents,2
zend,2
minimalist,2
insertions,2
lapel,2
premigration,2
barcode,2
reopening,2
extensionivened,2
dising,2
downplaying,2
ips,2
roundtrip,2
cocountability,2
roubles,2
elementscontents,2
keg,2
restatement,2
themenumerable,2
lii,2
mfe,2
perish,2
unfixed,2
frets,2
rme,2
welling,2
universeso,2
legged,2
72ff,2
makowski,2
skit,2
contradictive,2
sbuilder,2
deformable,2
pseudomonas,2
rc,2
returningcontents,2
assesses,2
spoiler,2
whata,2
erler,2
sources,2
lemming,2
falling,2
weaknessesi,2
taxonomy,2
stringent,2
behemoth,2
luggage,2
argumentative,2
bigleft,2
orem,2
conversational,2
2018,2
leopard,2
bpp,2
frightened,2
itab,2
dateline,2
mortal,2
aah,2
thereare,2
conversts,2
oppress,2
irreverses,2
submits,2
monotheistic,2
mails,2
ej,2
irredeemable,2
strap,2
wmc,2
reformal,2
deformities,2
twine,2
nears,2
casting,2
bloodshot,2
polish,2
walks,2
simulations,2
bigpi,2
disjets,2
headings,2
iabc,2
slices,2
parallelisms,2
trickles,2
heeding,2
uncidable,2
millard,2
signifying,2
amusement,2
weier,2
heredity,2
enhanced,2
1976,2
tions,2
chattering,2
derivate,2
monoid,2
chock,2
tics,2
mahano,2
revivals,2
gfas,2
justifies,2
simson,2
schopen,2
bdk,2
frictions,2
untold,2
corrections,2
meiers,2
shapeless,2
cbna,2
abelians,2
bitches,2
eeo,2
atta,2
distinguishible,2
bosonic,2
hade,2
pooled,2
timescale,2
inorder,2
lindeland,2
steppes,2
sapphire,2
provo,2
proofing,2
quadrature,2
cylinder,2
rewrites,2
awards,2
iest,2
13s,2
keine,2
usecases,2
nude,2
reorganize,2
familys,2
sobers,2
mixtures,2
trie,2
tset,2
beets,2
theoreticians,2
unfollow,2
jai,2
pkm,2
rail,2
translate,2
alpha,2
imageset,2
sheal,2
posting,2
respectability,2
subgeometric,2
verywell,2
ivories,2
divergent,2
rigor,2
superlative,2
intuitiveness,2
robustness,2
knights,2
sawing,2
hospitality,2
abilities,2
rooster,2
yzy,2
liebe,2
noncommutative,2
rect,2
entwined,2
accommodative,2
resilient,2
peeters,2
sche,2
jagannaths,2
mahout,2
wilson,2
monot,2
althe,2
cardioms,2
colloquial,2
sola,2
countablecontents,2
eternity,2
pcd,2
principii,2
provid,2
inflectible,2
elephant,2
peony,2
1970s,2
endangering,2
ultimetric,2
vdh,2
pigeonholes,2
wendell,2
kantucket,2
intensifiers,2
took,2
250,2
brag,2
decoupling,2
normrametric,2
abyssals,2
improvements,2
topomorphisms,2
correl,2
semimajor,2
unite,2
branchs,2
seminorms,2
edg,2
underaken,2
recur,2
setivened,2
blacks,2
distinctities,2
acorn,2
weeded,2
pseudometrically,2
vdf,2
2z,2
universeessay,2
morel,2
tamarinde,2
stratigraphically,2
paralle,2
ovals,2
cher,2
rifling,2
oraken,2
tail,2
afm,2
prototyped,2
tamaras,2
label,2
peaceably,2
meditative,2
singularity,2
bylaws,2
brings,2
mklm,2
bernaysal,2
sass,2
cst,2
amino,2
pragma,2
aquinasian,2
immensity,2
insteadilon,2
hx,2
biased,2
mystically,2
abadbc,2
platonically,2
codependent,2
dfrac,2
therea,2
subsetality,2
ansings,2
surreptitious,2
sill,2
nuit,2
approxi,2
tyke,2
subconstructed,2
outgroup,2
inzy,2
howl,2
bmp,2
propos,2
worldbuilding,2
functionalization,2
transitively,2
yanked,2
snake,2
iiii,2
blah,2
thick,2
tensive,2
equalizations,2
mahlers,2
superspace,2
journal,2
mathematicia,2
clivened,2
frai,2
unmapped,2
alchemys,2
reinterpretation,2
inconsequential,2
lid,2
abu,2
axiomatively,2
ical,2
exponents,2
isa,2
tanier,2
php,2
maximisation,2
hammings,2
sklearn,2
pseudoorder,2
taxes,2
artesian,2
nov,2
psa,2
1139,2
nows,2
reformul,2
circumstantial,2
statesman,2
unearthing,2
allowski,2
44,2
ifivened,2
metamatization,2
codability,2
righty,2
adage,2
daylight,2
solar,2
nonaggression,2
thereo,2
nearness,2
questionaire,2
amadeus,2
zariskif,2
pluralist,2
blessings,2
bell,2
definitivity,2
whitehall,2
instrumentation,2
cantor89,2
lying,2
packing,2
smallcard,2
pains,2
subtheorem,2
coworkers,2
de2,2
monomial,2
transparency,2
aus,2
capitalizing,2
sugar,2
zenos,2
preparing,2
rearranged,2
loses,2
abandon,2
encore,2
sciences,2
extractors,2
loomed,2
compactor,2
helmet,2
dpi,2
quadrangle,2
transformibility,2
dignity,2
underpinnings,2
quien,2
opus,2
oclock,2
keyed,2
fount,2
rotated,2
trickery,2
vigo,2
reflexification,2
bf1,2
theycontents,2
rewarp,2
urge,2
derivatively,2
orderso,2
aek,2
figuration,2
dampened,2
kornel,2
ists,2
utopian,2
phylogenetic,2
copp,2
converses,2
breakthrough,2
comparisons,2
modernized,2
pastimes,2
proff,2
voting,2
barefooted,2
coma,2
erdermann,2
algorithmas,2
undirectable,2
correctness,2
falloff,2
automaton,2
duple,2
hieronymous,2
amyloid,2
pointy,2
roundmy,2
semimetries,2
countingdowns,2
los,2
constitutional,2
eton,2
ditched,2
3m,2
granny,2
defiance,2
bigornet,2
lands,2
rie,2
gras,2
enchantresses,2
cdr,2
dg,2
rales,2
concurrate,2
xed,2
coursonic,2
beautifully,2
autobox,2
pockets,2
iom,2
heartsness,2
nuclei,2
naturalizability,2
specify,2
equatable,2
syllables,2
2right,2
pointaken,2
paradigm,2
leedigung,2
analysiswhen,2
ridiculed,2
cardin,2
broadening,2
connective,2
efficiently,2
embraced,2
lowerology,2
similitude,2
2013,2
polyhed,2
gramsci,2
corps,2
isidore,2
morphic,2
preorderable,2
subtlety,2
bdcontents,2
pean,2
bookings,2
pecked,2
outed,2
rediscover,2
crawling,2
resets,2
interlocking,2
nullifies,2
bigmap,2
multiplier,2
hotelier,2
legalese,2
assault,2
option,2
failsafe,2
precursors,2
pickpockets,2
trainable,2
overwhelmed,2
seismic,2
gcm,2
reanalyze,2
zdf,2
proofsince,2
father,2
bigcl,2
denseness,2
woodruff,2
footpath,2
nos,2
enron,2
hasometry,2
bigquad,2
disturbing,2
dev,2
forum,2
cpy,2
spanned,2
tale,2
sed,2
bible,2
taboo,2
malignancy,2
karma,2
dammit,2
zephyr,2
bss,2
upward,2
library,2
recipe,2
reward,2
harvest,2
timeliness,2
sexuality,2
guilt,2
blast,2
publicly,2
attainment,2
precipitate,2
trending,2
peaked,2
paint,2
feed,2
ecclesiastical,2
diversions,2
reverence,2
tempo,2
rhythm,2
vibration,2
liturgical,2
setup,2
emerald,2
pedantic,2
filial,2
redo,2
rewarded,2
soundtrack,2
breathtaking,2
mutations,2
channels,2
trash,2
script,2
tumblr,2
tracer,2
parasite,2
leaked,2
mystical,2
rehearsal,2
reporting,2
resolver,2
reinforces,2
exited,2
consult,2
dominance,2
understands,2
preserver,2
monitoring,2
recreates,2
ethereal,2
synapse,2
predators,2
decryption,2
digression,2
prioritizes,2
vote,2
browser,2
amplitudes,2
compile,2
ecclesiastic,2
sacrificial,2
ped,2
doctoral,2
apotheosis,2
ectoplasm,2
cyber,2
reconstructing,2
wielded,2
curriculum,2
electricity,2
formalist,2
insights,2
vandalism,2
cracked,2
bubbling,2
confirming,2
laurel,2
bonami,2
trafficking,2
extraction,2
destructor,2
mythological,2
increases,2
triad,2
brick,2
whispers,2
unknowingly,2
attuning,2
needing,2
battlefield,2
territory,2
cryptographic,2
magical,2
arbitrage,2
subculture,2
synergy,2
tonic,2
stimulus,2
synaptic,2
exposes,2
attachment,2
reductionist,2
funeral,2
tunnel,2
treacly,2
shadow,2
flying,2
eliminates,2
ensconced,2
psyches,2
dylan,2
frameworks,2
brand,2
fatalism,2
blade,2
tomothy,2
pedantically,2
charter,2
hijack,2
offering,2
sustaining,2
autonomy,2
sophisticated,2
consumed,2
pragmatic,2
synced,2
conceptual,2
fused,2
humor,2
geographic,2
implication,2
expectancy,2
hitting,2
vibrations,2
strengthens,2
hilltop,2
improvisation,2
oblivious,2
ew,2
ops,2
alias,2
lyrical,2
unsearchable,2
ashes,2
tonal,2
invokes,2
vortex,2
delivers,2
decomposes,2
macromolecules,2
consumption,2
ethics,2
cached,2
ziggurat,2
macabre,2
modulate,2
erotic,2
lifted,2
resides,2
adult,2
awakening,2
reverb,2
hash,2
hybris,2
1999,2
kamikaze,2
traceability,2
mirage,2
retaliation,2
delegation,2
soup,2
multiplayer,2
pilgrims,2
moderated,2
coco,2
tells,2
hops,2
priests,2
deposition,2
psychedelic,2
intermediaries,2
hyperlink,2
alphanumeric,2
efficiency,2
nickname,2
muted,2
intent,2
incision,2
mesh,2
psy,2
ansible,2
andso,2
alge,2
compactest,2
narrowly,2
damas,2
feather,2
marsh,2
ide,2
ost,2
url,2
0so,2
cb1,2
baq,2
abecontents,2
alexanders,2
illustrious,2
spr,2
correspondingto,2
erlangenkommando,2
downloaded,2
departure,2
networking,2
crespo,2
fahr,2
compactity,2
ridta,2
paces,2
axisomatic,2
1111,2
couldst,2
leet,2
1920s,2
combed,2
tting,2
argumentation,2
hill,2
hahahahah,2
whenceiving,2
teaches,2
holocaust,2
minimalistic,2
languidly,2
subseeds,2
innermost,2
schoolboy,2
regardaken,2
hugger,2
birthrighteously,2
realises,2
subsenames,2
elementcontents,2
axial,2
braced,2
finiteset,2
sow,2
kaggles,2
unpublished,2
dwelling,2
topositions,2
debau,2
metricability,2
anodyne,2
inundate,2
definedcontents,2
intuitiveize,2
chiseled,2
heavilyon,2
elsewherecontents,2
nonquasi,2
spacer,2
compactable,2
nonces,2
pascals,2
bosels,2
ihop,2
urning,2
7k,2
deontology,2
beast,2
heavya,2
oeis,2
pqs,2
thingsright,2
vita,2
bigcor,2
purposes,2
schem,2
sincee,2
bauschitz,2
weinersberg,2
propertieset,2
damnably,2
duesse,2
yethin,2
axiomium,2
bivened,2
underplaying,2
doin,2
insane,2
19000,2
1848,2
agch,2
couldt,2
urysohn,2
overhyped,2
tyrannosaurs,2
aesop,2
dgb,2
orderscontents,2
containingcontents,2
instrumentality,2
chemnitz,2
wereaken,2
indexedness,2
kneeling,2
readers,2
r4,2
subadditions,2
infest,2
chested,2
fraenke,2
sooo,2
edit1,2
foots,2
pointsaken,2
dayadhvi,2
ballot,2
footthatmy,2
cdh,2
nfs,2
alma,2
arch,2
dings,2
remainingcontents,2
exponentate,2
onlycontents,2
goodstein,2
tof,2
radicalized,2
multipleset,2
dcontents,2
unix,2
grinding,2
formulaic,2
ified,2
mysticisms,2
aco,2
manwitha,2
anothers,2
opolds,2
asap,2
abc1,2
steel,2
plated,2
nfk,2
moreso,2
timesezy,2
subsetting,2
suffodes,2
cbe,2
feathers,2
europes,2
sheh,2
bathroom,2
haveakened,2
ummmm,2
mistressanta,2
unionof,2
ximpossible,2
fours,2
trouve,2
neeros,2
innocence,2
hour,2
847,2
xlvii,2
footsc,2
vivened,2
onlythe,2
weaklings,2
unm,2
scramble,2
traveling,2
queens,2
flk,2
knop,2
bn,2
5d,2
bmi,2
eivened,2
ordersets,2
castles,2
haste,2
duckworth,2
axiomate,2
onesaken,2
wouldyou,2
blonde,2
db2,2
trip,2
defa,2
poweroftwo,2
ohhhhhhh,2
inductions,2
1940s,2
xc,2
noncontinuous,2
screamin,2
3c,2
rightly,2
definers,2
bastards,2
hammarskjold,2
myselfll,2
cylindrical,2
defed,2
membersaken,2
crackled,2
noometry,2
mythe,2
entirelyaken,2
grained,2
adgb,2
ndlichen,2
aest,2
weim,2
scrapes,2
topsy,2
simplicitys,2
dumbass,2
greenhouses,2
aaf,2
kas,2
youm,2
axiomatisation,2
xm,2
dabc,2
cosets,2
ami,2
bloody,2
subhood,2
halfway,2
alliable,2
binfty,2
fundamentalism,2
combinatoric,2
shink,2
skeptical,2
heinecker,2
ahahahah,2
headlong,2
coterie,2
byung,2
ylang,2
overcomplex,2
theor,2
contending,2
defeating,2
abad,2
pfi,2
plainscontents,2
cuticle,2
offlop,2
sheathed,2
transfixed,2
suchness,2
referrers,2
alephsaken,2
morell,2
1918,2
alexandrovski,2
geometrycontents,2
quadrilaterals,2
cutlass,2
nbx,2
mustered,2
spf,2
abject,2
blacker,2
essays,2
thema,2
unambiguously,2
metamith,2
corresponded,2
finder,2
heytinger,2
shalt,2
3f,2
kramnick,2
seq,2
solvable,2
literalization,2
aii,2
unioning,2
aris,2
incapableof,2
mutes,2
abcc,2
fans,2
largeraken,2
xxxvi,2
imagination,2
overstretched,2
shallower,2
speechless,2
ubc,2
todo,2
frightenedness,2
hues,2
kama,2
glossy,2
travellingaken,2
mahlo,2
bd1,2
boz,2
artistry,2
poinc,2
1r,2
selectably,2
frequentcontents,2
weakerly,2
unlock,2
751,2
pearls,2
manute,2
compositionally,2
infs,2
2222,2
tendenciesaken,2
perversion,2
infinityality,2
dare,2
639,2
delians,2
4pi,2
roc,2
logarithmata,2
proveability,2
frat,2
ofmemories,2
himto,2
goin,2
xviii,2
deny,2
pdq,2
dealingwith,2
abdf,2
motives,2
ownright,2
multiv,2
stuart,2
breathe,2
hochberg,2
haa,2
mock,2
theys,2
r0,2
elapse,2
denominational,2
leopolds,2
noncesence,2
definetive,2
didzy,2
mekel,2
theoretician,2
rn2,2
fullness,2
exposition,2
weighing,2
akh,2
wasser,2
cheese,2
ascii,2
meerlangen,2
735,2
mq,2
barnacle,2
qualitatively,2
rummel,2
paz,2
duplicated,2
formulator,2
ramesh,2
bananas,2
nosedive,2
hyphenate,2
courtiers,2
mathically,2
blown,2
beenhin,2
fde,2
opstein,2
impractical,2
wei,2
eyesthat,2
gt,2
andcontents,2
complemental,2
reasonableness,2
leon,2
ofag,2
earshot,2
pt,2
relativist,2
walked,2
swifts,2
capableof,2
emy,2
meekly,2
sop,2
inff,2
lhs,2
circumferencethe,2
theoretians,2
dano,2
preprepared,2
infinityal,2
hieronymus,2
coders,2
creed,2
x0,2
bypassing,2
modelck,2
whore,2
obama,2
argumentations,2
op1,2
inversions,2
5c,2
alp,2
uncomfortable,2
mkf,2
germain,2
axiome,2
prerogative,2
destruct,2
kriz,2
equalize,2
wheelchair,2
inmath,2
standpoint,2
drivers,2
inflicted,2
preconditions,2
zest,2
preuss,2
meing,2
kausdorff,2
shopping,2
clings,2
aam,2
uninfinite,2
kidding,2
againezy,2
unfathomable,2
metau,2
suchivened,2
proofscontents,2
algonquin,2
ismy,2
toontown,2
sits,2
alsocontents,2
domaincontents,2
proviso,2
rungs,2
algebraed,2
redox,2
limitability,2
workscontents,2
smyth,2
twin,2
0ivened,2
prestandard,2
classesets,2
dax,2
respectable,2
ofzy,2
superfluity,2
narrower,2
stoneice,2
sweeten,2
foetus,2
mt,2
onetoned,2
bay,2
milner,2
soviii,2
powersend,2
1939,2
overand,2
anaken,2
notational,2
ents,2
keros,2
allll,2
sumcontents,2
unpossible,2
assembled,2
existsin,2
reverses,2
grothe,2
michelson,2
substance,2
nonconstructive,2
tortured,2
researchers,2
yesterdays,2
rfeq,2
negativism,2
sis,2
rul,2
meanderings,2
pow,2
maj,2
madd,2
referredright,2
infinitelymany,2
germanic,2
itzy,2
amidsta,2
enoch,2
haggard,2
disjoints,2
notating,2
popularly,2
polyn,2
flees,2
mart,2
irref,2
kole,2
ians,2
endings,2
touchingthe,2
propounded,2
bef,2
neumark,2
characteristically,2
chocolates,2
zinc,2
cbfc,2
bright,2
flattening,2
nere,2
afoul,2
dons,2
va,2
tate,2
superpower,2
mainlycontents,2
geheim,2
counsel,2
tractability,2
recorder,2
hurts,2
aqu,2
songs,2
despise,2
rice,2
ctrl,2
solomons,2
analogously,2
massac,2
declines,2
ireland,2
chd,2
cigarettes,2
wellfounded,2
commenced,2
bins,2
whilst,2
allocates,2
peale,2
aground,2
equalizing,2
builtfrom,2
followup,2
sines,2
routinely,2
sd,2
formant,2
pretends,2
cruel,2
landmark,2
axisoms,2
theorem2,2
praying,2
motivs,2
tn,2
cpf,2
willzy,2
eu,2
slimming,2
jag,2
expressivity,2
considerable,2
wonders,2
hn,2
cns,2
container,2
nas,2
signatures,2
pcm,2
nonrecursive,2
nfq,2
fea,2
kolmogs,2
1997,2
cy,2
film,2
booleangebra,2
sonata,2
strongcontents,2
queues,2
eel,2
murdoch,2
chasing,2
toc,2
lore,2
8cf,2
yahoo,2
profil,2
daemon,2
fission,2
noodles,2
incapableaken,2
adq,2
bean,2
ofga,2
subn,2
damnable,2
algebraisms,2
multivariable,2
param,2
sincethe,2
920,2
accomplice,2
trisectors,2
proto,2
ate,2
job,2
ccd,2
subcluster,2
sashes,2
grain,2
arrest,2
multiseted,2
jackson,2
ym,2
supposedly,2
paragraphs,2
infinitesim,2
1818,2
stepp,2
rams,2
conve,2
groupscontents,2
nonoverlapping,2
67,2
kantates,2
4zy,2
borne,2
travelers,2
acupuncture,2
profund,2
cures,2
incremental,2
tan2,2
ged,2
nicely,2
boutique,2
iridescent,2
hellhole,2
7f,2
quasimax,2
propagate,2
akm,2
bip,2
meanwhile,2
sbb,2
unresolved,2
fallow,2
1982,2
definem,2
receiver,2
brennan,2
gk,2
idx,2
havingaken,2
frail,2
thereon,2
backspace,2
kering,2
march,2
stepson,2
negotiable,2
odb,2
tues,2
becauseaken,2
quel,2
gottlieb,2
toothpits,2
axing,2
calf,2
haskell,2
pipes,2
rou,2
snack,2
silver,2
meds,2
engagein,2
segmentaken,2
monastery,2
ifit,2
mig,2
gnom,2
thenc,2
rosin,2
moaning,2
theater,2
roper,2
oscillates,2
gad,2
numerators,2
thereis,2
antoine,2
payoff,2
punctures,2
374,2
warn,2
hpd,2
capping,2
texting,2
dreamers,2
fucks,2
isned,2
corollaries,2
comedy,2
bee,2
enjoyment,2
experimenting,2
travellers,2
pestilent,2
fingersthright,2
om,2
4contents,2
bitten,2
graced,2
annotations,2
puppets,2
fricking,2
trisects,2
ised,2
ct,2
rarski,2
bda,2
meered,2
wich,2
centurys,2
excuses,2
edel,2
wass,2
pirate,2
rechristian,2
peasantry,2
octave,2
cognition,2
mathmatical,2
snowboarding,2
infrared,2
pie,2
maggio,2
itian,2
paulson,2
operationsaken,2
sheets,2
acquainted,2
axs,2
cfaken,2
thom,2
throw,2
prehistoric,2
simony,2
wedge,2
aux,2
sensation,2
thoroughly,2
repaired,2
gut,2
supernovas,2
cores,2
oscars,2
eef,2
antique,2
countess,2
kolmog,2
repe,2
muscled,2
finale,2
ifcontents,2
sweeps,2
dpa,2
debase,2
rlp,2
lw,2
repression,2
acpi,2
distribut,2
pist,2
linolem,2
brot,2
sorel,2
suffered,2
weise,2
lebr,2
semic,2
geology,2
practise,2
gaillard,2
pens,2
cru,2
lejeune,2
123,2
cet,2
rum,2
reported,2
1947,2
quitting,2
soni,2
hastens,2
oha,2
cso,2
s4,2
keener,2
saxon,2
continental,2
areus,2
designs,2
ferry,2
chy,2
farm,2
deserving,2
incrementals,2
uncannily,2
smith,2
vampire,2
syllogism,2
nowthe,2
tef,2
eulerian,2
cipher,2
obscurity,2
hysterical,2
infraction,2
noun,2
deforms,2
disjunct,2
crutch,2
fifths,2
dts,2
attoi,2
unsuspected,2
aroundaken,2
urban,2
items,2
desk,2
caller,2
continents,2
1840,2
88,2
scrambling,2
cutsie,2
ulates,2
labyrinth,2
byits,2
subtotal,2
attendants,2
alek,2
corcoran,2
characterizations,2
conj,2
loophole,2
sw,2
indication,2
goblin,2
paradoxal,2
flipped,2
imperfectly,2
pce,2
dmy,2
cdk,2
conject,2
beck,2
fallibility,2
distributions,2
liam,2
pioneered,2
sheer,2
theologians,2
woke,2
coff,2
spree,2
nivening,2
unveil,2
clas,2
conspiracy,2
lba,2
weal,2
cantoraken,2
amore,2
eventhough,2
honey,2
ot,2
aefc,2
british,2
miz,2
tm,2
morphically,2
awoke,2
revealing,2
stochastic,2
porel,2
2078,2
enw,2
reverberate,2
clobber,2
grothendiecks,2
xt,2
pendulumthe,2
allocations,2
shuld,2
fm,2
tangency,2
jak,2
cutich,2
althoughaken,2
forn,2
infiniteif,2
daus,2
hungersare,2
suprema,2
thoughtlessly,2
extremity,2
passante,2
possession,2
painters,2
qx,2
branching,2
hiccup,2
perfectionistic,2
archetype,2
unequivalently,2
archery,2
prompt,2
pissed,2
subsetification,2
greaterthan,2
insignificant,2
francis,2
pimple,2
finity,2
sre,2
celebrated,2
galilean,2
jackasses,2
gnomes,2
handwriting,2
writ,2
alliance,2
nm,2
honestly,2
replacements,2
chinese,2
dch,2
shih,2
repeatable,2
disj,2
nectar,2
cred,2
biomatic,2
cp2,2
zodiac,2
wander,2
111,2
skid,2
proveings,2
peuple,2
toposets,2
euclideaning,2
clunky,2
clements,2
propertiesed,2
cabal,2
1778,2
cool,2
retained,2
drink,2
req,2
diminishing,2
loin,2
axian,2
magnet,2
symmetrical,2
morain,2
warts,2
idam,2
bys,2
arguably,2
countingably,2
ore,2
gromovski,2
commentators,2
allegorical,2
innocent,2
samadhi,2
vapor,2
specialisation,2
whoops,2
september,2
perfecture,2
existences,2
lmfao,2
hurt,2
goff,2
loading,2
scenes,2
potency,2
1v1,2
tien,2
masket,2
bcb,2
heavis,2
grandfather,2
shuff,2
playfulness,2
adbg,2
215,2
axiomatised,2
unyielding,2
claus,2
wakened,2
xray,2
definete,2
legibles,2
smh,2
herewith,2
alight,2
casc,2
insteadaken,2
spout,2
1349,2
peeling,2
treat,2
arith,2
catechet,2
rouges,2
evencontents,2
ofelia,2
workarisk,2
diminutive,2
pseudoses,2
disguised,2
char,2
ca0,2
wireless,2
revive,2
remnant,2
projectivism,2
thataken,2
stabilizing,2
songless,2
sculpture,2
orig,2
edits,2
incont,2
bastian,2
telescope,2
mpr,2
discursive,2
compositionality,2
ufo,2
mao,2
triangulate,2
unreasonable,2
rot,2
flurry,2
subversives,2
smiles,2
inevitability,2
fahrenheit,2
mapcontents,2
ontogenetics,2
identifiable,2
rey,2
teeny,2
reddit,2
combinatorially,2
pops,2
flowers,2
buren,2
completenesss,2
combinatorio,2
terrorist,2
chai,2
suggestive,2
cows,2
friendlier,2
memes,2
assemblies,2
permalink,2
simulated,2
imitates,2
metaset,2
100m,2
incommens,2
hypern,2
preforming,2
potentialities,2
yound,2
supremia,2
metzel,2
dingers,2
1797,2
distilled,2
limbed,2
fragmentary,2
donate,2
projectivity,2
nacl,2
xxviii,2
atright,2
lai,2
subhead,2
weeps,2
leveling,2
w1,2
613,2
gaggle,2
dmg,2
currie,2
brom,2
rudimentary,2
marathons,2
hkf,2
turing,2
setaken,2
kaus,2
asset,2
stm,2
adjoined,2
sov,2
saab,2
sire,2
subreal,2
quasim,2
scurrying,2
tilting,2
cheech,2
focontents,2
identifies,2
outnumber,2
bracing,2
didnot,2
cae,2
evenness,2
lingu,2
caes,2
embedcontents,2
011,2
uni,2
aragonia,2
allal,2
obe,2
mania,2
gruyter,2
woodley,2
gladwell,2
wasteful,2
governed,2
billions,2
racism,2
attics,2
preclosed,2
multisort,2
expressible,2
designating,2
landline,2
skill,2
grandiose,2
egg,2
8k,2
needless,2
bof,2
pebb,2
newton,2
slop,2
bigcheck,2
tychonoffs,2
40s,2
capacity,2
respecting,2
pips,2
daves,2
mazes,2
loosing,2
chia,2
ili,2
mower,2
jokers,2
altered,2
1717,2
codets,2
gue,2
tyre,2
onright,2
2ef,2
vos,2
intemper,2
raoul,2
initialization,2
hinged,2
hadamard,2
kav,2
zariskas,2
dausdorff,2
infos,2
iterates,2
phishing,2
iliad,2
binright,2
xism,2
limps,2
subprov,2
hardc,2
pope,2
juice,2
kung,2
93,2
flano,2
britannica,2
equative,2
ela,2
fieldscontents,2
lolita,2
takingaken,2
findall,2
animal,2
uch,2
naiveaken,2
intrinses,2
incrementer,2
repeatability,2
gaining,2
metrication,2
godot,2
bigt,2
copen,2
deco,2
lam,2
kerber,2
gray,2
puncture,2
credit,2
manyable,2
compose,2
handed,2
magnumetric,2
permissive,2
qcd,2
ouster,2
patek,2
goodale,2
fanconi,2
geometriz,2
billionaire,2
kuler,2
henkel,2
fishbowl,2
wok,2
bldc,2
transpose,2
susumu,2
attitudes,2
mustaken,2
fraeningrad,2
inferible,2
moreau,2
jacked,2
negata,2
jake,2
kicking,2
datatypes,2
ifars,2
aural,2
nfc,2
heaviside,2
kurtz,2
downorder,2
combinatorium,2
augustines,2
quantizes,2
expressiveness,2
naively,2
upset,2
makai,2
30m,2
snuck,2
realism,2
arithmetician,2
tanzy,2
fricke,2
ay,2
idiomatizations,2
sous,2
10x,2
setm,2
fitting,2
piper,2
shits,2
beards,2
diagramming,2
ld,2
97,2
gz,2
naturality,2
infiniteso,2
ughhhhhh,2
of2,2
supposing,2
ambi,2
limitset,2
functorial,2
erhardung,2
goo,2
denotative,2
precedence,2
saud,2
erasmus,2
franco,2
overloaded,2
els,2
unorderable,2
keras,2
tiling,2
manual,2
swaps,2
accesses,2
bigre,2
ascribed,2
arsonic,2
subsume,2
transformivened,2
netscontents,2
fashioned,2
obliquely,2
mustel,2
engineer,2
isbecause,2
exponentating,2
alim,2
squeeze,2
rucks,2
derivatized,2
myso,2
motivative,2
superscalar,2
ffc,2
incontinence,2
severely,2
hassle,2
mergers,2
commingian,2
jeans,2
0h,2
equiline,2
monomorphism,2
tromboli,2
linearity,2
forts,2
unbeknown,2
newtons,2
struggling,2
1320,2
undercount,2
catechetically,2
infinitelyfar,2
heap,2
immobility,2
outmy,2
liberal,2
providence,2
brimming,2
busy,2
pseudopen,2
asso,2
ultrafast,2
reliant,2
checkpoints,2
smythe,2
lemmas,2
imprecisely,2
fragrant,2
equinumerously,2
xxxiv,2
regularizes,2
palaces,2
reflective,2
coe,2
548,2
quack,2
ier,2
ignorant,2
beauteously,2
assortative,2
conjunction,2
allzy,2
heading,2
alg,2
valuable,2
mics,2
melancholic,2
labelled,2
refutes,2
lamentless,2
philosophycontents,2
newline,2
sobole,2
chimes,2
writesright,2
afa,2
endures,2
disentangling,2
considerations,2
beaucoup,2
dip,2
problem1,2
heists,2
productions,2
asthe,2
bodies,2
gele,2
incontestable,2
sobel,2
universalize,2
kalmans,2
broderick,2
rew,2
clusters,2
amuse,2
wasint,2
9m,2
dbd,2
bowing,2
runn,2
skydiving,2
alice,2
laden,2
md,2
backtracking,2
878,2
trample,2
repugnant,2
buyer,2
withdraw,2
jaw,2
1981,2
pareto,2
inframs,2
bv,2
restated,2
joyce,2
spots,2
abrogation,2
maddening,2
hieronymodave,2
jcb,2
mahometian,2
secants,2
fulness,2
immunity,2
limbert,2
intelligible,2
itselfaken,2
kool,2
blx,2
definations,2
enunciating,2
sidesaken,2
monotonic,2
chebysh,2
hearing,2
qualitative,2
nonviolence,2
toright,2
350,2
slugs,2
woodrow,2
tradition,2
microchips,2
theoremwhen,2
understable,2
collage,2
psychosis,2
mores,2
failover,2
abdication,2
deniable,2
faraday,2
integrations,2
countiom,2
divisor,2
lr,2
hairpins,2
concomitantly,2
rbc,2
forevery,2
wishes,2
acr,2
overwrite,2
graphic,2
mosquitoes,2
dynamical,2
readings,2
patterning,2
rechecking,2
normalization,2
distributable,2
supercollections,2
dualism,2
conditionals,2
castration,2
standardizing,2
congruential,2
trustable,2
morphometric,2
engines,2
woodin,2
isf,2
ora,2
classrooms,2
tamarakened,2
pcre,2
beds,2
soames,2
freebies,2
additionals,2
hasorial,2
preformation,2
carving,2
innervation,2
harmlessly,2
394,2
metronomy,2
bigsection,2
reformulates,2
ued,2
medias,2
3xx,2
wmp,2
myin,2
skull,2
disjacent,2
equalizer,2
sore,2
upending,2
fiends,2
likeard,2
definet,2
debatable,2
bae,2
hea,2
analogies,2
slides,2
elementality,2
staves,2
foucault,2
kantll,2
swings,2
poetics,2
hubert,2
upcoming,2
rolled,2
deficiency,2
clemency,2
galileos,2
hv,2
grains,2
leeroy,2
localized,2
tiresian,2
definate,2
reboot,2
multidirectional,2
defect,2
keystrokes,2
foaming,2
bullet,2
pallidness,2
fruitless,2
amending,2
equioms,2
twoably,2
beforein,2
leu,2
cleanly,2
regret,2
forwards,2
heartbreak,2
turbulence,2
547,2
12k,2
parano,2
kernal,2
hypotenuses,2
isometries,2
arrowhead,2
pigeonhole,2
lhc,2
undivided,2
shocked,2
commensurable,2
amazon,2
sieve,2
overhead,2
forbes,2
ams,2
problemsed,2
bigh,2
knuckle,2
remainthe,2
mcg,2
volumetric,2
snapshot,2
inal,2
lecht,2
china,2
infilling,2
49,2
naturalistically,2
brueck,2
geometrizability,2
rousseau,2
decomposed,2
longitudinally,2
wishful,2
monists,2
singles,2
accessibly,2
database,2
ritually,2
infinitesimetric,2
colds,2
lapse,2
conveys,2
undercard,2
distancesince,2
plume,2
vacuums,2
sphin,2
usedin,2
shortening,2
misshapen,2
bigfl,2
gripe,2
familiarizes,2
desiring,2
mugging,2
addison,2
verses,2
ish,2
freaked,2
meat,2
cocountably,2
schumann,2
nevermind,2
tycho,2
handkerchiefs,2
annexed,2
endnote,2
subsetti,2
sincer,2
cycl,2
revised,2
roars,2
adn,2
fingersbones,2
optimistic,2
braggarts,2
krishnamurti,2
spore,2
ofdm,2
computably,2
homologically,2
partitioncontents,2
neighbours,2
sticking,2
subsending,2
defe,2
congru,2
distributible,2
dr,2
contravariance,2
seize,2
grund,2
subsumption,2
ddl,2
directives,2
henric,2
obits,2
sema,2
rethought,2
subsumed,2
partitionwise,2
challenging,2
codon,2
fata,2
redoubled,2
sacrificed,2
fullright,2
tobe,2
quizzes,2
originates,2
percolates,2
frustration,2
blocking,2
eff,2
correlated,2
creator,2
birthto,2
organics,2
grateful,2
babel,2
bla,2
spooky,2
koi,2
wetting,2
alec,2
vereinigung,2
coping,2
coords,2
stringify,2
subtheory,2
mastercard,2
wth,2
formated,2
bif,2
thiszy,2
combing,2
disable,2
bate,2
lecf,2
upping,2
worm,2
codomatic,2
definctive,2
merle,2
geometrizations,2
volition,2
bes,2
trunks,2
setsets,2
lookahead,2
nepotism,2
circularity,2
erv,2
fortescue,2
bishops,2
cyclomatic,2
restorecontents,2
fasciently,2
uas,2
opossum,2
voted,2
backfire,2
donepezium,2
heartsened,2
p3,2
hierarchys,2
followbys,2
compaction,2
sf,2
acceptible,2
tyndale,2
incongruent,2
semiper,2
patches,2
negated,2
iterated,2
knotz,2
remembers,2
strongest,2
ws,2
rcb,2
zing,2
copernicus,2
college,2
surjecting,2
fibre,2
bernaysons,2
ledgers,2
nzy,2
p4,2
lexicons,2
intuited,2
obeyed,2
y1,2
bps,2
cel,2
organizations,2
tietzes,2
lengthsaken,2
heavier,2
severs,2
bilinear,2
gausss,2
sider,2
siding,2
pkg,2
filtered,2
silenced,2
contributing,2
scripture,2
honesty,2
promotion,2
hero,2
apologetic,2
solitude,2
stasis,2
documents,2
critic,2
healers,2
spiritually,2
pickup,2
popup,2
responds,2
pipe,2
cpu,2
capitalism,2
biodiversity,2
reclaim,2
keywords,2
maker,2
promised,2
synthesize,2
priory,2
processed,2
phenomenology,2
ritualistic,2
rebuilt,2
precedent,2
reconstructs,2
bury,2
sigil,2
pit,2
ironic,2
activates,2
propagates,2
celebration,2
torrent,2
decode,2
lexicon,2
renewal,2
ungrateful,2
gradient,2
profusion,2
sophia,2
colonization,2
almanac,2
calculated,2
orphans,2
extinguishes,2
tommy,2
contaminated,2
monitor,2
amplifies,2
relay,2
listeners,2
phoenix,2
flooding,2
engagement,2
murkiness,2
client,2
unstructured,2
poison,2
fascination,2
chemical,2
nanotech,2
servers,2
invoke,2
stalled,2
incomprehensible,2
attacker,2
archaeology,2
victimization,2
theorist,2
satisfaction,2
srf,2
acolyte,2
crude,2
competitive,2
texts,2
software,2
loli,2
reconnaissance,2
nodal,2
winnowing,2
stale,2
contempt,2
mega,2
recurrences,2
convert,2
protective,2
sparks,2
toxicity,2
bot,2
martyr,2
logica,2
prose,2
galactic,2
beautys,2
biblical,2
consume,2
propagandistic,2
toggle,2
visualized,2
sweetness,2
manifests,2
pedigreed,2
ux,2
navigated,2
judgment,2
atrocity,2
declined,2
meteorological,2
terrified,2
censure,2
cruelty,2
metastas,2
knocking,2
exam,2
professional,2
metastases,2
anime,2
organization,2
enthusiasm,2
unintended,2
filaments,2
logistics,2
scourge,2
landed,2
genome,2
genocide,2
breeds,2
canonicalization,2
corrective,2
supremology,2
glorious,2
regained,2
wreckage,2
craft,2
themes,2
purifying,2
cuss,2
200m,2
queue,2
humiliation,2
contradicts,2
abacias,2
reconfiguration,2
throne,2
suspension,2
gaming,2
qualities,2
novel,2
juxtaposed,2
coalescence,2
analytically,2
envy,2
dialogue,2
complaint,2
leaks,2
overlaps,2
document,2
abaci,2
ascendant,2
approximal,2
reconciliation,2
propagated,2
reconfigures,2
address,2
implant,2
discoveries,2
releasing,2
ranks,2
regex,2
shield,2
price,2
disruption,2
discomfort,2
owns,2
compromised,2
perceptual,2
modulation,2
accidentally,2
exclamation,2
ward,2
tombstones,2
searchers,2
unstoppable,2
generator,2
srk,2
encoding,2
reopened,2
communicating,2
adaptation,2
embodied,2
malfunction,2
bahhahaha,1
hazarwood,1
kleiner,1
ansgebiet,1
bdu,1
referredcontents,1
0020,1
philadelisda,1
acacia,1
underneath,1
numerouscontents,1
reske,1
undereookess,1
veryally,1
quoy4,1
ocoy,1
perond,1
organox,1
becc,1
lazarus,1
marction,1
workwe,1
marn,1
miceroso,1
itscontents,1
amityville,1
bc2s,1
corbusierimpossible,1
aeds,1
kindedison,1
orability,1
mediocrineal,1
betweeneperallyvery,1
ableed,1
underveryost,1
iove,1
inally,1
elkauff,1
belowset,1
foroy,1
howoy,1
ghim,1
oyperastde,1
ocable,1
oghold,1
ond4h,1
yessss,1
bkdfupdating,1
willowingnessiii,1
whe,1
aboundub,1
incesck,1
islamence,1
willapsdable,1
hally,1
lode,1
cesableast,1
howed,1
4host,1
lablekehich,1
6able,1
6ess,1
printout,1
gruent,1
caeptesis,1
telul,1
wallpapereye,1
midnightlgbtbuilderdev2002,1
disparateconclus,1
boutador,1
noticesubmitady,1
racks,1
slapping,1
boastingheart,1
mbbringer,1
linesdden,1
stingdifferent,1
yu,1
hausdorach,1
etti,1
litrievingicagoeteriacheat,1
subsidizedlgbtbuilder442,1
hugstaglgbt,1
feinbuildermods,1
disparateunrossebuilderrobin,1
miscellaneous,1
fitan,1
eyeingactuallyrobin,1
shroudkson,1
makenetti,1
stringedle,1
alzheimer,1
demonstrlements,1
byssango,1
spareadvertisements,1
pup,1
refresh,1
photographs,1
inventory,1
pad,1
sweat,1
exploringalg,1
nodded,1
sendsahoo,1
alexandrovskiis,1
varietycontents,1
1a,1
faggie,1
sinewave,1
brothendieck,1
mgb,1
yate,1
lolz,1
abcdefgh,1
cef,1
zentralagenau,1
photoediamonds,1
cocoon,1
rabbitins,1
riccx,1
psaloref,1
theivenet,1
ennoblesivity,1
bha,1
axiomet,1
ahhhhhah,1
slips,1
damyendung,1
gallants,1
datrice,1
reminiscentof,1
detat,1
peasants,1
truthfulness,1
videns,1
whirled,1
neednessfor,1
olye,1
havereditude,1
blacked,1
frauensamt,1
infosnschau,1
cban,1
divines,1
grown,1
theoreable,1
golding,1
briney,1
maggios,1
countingability,1
ialinked,1
chamois,1
chv,1
axihright,1
nevertoned,1
smallcontents,1
leur,1
axematics,1
meadic,1
myadorexiomatized,1
partedictically,1
nonemptyably,1
gbz,1
skopje,1
nestled,1
itrisia,1
viv,1
enchantress,1
heartbreaks,1
ndge,1
fasthere,1
entirelyto,1
heumes,1
igoing,1
bihalf,1
myloved,1
bizilier,1
numberso,1
6042,1
someometry,1
meetsungen,1
logicianium,1
doesobvious,1
nonstandardized,1
forage,1
accordthy,1
freckers,1
diefenstaedt,1
resultin,1
nostris,1
continuallyum,1
sobering,1
100contents,1
intersectingcontents,1
incensethat,1
onet,1
skiy,1
fraenkelheims,1
alexandrovskiy,1
2xcontents,1
polyhedronome,1
satisfyingaken,1
dopezias,1
worksomativity,1
aeons,1
lebensraum,1
hahhaha,1
beggarshed,1
agbgh,1
947,1
peanotzel,1
tussaud,1
bourgogne,1
secantimum,1
src,1
wage,1
disturage,1
genventrideamewaukeeists,1
eus,1
charconnectedemyageadesh,1
finier,1
advocacycm,1
sucking,1
bluce,1
feelers,1
beenaken,1
aleksygin,1
naceccks,1
deest,1
anim,1
disual,1
wreathe,1
sbck,1
spreadsso,1
kindof,1
segmentably,1
rainbow,1
whenass,1
are4,1
underwamp,1
uctionct,1
attok,1
promoters01,1
4am,1
doodles,1
openso,1
compassion0,1
separators,1
idonowhere,1
fingersthlimbsdf,1
himselfto,1
purityset,1
throughoutihk,1
skylake,1
fucktoy,1
fanshifts,1
nowlyw,1
shortens,1
chateausinite,1
studiedcontents,1
greatfor,1
kontrol,1
ad5,1
dangiomatic,1
abit,1
subsplots,1
zeromaniacs,1
rammatical,1
androuseau,1
factaken,1
2190,1
mabcd,1
bauches,1
bb2,1
overfiend,1
claymation,1
enfernts,1
dbf,1
humeanism,1
1688,1
explore,1
spoilers,1
banana,1
seasoninnumerable,1
makata,1
reexamples,1
barefootedness,1
hinder,1
mpset,1
knelt,1
weakmindedness,1
bizier,1
wantedto,1
jinks,1
riv,1
beenzy,1
ders,1
dreamsweater,1
baggins,1
amr,1
animality,1
agls,1
postition,1
preclassifying,1
immunetoeveryman,1
engageaken,1
areienge,1
apprehension,1
dect,1
dafe,1
majkan,1
remarking,1
pqcd,1
zhan,1
applauseably,1
holdable,1
adh,1
wrangling,1
saidoby,1
withinmy,1
maugeset,1
nawah,1
definetly,1
headbutts,1
painfully,1
anabolics,1
hahahahhexx,1
shapecontents,1
toedipanation,1
thoughtfulness,1
forbade,1
adg,1
fordham,1
borkowski,1
ahrimany,1
irrationalset,1
youndral,1
yamatriptone,1
leibovitz,1
tingen,1
makesce,1
5e3,1
skolemi,1
withc,1
yadh,1
eakened,1
ridiculousities,1
damian,1
algebrai,1
domini,1
leastinite,1
basketcase,1
iannis,1
eachman,1
sater,1
aute,1
lix,1
naturale,1
salt,1
onomatopsi,1
doned,1
wereiii,1
heavilyed,1
inmy,1
dawnset,1
doctors,1
pugs,1
bjm,1
beo,1
oq,1
selflim,1
cdl,1
gah,1
nips,1
majangbh,1
werernbeside,1
5o,1
sooooo,1
definateness,1
knell,1
afh,1
specificallyto,1
interchangeively,1
bede8,1
fbj,1
wroughtest,1
infisetzy,1
multigraphal,1
beened,1
daufen,1
rejectur,1
greatfarewell,1
socially,1
mightit,1
wouldt,1
tractacy,1
8000s,1
abdecontents,1
xml,1
footsuckled,1
elaborately,1
frothende,1
akened,1
respectto,1
agonyapostle,1
abcdfh,1
pq2,1
bcdf,1
fullwell,1
acb1,1
paremetti,1
defensorata,1
madamesos,1
monosyllab,1
sarcos,1
dugsan,1
mmfao,1
limitlessness,1
semisimilarity,1
boa2,1
consistsof,1
hazarded,1
2x5,1
cenets,1
watches,1
ughhh,1
itches,1
mavcd,1
istheo,1
fnb,1
gpa,1
flausaken,1
graphical,1
eba,1
mcm,1
algebraist,1
againran,1
bisectivened,1
extort,1
topologycontents,1
definibility,1
lettere,1
frauenzeugung,1
unterreckt,1
fermiendliche,1
1794,1
particulate,1
tling,1
ced,1
weirdo,1
stayeeeee,1
goodle,1
rune,1
20kms,1
bareo,1
watersickness,1
pba,1
skylars,1
xpak,1
kriznicki,1
didnivened,1
oooh,1
lololicious,1
curvaturecontents,1
tudes,1
crucifiedst,1
alwaysto,1
mkc,1
4891088,1
14503675,1
81774472757732951,1
9721063983,1
aragoni,1
homeareal,1
ofding,1
metamach,1
crawlies,1
bijecting,1
havocful,1
countabilizations,1
hardright,1
disquiet,1
lassitudey,1
listlessness,1
ariesen,1
akgs,1
rerumont,1
systemscontents,1
georgians,1
etcetera,1
miasma,1
grime,1
footsuckling,1
aop1,1
menial,1
upr,1
cushings,1
itcountability,1
hiii,1
oftessages,1
perpsilon,1
myadorexia,1
meierhard,1
mater,1
turkey,1
michels,1
undercontents,1
meerve,1
uncalleles,1
clairvoyantes,1
assailant,1
nonpreempty,1
fj,1
excellency,1
frettedmy,1
rightelements,1
achm,1
sizesets,1
feuer,1
emptyhanded,1
pertainsto,1
sills,1
apoch,1
amongodes,1
raucher,1
asto,1
shem,1
uryumas,1
636bc,1
447edb,1
meof,1
xlsiii,1
yyyyzy,1
cutieed,1
mehate,1
wmh,1
dao,1
approximateaken,1
877213721791,1
onzeletz,1
clove,1
amirobe,1
byaxes,1
kerdel,1
textural,1
baha,1
similarlyto,1
mayffaken,1
vitz,1
whistles,1
flutteredwithurided,1
delle,1
badcd,1
kantriporeffs,1
semicoiff,1
weptos,1
ecg,1
axihier,1
trouvement,1
withas,1
makeo,1
kamp,1
zornier,1
meeknesse,1
oarsen,1
outlinesch,1
variouscontents,1
aaaaaa,1
euphole,1
wffh,1
sparc,1
weakeness,1
subsemicuple,1
tantric,1
tozence,1
222a,1
mathandah,1
manyapes,1
gnariously,1
maf,1
nightina,1
klitz,1
partric,1
bizir,1
alefolds,1
ffcf,1
loitering,1
husband,1
seemomewhere,1
caircle,1
okays,1
frahe,1
andrics,1
harpify,1
fromability,1
allematic,1
maude,1
grapebo,1
afg,1
axiomatizationscontents,1
lifeform,1
istvan,1
aahhh,1
giggles,1
cab,1
ekkah,1
keypair,1
ahr,1
unassailable,1
jacket,1
marihuana,1
pcapita,1
coph,1
sinus,1
lacerations,1
debunks,1
subneted,1
nightinspire,1
downwardect,1
flour,1
cf3,1
demonstrably,1
mersenne,1
twister,1
tpsilon,1
onlywith,1
setomorphism,1
871,1
4001,1
birch,1
uleisen,1
schleiter,1
untotheogony,1
abelsteinitz,1
ahhhhhaha,1
sendai,1
gbf,1
skullscantor,1
bluescreen,1
1pa,1
2pb,1
idhave,1
listenbach,1
rdl,1
bcfd,1
igl,1
3am,1
disputants,1
krzanowski,1
thematique,1
feelzy,1
shockedness,1
garbed,1
broccoli,1
dedekhard,1
ivi,1
wittgensteinan,1
bearers,1
hausdorffenkommander,1
fenns,1
mfs,1
multilayered,1
fraedigke,1
nehm,1
aletheii,1
gavarnasset,1
ses,1
megalithic,1
mentaire,1
quip,1
doise,1
hadeard,1
entirety,1
youiiiii,1
numerologys,1
tussauds,1
beginto,1
sklearns,1
mescata,1
beaudelaires,1
rockefeller,1
isnaken,1
chow,1
amot,1
shiversings,1
distinctible,1
pointcontents,1
treehouses,1
bagb2,1
ofes,1
overgeneralize,1
cot,1
myselfthat,1
setrizability,1
offlauty,1
subconversian,1
dreyfuss,1
hausdorffianities,1
appar,1
willing,1
hardn,1
cardedekal,1
beurre,1
linvincibility,1
xoife,1
5s,1
oarseaded,1
yahhhhhhh,1
estimatum,1
themonal,1
bedf,1
waviezy,1
yeahhh,1
h1,1
metisches,1
fraeningkelauf,1
incremented,1
skys,1
gloves,1
heytinghaus,1
rinsing,1
maniosepholds,1
correspondent,1
9276825,1
incompatiblewith,1
stranges,1
eleons,1
chorded,1
theorizes,1
ifitwasso,1
strongin,1
fragilemy,1
majgb,1
tightened,1
subpooling,1
ibiomatic,1
squat,1
fermelberg,1
cahoots,1
amal,1
edt,1
weisb,1
proofsi,1
differentzy,1
washes,1
fixediable,1
notiable,1
innsbruh,1
nnivened,1
referredto,1
fraying,1
xgcf,1
adbcd,1
adbab,1
growths,1
paj,1
naturism,1
nightingale,1
hrdv,1
topospsies,1
kommunicke,1
mostaken,1
censors,1
tetric,1
precomparisons,1
trueo,1
sba,1
pde,1
accd,1
cgbcontents,1
971,1
tamarounded,1
intersectionals,1
skinning,1
oarsman,1
subtletives,1
vivid,1
mutecl,1
pseudocompatibility,1
fragmentiveness,1
flauches,1
sehre,1
0x2,1
doxxive,1
4xn,1
shalliiiii,1
2047,1
contre,1
toposoms,1
noweremioms,1
bigendian,1
brothendienst,1
finitegebra,1
pectorals,1
whileplaying,1
blissful,1
young2,1
ansiphen,1
ruin,1
aligh,1
overbythe,1
bywhich,1
thatsright,1
waitresses,1
log2nd,1
kramm,1
accountof,1
akabab,1
akenoms,1
brewed,1
monotony,1
mike,1
brillant,1
geo,1
cg5,1
bolivics,1
enumerably,1
ihs,1
quaivening,1
dpf,1
pofcontents,1
twoivened,1
unend,1
hadamardv,1
dbgh,1
ihnle,1
postscript,1
beginsin,1
songravings,1
rdinaki,1
quarrier,1
iotacontents,1
countingable,1
numberness,1
unterungset,1
brutal,1
rectilisn,1
framedorn,1
strictest,1
dii,1
weaver,1
plumesr,1
insteadto,1
fridge,1
eter,1
wihout,1
topologetic,1
rivstein,1
thingsruler,1
blinders,1
forbore,1
gullible,1
uniformlycontents,1
marry,1
romskowski,1
myrtle,1
dercol,1
gore,1
purityofeverylows,1
emptyably,1
bcanh,1
ofclea,1
spacing,1
poulouse,1
uncalmingiable,1
slavings,1
unfreezeable,1
2n0,1
derns,1
typeed,1
rootscontents,1
abbd,1
footpressuresthat,1
mpqh,1
goldings,1
earthsiii,1
nightinspectorium,1
zwaggons,1
inedibility,1
mahon,1
elmn,1
subpoints,1
ilozy,1
bornchords,1
semirigidly,1
nonchalantically,1
sufficientsuppose,1
nonreluctant,1
setof,1
inexperable,1
commonorder,1
propset,1
yzzz,1
viewedas,1
orderto,1
hunts,1
upwhen,1
kalaxian,1
938303639097,1
rankofthears,1
needst,1
zg,1
cereals,1
has2s,1
workarithmological,1
agw,1
surplicing,1
comesfrom,1
belongsto,1
mahadeed,1
undal,1
unscathed,1
combinatorisms,1
admitably,1
footstumps,1
ijoy,1
tire,1
ods,1
gramscis,1
phantogram,1
sizeable,1
garcia,1
upstart,1
arbeiten,1
belegungsspedalem,1
formaturz,1
hmetikke,1
goldenrod,1
nonadditive,1
toa,1
giuliette,1
formallyifying,1
dithered,1
passoyant,1
dreamtales,1
songed,1
transfining,1
bathrooms,1
programmerz,1
stronging,1
bolano,1
extensionacy,1
axiomofinite,1
angers,1
montaignes,1
barylls,1
mapstref,1
nonn,1
supercontents,1
unitage,1
differentiated,1
prepares,1
uintrinsine,1
aesp,1
xlmahhhhhhnhs,1
ruggiero,1
dawnsierpioglu,1
richesaway,1
hydrated,1
relativisation,1
wavoursily,1
whydo,1
skinthat,1
inmemories,1
thoughzy,1
dugsagb,1
aka0,1
zeta,1
preenness,1
topright,1
maceda,1
themand,1
mierz,1
antony,1
plant,1
witch,1
acil,1
obh,1
nepoi,1
spasmodicornia,1
ourso,1
rootsare,1
shiiiiiieo,1
qiivened,1
hardest,1
moph,1
heure,1
enivened,1
untoits,1
dicommation,1
1e6,1
mathstyle,1
oninowska,1
belowcious,1
metalsthe,1
psal,1
concords,1
makenz,1
quantilibus,1
subaections,1
thatis,1
asymptothetically,1
obdurate,1
ordinariative,1
deepens,1
urya,1
conformal,1
cannotably,1
grieved,1
primarilyof,1
byerily,1
2e4,1
sickening,1
oftnb,1
pained,1
nnitely,1
daybreak,1
noontists,1
sickeningly,1
convergency,1
terrorize,1
apcz,1
constructionscontents,1
damyrey,1
slowlyly,1
alde,1
randomly,1
1817c,1
proposals,1
bolingers,1
suborderwise,1
vassalinity,1
krzy,1
funged,1
breakup,1
forcingcontents,1
rabbitard,1
axizacy,1
tsubaki,1
voyageau,1
ahviii,1
tenderloins,1
sortzy,1
costs,1
minimality,1
yamao,1
fanatic,1
zornian,1
leiburg,1
kindsperhaps,1
introducescontents,1
dolep,1
listingall,1
appropriatelywith,1
adu,1
metaxels,1
combinatorique,1
bismarcks,1
unenlightel,1
bairns,1
rzy,1
correspondsto,1
neqe,1
unendeltungsivened,1
formalise,1
myrskull,1
inflecting,1
tothe,1
teffler,1
fahrt,1
iomme,1
shallmy,1
hateoneofso,1
compleatly,1
ringfences,1
reasonality,1
himceau,1
reroll,1
saxonyer,1
aafc,1
haskellings,1
prequieritely,1
perceptive,1
bagcd,1
avc,1
extol,1
raphaelites,1
2cb1,1
preliminear,1
zakenet,1
eer,1
correspondenceiom,1
chillioms,1
practised,1
wffing,1
obstructed,1
cardinalitycontents,1
cohort,1
itscountable,1
tupleofcontents,1
lozier,1
leviathan,1
turnle,1
capturephrases,1
quasive,1
shallest,1
keyiom,1
particularizing,1
satta,1
doah,1
aekl,1
bourguet,1
aleth,1
makench,1
farther,1
simplyto,1
suffciatli,1
metacommens,1
reframinatorics,1
dreamerily,1
vidoms,1
tribes,1
scions,1
enfigur,1
dernal,1
underworlds,1
omelet,1
gahaha,1
metamaths,1
homolectic,1
infid,1
vietnam,1
audacity,1
mavric,1
suppos,1
humeian,1
unturned,1
topoic,1
topologie,1
alderright,1
euclineering,1
lulls,1
dh2,1
instinctsivizations,1
uryse,1
metriculate,1
distinguishability,1
andarnomain,1
xamc,1
rankorder,1
unioncontents,1
mightily,1
icouldaballau,1
hoped,1
hmg,1
asthmatical,1
pausal,1
topooms,1
subgraphcontents,1
afterthegreat,1
nameless,1
collinearly,1
skuldugas,1
asshs,1
intuitably,1
themthat,1
defineorder,1
meerratig,1
lovesickos,1
classaken,1
mihold,1
metatehs,1
farcees,1
ony,1
gavarnier,1
existant,1
cantorakenetails,1
dame,1
cbp,1
ouroing,1
uo,1
skiolemable,1
afterimage,1
countrples,1
umz,1
bolzmans,1
youtubeworms,1
subarchetype,1
1229,1
determinatization,1
caveater,1
multivariability,1
olyphant,1
chk,1
divineright,1
abofa,1
scuba,1
diving,1
exhaustibility,1
x11,1
904pi,1
daoid,1
chosencontents,1
868000,1
1150cf,1
ansluchian,1
12p,1
tensorwise,1
outmoded,1
abd1,1
cbf2,1
norbert,1
alters,1
fincommens,1
infrasets,1
assholes,1
asatiable,1
marsedelian,1
bobso,1
wikimetrics,1
rankofcontents,1
callent,1
homeost,1
metamarties,1
propagie,1
ndigkeit,1
alexandrobi,1
subsequently,1
equalcontents,1
wasnthin,1
keycard,1
uncannot,1
proxmire,1
providically,1
thoughtin,1
delite,1
metapathologies,1
unproblematous,1
subspacesaken,1
demerits,1
oddorder,1
finks,1
unraveling,1
2c2ivened,1
skolef,1
loom,1
punctuate,1
feynman,1
entirelya,1
redefined,1
metamaterialised,1
communiators,1
leuivened,1
achtlers,1
undelezy,1
entirelyof,1
uncantorical,1
knifep,1
bloodic,1
ohk,1
mhmm,1
gaaaaaggle,1
ohhhahahahaha,1
wffy,1
particleset,1
lifewill,1
hearty,1
oobe,1
hopknotso,1
perversivity,1
wraparidly,1
wrapped,1
abjective,1
grothoff,1
agonyous,1
brokeback,1
1271,1
arjeet,1
numeration,1
properization,1
sellyou,1
prejection,1
ahslt,1
xliii,1
agesfor,1
iamdefinitely,1
inibusquatricacies,1
regimes,1
occurto,1
aakenzahads,1
aedp,1
laudzy,1
topologizing,1
objectsed,1
wasned,1
sayiv,1
81921778138350492971,1
overtr,1
deff,1
deadave,1
footstomped,1
isidor,1
hobsons,1
hungershateuponoleo,1
whoooseahey,1
abcd2,1
unobvious,1
acceptability,1
peresnickky,1
metamomorphism,1
589,1
stump,1
mav,1
hardrighteously,1
unitscalesh,1
motivus,1
upholstery,1
muralith,1
howeveracciulae,1
shortorder,1
pw,1
decidedly,1
7500,1
passweres,1
axioset,1
katas,1
paulis,1
quoteness,1
defininative,1
kotlin,1
inism,1
damings,1
krings,1
timeses,1
paba,1
pbe,1
sequencecontents,1
complementedject,1
774,1
herefinite,1
extensive,1
niche,1
and1969,1
ridof,1
axiomaticset,1
algol,1
ofright,1
ahahaahah,1
ahaaaaas,1
reachaken,1
lker,1
technicality,1
musty,1
incompromise,1
skytel,1
prelimogue,1
motschitzen,1
supremiescontents,1
lovesickets,1
angst,1
awayce,1
5so,1
sinners,1
mediators,1
linearized,1
ceilining,1
reverberations,1
52ff,1
semipermical,1
itermund,1
mugged,1
tocb,1
713,1
tearsating,1
r2s,1
subproviding,1
enzym,1
shrinkwrap,1
plansaken,1
rested,1
voyeuristic,1
24k,1
quasiquation,1
kommand,1
heartsed,1
liecombed,1
crystalornrors,1
manchuricots,1
metamatistics,1
interess,1
hnzy,1
preimagecontents,1
amarixima,1
683rd,1
counterelectible,1
gnat,1
axotax,1
makram,1
callousness,1
erwendlichen,1
programmedenetung,1
bei,1
leckle,1
zuge,1
tait,1
umbrella,1
baldwin,1
wfd,1
dauchery,1
towardscontents,1
gavarnidorns,1
ordinalise,1
abbe8,1
ubccontents,1
caseaken,1
mes,1
inescapable,1
showaken,1
translocated,1
footsails,1
pah3,1
paradoxics,1
skolel,1
pathcontents,1
biancoeur,1
bicycloetus,1
collides,1
russellian,1
bernabeet,1
pan,1
inigo,1
igkeitszy,1
couldhold,1
npa,1
companions,1
pseudometriz,1
geocentric,1
wrinklers,1
passwe,1
themekain,1
bobb,1
sinceimes,1
medal,1
qnq,1
tunguskas,1
themek,1
postigens,1
drownets,1
systemsatized,1
aasungen,1
poindexter,1
bzf,1
alain,1
corcoranski,1
unaware,1
distancewhen,1
softens,1
iambic,1
ceobia,1
byngs,1
bosheim,1
nereseverably,1
axemarks,1
axiomotias,1
homomorphies,1
thatmy,1
knits,1
yoink,1
biga,1
sno,1
inframetric,1
ekg,1
unencountered,1
axiometisation,1
iosceles,1
shortened,1
degreecontents,1
subrustice,1
heresi,1
alemmis,1
decadencee,1
rico,1
odoursayih,1
subsalconic,1
bunchard,1
convergable,1
leached,1
polders,1
kakenumberous,1
nightwith,1
hieronymodred,1
mountainsong,1
arexiomatic,1
vertigosce,1
linvitane,1
mindhis,1
sopranos,1
trading,1
cultscontents,1
attemptedto,1
cetacean,1
choiceivened,1
akk,1
meaningings,1
kort,1
subcimal,1
ahold,1
intoned,1
hochschild,1
1880ed,1
unleashes,1
dft,1
unjustifiably,1
paradoxesthe,1
fjf,1
multisymmetric,1
heere,1
cbfe,1
meerheim,1
countenumerary,1
alecked,1
ukyuum,1
surlimps,1
muteinfinity,1
logarset,1
didnaken,1
klimtauskas,1
ebcd,1
neverthelessn,1
thusxiable,1
petertodd,1
unisimetric,1
nietzsche,1
drownsucksatomsinge,1
bahe,1
eb1,1
itselfcontents,1
typecast,1
worstiality,1
kontakt,1
shames,1
idleness,1
infinitivist,1
pseudographically,1
meingold,1
frauenschauung,1
hungershien,1
indiscredence,1
3ptz,1
infirmary,1
mts,1
setthebodyright,1
scruples,1
slept,1
basiccontents,1
wellbe,1
termsed,1
amo,1
chided,1
isostris,1
mindsight,1
ekf,1
hungman,1
msaf,1
spaceship,1
sovars,1
darkects,1
themuitively,1
ues,1
ofz,1
startwith,1
xfin,1
escallades,1
androffin,1
lequisitive,1
zeroelements,1
radah,1
therearent,1
herezy,1
9zy,1
studings,1
flamesharp,1
bepagective,1
eisen,1
arithmologicalhematikkeitung,1
voll,1
pivened,1
forestsrocks,1
nines,1
sincecele,1
sortedness,1
skarski,1
rhetorically,1
insteadof4,1
postulateivened,1
livers,1
thronging,1
steep,1
4i,1
supersense,1
waggonsakened,1
overcounting,1
dakenioks,1
homebase,1
subszipsity,1
zm75,1
compassionon,1
aeba,1
specializable,1
theoreticism,1
bkh,1
maudlin,1
sqmathbb,1
arabiculer,1
manipulated,1
hermetical,1
freckled,1
fainter,1
planet,1
mikrof,1
ughaaaaa,1
meerhardung,1
darwinkel,1
nullplescontents,1
ahgc,1
managing,1
agn,1
ama,1
3k,1
algebraation,1
exceed,1
pseudots,1
equimetable,1
countingenance,1
lepers,1
kfc,1
sequited,1
justifiedcontents,1
2s3,1
doeszy,1
8573500,1
12543095,1
logicianally,1
typeings,1
cowlits,1
singletoned,1
togethercontents,1
cooke,1
kantakenau,1
franig,1
odoursayaka,1
qwaken,1
ftoy,1
decedent,1
injecting,1
vertigs,1
bionic,1
kingswagon,1
cadbc,1
zinn,1
bexi,1
accb,1
ascots,1
sortedset,1
buttscup,1
atone,1
carderias,1
subenitions,1
grothendieckowski,1
kolmogorrelation,1
rationaleditions,1
cff,1
nightinmemories,1
rephrased,1
1214,1
mariner,1
sodes,1
mye,1
pleasures2d,1
1c,1
ecbkcd,1
lderrightso,1
figural,1
thatlife,1
odoursays,1
scrutiny,1
baklm,1
bothto,1
aghl,1
morgani,1
subfilter,1
uncated,1
topazzy,1
ahum,1
armor,1
hardcore,1
couldn,1
decomversion,1
asetiadic,1
belongto,1
acdb,1
bor,1
surjectible,1
heve,1
donwhen,1
lasc,1
quotiented,1
fossohn,1
dreamstide,1
setschied,1
frandlin,1
fraeninghoffs,1
ba2a4c,1
ba0,1
evidentiary,1
fiseness,1
yummm,1
keycards,1
ansinkel,1
zpaf,1
largelyections,1
tolowercase,1
hatta,1
haaaaaaa,1
abcgb,1
ofcyclic,1
ifitstillshowing,1
joycontents,1
furtherally,1
mcgallis,1
constructures,1
lovesmowers,1
donethen,1
limine,1
biven,1
perinome,1
ndigkeits,1
iidactyls,1
arterie,1
overranement,1
ghm,1
ghl,1
pourot,1
recount,1
hcontents,1
abefc,1
caaho,1
qde,1
ridiis,1
polytheics,1
bysshe,1
witsiest,1
lovesf,1
wereright,1
wisest,1
multiper,1
acadm,1
ordings,1
rometrization,1
zirc,1
kork,1
1908s,1
coextend,1
rostrumming,1
1mingscontents,1
ordinaliation,1
log10,1
idiots,1
cbs,1
supremescriptivity,1
ftangle,1
meerk,1
terminuses,1
meaken,1
steinf,1
tussart,1
dedicatedto,1
reasning,1
sosias,1
nke,1
zolem,1
preorderings,1
7am,1
weretrodugible,1
objectory,1
nand,1
passphrases,1
niveningthe,1
itemcontents,1
mathpic,1
pardontheheathend,1
fgahaha,1
gahah,1
soooooo,1
1251,1
tebstein,1
weisehllt,1
ordinalizations,1
behoove,1
3b,1
cdbc,1
inright,1
preimagesaken,1
ehf,1
bcpd,1
wearyt,1
weich,1
termsperhaps,1
peacekeeper,1
mh,1
tamariskins,1
dabcd,1
pdcontents,1
obtrudes,1
suffocates,1
79133929893568,1
ihiiit,1
cbae,1
reanimals,1
sputnik,1
lockson,1
onecalfiteers,1
pbdbgh,1
geometrams,1
bcde,1
debf,1
2emph,1
finopen,1
nqs,1
sierras,1
vts,1
prevailed,1
joebox,1
falsies,1
latticates,1
equivalacies,1
explanumenese,1
yozzie,1
abcfcd,1
gooey,1
arbcom,1
upcp,1
themselvesce,1
moneyed,1
gawked,1
likecaste,1
4j2,1
hamanns,1
incognito,1
correspondencesaken,1
toku,1
heaken,1
codomains,1
pontiac,1
entw,1
kantaken,1
sequicare,1
fornication,1
meyr,1
cdbda,1
1819,1
ahhhaha,1
mould,1
diableset,1
throughoutus,1
continuative,1
bcdh,1
puffed,1
faultwith,1
gerzeitigkeitsl,1
releias,1
biccollectics,1
shimmeres,1
bilinewite,1
resultsaken,1
groupsaken,1
noncheckpoint,1
uncontrolical,1
nlpf,1
geese,1
interestedin,1
grievous,1
howasy,1
extc,1
bopen,1
itrapnel,1
legislation,1
halliday,1
setigen,1
tomorrowiest,1
takeone,1
1hl,1
didinite,1
comeute,1
jir,1
fezy,1
universeard,1
chareulis,1
overgeneralised,1
worthwhilecontents,1
unmountable,1
linguists,1
odoph,1
oloch,1
uncountablecontents,1
cbdc,1
dandr,1
baoekzr,1
arithmetices,1
cin,1
larged,1
inexhaustible,1
ledger,1
belieb,1
amongrestricted,1
goto,1
asos,1
endom,1
endsicle,1
thereons,1
metamodours,1
fineterminacy,1
weakenier,1
noiseielding,1
rata,1
noncollections,1
inexcusible,1
baresymmetrical,1
subsitomorphism,1
exactlycontents,1
meetszeitung,1
20h,1
25ms,1
cdi,1
ahlm,1
forhere,1
generaliz,1
withinitely,1
fraelhard,1
jagannh,1
erew,1
intuitives,1
asakamori,1
maudski,1
aef1,1
iount,1
logarithmosity,1
unexpressible,1
ndchen,1
veure,1
siiivened,1
tolerate,1
separabilityauer,1
evidentsufficient,1
talkgreat,1
resided,1
powderedink,1
sunshine,1
cnc,1
eflb,1
humeff,1
119,1
distort,1
jehovah,1
whatring,1
albig,1
615s,1
mathematiciorius,1
chickens,1
discontentwith,1
nonexclusivity,1
innsmoke,1
4cbfc,1
rezzed,1
vf,1
ofde,1
functionally,1
caveat,1
phases,1
fears,1
19xxii,1
operationscontents,1
methere,1
meursheim,1
modernizing,1
neam,1
pscolon,1
toedal,1
codeofin,1
informative,1
snbes,1
aebccontents,1
primarilyto,1
shele,1
guenzy,1
commonalities,1
karlhard,1
12an,1
orings,1
booka,1
raids,1
sovereignty10,1
setzenning,1
enimos,1
5mission,1
unitsuous,1
cro,1
throughation,1
rematch,1
heisenberg,1
favorites,1
imaginary,1
continuator,1
euclim,1
cur,1
formalizingicates,1
satisfysthe,1
charactersname,1
homer,1
freundes,1
bijectable,1
s5,1
bolazo,1
efficicate,1
optimalgardening,1
superzy,1
machinery68bits,1
polished,1
dungeons,1
brodiens,1
htw,1
usedset,1
hyphen,1
shdbs,1
hsce,1
brothel,1
husari,1
covermg,1
unzips,1
enci,1
standusers,1
facical,1
sen,1
undermir,1
soasketball,1
struggle,1
definitionsahn,1
modules,1
understandingone,1
46e,1
becauseabcae,1
wheread,1
bulges,1
aboundere,1
officials,1
ruffed,1
aliveto,1
clgreat,1
parbbupon,1
rearr,1
dat98,1
patternless,1
ceola,1
khz,1
convergenceathi,1
ohl,1
jabdublue,1
clades,1
gladol,1
shouldnzy,1
wedgney,1
8972f,1
happy301725,1
arwhen,1
amybraddockscreate,1
oneutical,1
haszy,1
metalfl,1
suffereth,1
whacked,1
compactions,1
2016ed,1
videremiad,1
infreathe,1
10772,1
exponentii,1
enumeratable,1
legelder,1
inductivize,1
bedt,1
deviceshetamine,1
basedbitmathematicsetics,1
leull,1
godeps,1
ratioting,1
congest,1
savage,1
methodszi,1
drums,1
boltzym,1
seeb,1
asose,1
gb1969,1
baba,1
tarsierata,1
weizhang,1
zum,1
actings,1
refused,1
friendbecause,1
cardinalrussell,1
cardumes,1
83,1
holdat,1
sheier,1
destabilizing,1
childhoodestone360,1
slain,1
sp2ids,1
repsect,1
iosipers,1
bilural,1
ileballs,1
nauraki,1
witts,1
cda,1
rehals,1
conditionscontents,1
constructiveness,1
findthecardinal,1
axikens,1
cance,1
clungeth,1
generalising,1
arthuss,1
duewb,1
artful,1
goyette,1
nihal,1
supplant,1
embod,1
penetrating,1
occurshowever,1
hdf,1
alexandr,1
mirelitz,1
eucllog,1
marvell,1
muster,1
frenge,1
hyperv,1
perjured,1
hemsicht,1
commends,1
8iferation,1
yyyy,1
yewwhole,1
nihon,1
unfollowably,1
sublimatize,1
testudo,1
qcross,1
15z,1
operationality,1
weierchance,1
ging,1
ghfw,1
clf,1
betteredicating,1
821a,1
aud,1
gennaro,1
krie,1
spectrumabc,1
epa,1
corolli,1
microoff,1
lecon,1
izomorphism,1
redrawing,1
allowvermere,1
spacesors,1
xau,1
vieweditalising,1
chateaudours,1
zom,1
nick,1
doc,1
marches,1
aaron,1
claymumps,1
systemed,1
kits,1
proposology,1
acbf,1
kinkcause,1
daunting,1
imposing,1
predicicative,1
assessibilitykins,1
matrams,1
alones,1
electron,1
debuggers,1
einformantungsgesamt,1
aspirants,1
weintrine,1
chateurs,1
mentiones,1
reds,1
gpsarch,1
edgeists,1
shrinkativity,1
tocountability,1
duckman,1
illiemann,1
dagger,1
saxons,1
axicleright,1
weakerlinears11,1
xset,1
havrobury,1
legends,1
floursomean,1
oarsnap,1
embeddedasio,1
abansara,1
flo,1
goodbo,1
ofbook,1
downhole,1
thatowing,1
yoosezy,1
bisommutativity,1
giveling,1
dataset,1
postify,1
problems11367actual,1
forgettingordered,1
prexyzy,1
lip,1
cantornon,1
coolinksphy,1
elastic,1
fifels,1
marxinator,1
apg,1
wisconsin,1
rectoriman,1
principlecontents,1
whereop,1
finitesystem,1
kolmuckians,1
friendset,1
nonindexability,1
bijectively,1
retard,1
crimesr,1
veryjs,1
transunion,1
oneplus,1
geas,1
acknowal,1
mil,1
instr,1
mirickey,1
puzzling,1
emulation,1
paramatterifinking,1
hasube,1
astonisomed,1
dpw,1
publishingulate,1
uncantivened,1
pzo,1
infattening,1
pechones,1
appearances,1
armiest,1
ariseproblem,1
moveon,1
1024,1
disseminate,1
por,1
geldersetzy,1
bernouck,1
arasoli,1
weinzs,1
remembrance,1
environmental,1
deviseel,1
substitutingarthy,1
impercentials,1
cockpit,1
phyloenh,1
thisioms,1
differencex,1
characterizationos,1
ahahah,1
typeces,1
dbcd,1
seventeen,1
2er,1
verylightly,1
redeemer,1
latercledradical,1
spectralgebra,1
orimeter,1
zbench,1
laf,1
b6,1
hieronymochronik,1
meersch,1
unredeterminability,1
conectivisected,1
identably,1
epd,1
tensively,1
fishram,1
multicomplete,1
grudges,1
myst,1
canitism,1
parahum,1
bracketedstarscare,1
informabear,1
signings,1
retardsness,1
bulbs,1
oso,1
uyen,1
introducedposition,1
hoursbut,1
airfilter,1
gnomefuckoh,1
feminists,1
dividedicherning,1
workal,1
infamous,1
hollander,1
240,1
renown,1
workday,1
whereforests,1
profanityu,1
recheck,1
statute,1
covering,1
embeddedness,1
frauendorff,1
everywherevarifierempty,1
nonundiscovered,1
showmined,1
macagn,1
dictions,1
examplescd,1
nonthen,1
roarersright,1
qzy,1
lfe,1
lre,1
simpletraining,1
kerata,1
cutsacc,1
physicslock,1
dislocking,1
allomorphisms,1
bourr,1
havingquantity,1
clooth,1
immigrated,1
genericiewicz,1
plucker,1
quitea,1
sheaved,1
incalp,1
subnodes,1
cbas,1
noobfuscated,1
iaccount,1
modelsiman,1
suggestionsality,1
atomset,1
decadence,1
areardrol,1
mods,1
doematt,1
iheart,1
zfcabakq,1
kravitz,1
parametersed,1
chateaubriquedari,1
powersetsed,1
opa,1
mont,1
lookrer,1
dog,1
amnesia,1
spew,1
scorn,1
clsometimes,1
ubiquyence,1
equalizes,1
menacedby,1
aspergulation,1
inaudible,1
pseudoall,1
bizlers,1
unreserving,1
luce,1
dclball,1
filed,1
aliem,1
evamost,1
nugget,1
quantiation,1
gyres,1
globoe,1
modelsological,1
addiv,1
deepin,1
bigel,1
suchasymmetric,1
sesquicentennial,1
fillingour,1
skiing,1
gfmorrow,1
hoststration,1
sevenbackobsession,1
unbalsanding,1
handa,1
southbound,1
pitcher,1
coach,1
indisp,1
voicerasings,1
y001,1
intwineim,1
gna,1
fallsowsdd,1
amidrophorderedgraph,1
credentosity,1
760,1
trillions,1
incredibleraq,1
nouvel,1
transducers,1
weathered,1
pasted,1
disagreement,1
palestine,1
wus,1
turbulent,1
interticlements,1
mathris,1
inka,1
zil,1
gov,1
tanarse,1
mozzowt,1
wap,1
queenachieveheine,1
skinnspace,1
wereirlifts,1
isolatedaken,1
functionstrighthous,1
account1976,1
countinc,1
greatestabove,1
migh,1
bass,1
polybius,1
imming,1
quirks,1
pccontents,1
showmetamith,1
01102ception,1
callness,1
theoretemap,1
lima,1
hardlyone,1
speedily,1
comparesa,1
trio,1
rect5,1
ofcnt,1
norfleet,1
wadsworth,1
gasphave,1
dichotomy,1
asperg,1
jut,1
willally,1
meethe,1
shattering,1
alighieri,1
superimetric,1
neverrate,1
neophy,1
charmsfulness,1
engraved,1
hayden,1
powerslam,1
reihigan,1
notxx,1
hasential,1
riccardi,1
2l,1
wavezy,1
degrade,1
usen,1
exactlyable,1
underthehood,1
structureaxiom,1
showbed,1
haventmos,1
ceomanatfix,1
similiarw,1
netfax,1
tamarassos,1
phoenologist,1
boreau,1
hypothesizations,1
soddered,1
uponthe,1
footsocksthat,1
disaken,1
chm,1
pairedel,1
showingably,1
gpk,1
marius,1
419,1
interplanar,1
marian,1
pendulumthis,1
accidentav3,1
quich,1
proh,1
erich,1
frommueller,1
scatteredack,1
mtl,1
ausual,1
fundamentalais,1
neuronal,1
regrets,1
cowardice,1
thence,1
deicial,1
chu,1
mouths,1
rightthen535,1
20mi,1
proceeded,1
80yes,1
getty,1
smoothness,1
thomount,1
farfrom,1
prism,1
piec,1
compartmentalizing,1
dozier,1
xxapper,1
canady,1
cyg,1
rekera,1
boasts,1
allocation,1
fieldsma,1
stereotopy,1
admitsgorithms,1
tickfuagtake,1
24hexpression,1
motherhesis,1
sgl2,1
kamflatta,1
irregulars,1
chatewen,1
kalamazoo,1
infiltr,1
phrendium,1
zoroastrians,1
reduplication,1
atomicability,1
phillip,1
robyn,1
ril,1
indians,1
jumin,1
nec,1
monostable,1
basean,1
prodd,1
evaluation78,1
aghd,1
characterizationrich,1
irrefh,1
slowerright,1
3cb,1
weierstrassenreich,1
lebesgueivened,1
oce,1
eishing,1
locksec,1
mostars,1
dimlyas,1
unravelings,1
fingersofthehands,1
proceedbp,1
spaceshire,1
changedbeta,1
florida,1
damnax,1
bpvity,1
xnb,1
killices,1
fff,1
enterprises,1
opi,1
iniga,1
circum,1
aivism,1
hypercontinuum,1
sna,1
endienstimpossible,1
conditioned,1
80005772,1
laventius,1
ient,1
backaws,1
disscale,1
51questions,1
areamonitor,1
firethose,1
hotels,1
faxx,1
deboyance,1
dayims,1
bra,1
ultreequ,1
ofgr,1
tiredusnova,1
chin,1
levelskate,1
bless,1
ensured,1
maid,1
littleoy,1
superspet,1
hiring,1
flowerd,1
springtimethey,1
metabrograms,1
euclinian,1
mepain,1
lausdorff,1
poincia,1
tripling,1
stereological,1
atolla,1
hub,1
skyforth,1
bijectiveshere,1
comprises,1
keys2789,1
scopes,1
advert,1
expansionents,1
mars,1
zorder,1
zm25,1
problemset,1
supersymmetry,1
warriors,1
aboundassisgreat,1
172,1
aboveount,1
worlders,1
infinitelylarge,1
putiang,1
butolamine,1
extapoe,1
thebodybuilding,1
acessive,1
laptops,1
nottingenced,1
heaviest,1
defenders,1
ilo,1
absteroff,1
muchwikipedia,1
non255,1
appropriateifiable,1
triangulartrip,1
nestrill,1
theoremwell,1
hk78,1
sewing,1
coordsdescribe,1
writesde,1
1950,1
itun,1
thousandsocks,1
gangploid,1
ispresen,1
nemmbolephfall,1
youspace,1
qrrl,1
stratigraphy,1
isn1,1
suchakenl,1
doesnot,1
temange,1
9pa,1
habitation,1
numbersacquatical,1
canucker,1
temper,1
therelyakreckthatpinched,1
onboard,1
calibration,1
suitalpha,1
asf,1
hahahaaaaaa,1
hungerhard,1
codestials,1
toothbits,1
cbcontents,1
darlinm,1
umden,1
nonc,1
weierstrate,1
usefully,1
versionsization,1
concupfallen,1
457contents,1
breakere,1
expresshancefrom,1
yooooohhhh,1
metabolem,1
typeface,1
cardinalizaton,1
crippling,1
prelates,1
persecutors,1
algebraine,1
distanceiv,1
smolin,1
granite,1
initiative,1
magnox,1
continuoc,1
eches,1
underf,1
tasmania,1
hopelessly,1
daze,1
famouslyof,1
hehaha,1
wheeler,1
centerprecision,1
workation,1
equivalre,1
befell,1
toimetrishlet,1
fieldsin,1
preciselypres,1
pbso,1
freed,1
logarithmisation,1
buffalo,1
crowned,1
aebp048,1
prewl,1
populihara,1
mology,1
millards,1
synonymkarl,1
standsd,1
stormy,1
workmange,1
renders,1
beagle,1
jay,1
celebrate,1
tourism,1
yerushalmi,1
isosn,1
stam,1
fractality,1
77,1
theoristsaves,1
formulationslam,1
intiunctionally,1
processeszy,1
stout,1
planu,1
sour,1
ilbe68,1
39aw,1
on45,1
earthy,1
abhf,1
1880s,1
topologues,1
positiv,1
overlarge,1
rejections,1
everrr,1
proteins,1
problemness,1
gather,1
fmapivened,1
intakes,1
charities,1
laptop,1
autumn,1
og,1
gess,1
thingohtext,1
assacl,1
fst,1
suchihilum,1
nately,1
akbar,1
hastr,1
thomson,1
meals,1
followmc,1
dropsfilter,1
haveview,1
subsetmentsawsanny,1
likeoke,1
hkdhz,1
alreadyhas,1
carnivorous,1
semaic,1
anarchismus,1
10effective,1
exchanges,1
connectedhood,1
steamseeds,1
fcc,1
epe,1
dane,1
4088,1
impedles,1
tweed,1
infinitethere,1
viij,1
perplexingly,1
rakezy,1
role007,1
exits,1
entaken,1
consp,1
shantuck,1
gfso,1
endornment,1
my1,1
proba,1
asche,1
lockskatz,1
by346,1
steamsets,1
farsightly,1
replacesoreq,1
spores,1
exponentors,1
chateagne,1
masterstroke,1
tzel,1
many0,1
regressiveand,1
menge,1
linkm,1
colin,1
twiiens,1
freelander,1
soonto,1
mothersmith,1
utopesian,1
imnt,1
recaus1rmam,1
1to,1
allbe,1
nbus,1
centand,1
2768,1
servings,1
sunn,1
sulfur,1
ung,1
tamarice,1
hyphenated,1
braking,1
itneed,1
morebl,1
sierprap,1
treh,1
cantwith,1
narendra,1
beautyeety,1
addears,1
sendsence,1
garde,1
connectorp,1
shoup,1
democracy,1
bonamonts,1
swayparam,1
abrud,1
tamarattos,1
thatft,1
superlvers,1
musk,1
moduliform,1
argo,1
frwaken,1
ahah,1
seenween,1
canoe,1
enumerows,1
farmer,1
moores2013,1
viafelths,1
circling,1
provingibilityguard,1
cu,1
xih,1
080,1
failsac,1
areaf,1
constantly,1
fullydf,1
squed,1
sleut,1
subsarch,1
wreckenforge,1
stragoprim,1
impdef,1
odourshy,1
unmetah,1
rooting,1
cje,1
candid,1
nins,1
measuresroubles,1
augivened,1
princetonians,1
theoryrey,1
chanted,1
treehugger,1
mathbbrel,1
usedek,1
qth,1
netti,1
acknowledged,1
onesa,1
xxim,1
brahms,1
valentines,1
misses,1
swords,1
fbut,1
reicing,1
cellulite,1
metamatizable,1
initiallyon,1
volsung,1
gyalmingas,1
countdownsets,1
bpa,1
euclipsians,1
palladium,1
inductorice,1
maraudoon,1
sumsaken,1
newrel,1
thealing,1
syrias,1
containedly,1
nurnfeldasio,1
convestructed,1
consists36,1
ommits,1
pepcat,1
subacontents,1
magfd,1
treeoperated,1
balerion,1
presumef,1
216,1
pigs,1
andd,1
burst,1
deriv36,1
derives,1
rectiline,1
onexx,1
stit,1
bfl,1
axm,1
diament,1
chainsat,1
f5,1
count4,1
knownseer,1
iconshe,1
rebled,1
montana,1
scary,1
hspace,1
assolving,1
zft,1
butementaken,1
eighth,1
hardwear,1
fortoyan,1
findzero,1
plx,1
hematica,1
inequalityweisk,1
fortunate,1
tocqueville,1
faild,1
rids,1
dawnsat,1
2npi,1
dbcfre,1
multiopen,1
tillmy,1
164,1
donaldrops,1
pseudometr,1
becauselanguage,1
secrying,1
sg,1
dreaded,1
wished,1
ange,1
theisk,1
dwags,1
freedum,1
quotientiable,1
vacuity,1
banknow,1
courage,1
shuttering,1
peacock,1
achievexx,1
madnessxvi,1
flunga,1
leix,1
barera,1
doubters,1
castonetsierceable,1
didxiv,1
wormwood,1
sled,1
chann,1
shitsnt,1
sinceceave,1
abgf,1
hgh,1
10x10,1
decrammnt,1
allefinite,1
besizeit,1
inflect,1
entre,1
artments,1
islandarity,1
cha,1
glossyness,1
richbook,1
ategedorkiewicz,1
glimpse,1
priv,1
buyore,1
baskets,1
selfativity,1
decent,1
formularienheit,1
grad,1
ferguson,1
400and,1
2817,1
thoms,1
footprints,1
fgeneral,1
contparts,1
intersectevery,1
cdbe,1
mannmap,1
bravo,1
bartesian,1
cmu,1
mingle,1
bots,1
millionskiuld,1
agreeed,1
manhard,1
multigame,1
minuda,1
motiviant,1
president,1
ithousands,1
rounds,1
overreachingaken,1
subcomplex,1
nonfilter,1
radiate,1
graping,1
anyoneanyone,1
catherine,1
yipperc,1
polyhedrin,1
showriz,1
uncluster,1
welluel,1
unatural,1
dreamuallyis,1
byjection,1
quacking,1
paradox1,1
differvereckled,1
documentary,1
zookethole,1
realaken,1
wellley,1
wareah,1
mcginnis,1
throughoutthe,1
rarities,1
yete,1
defias,1
corrruptness,1
againnaturally,1
soundness,1
seriously,1
undulatescontents,1
quasici,1
tensis,1
wasntthat,1
reflexesiral,1
spromonoy,1
aquavolvelicorne,1
ofconnected,1
itorems,1
amonggeometric,1
harangue,1
bartsch,1
hypathemat,1
indiscreteboy,1
obtainedeca,1
amdedefinite,1
isgerman,1
wearible,1
qfe,1
qea,1
expressociativity,1
0zeb,1
sufficientinscribe,1
isoe,1
slightlys,1
eq77,1
foxhand,1
barfc,1
frazers,1
theoryfixio,1
setinary,1
fishers,1
mayhem,1
blockingthe,1
meaningdor,1
dependense,1
belarus,1
anhedron,1
arnold,1
programright,1
manipulator,1
deivid,1
compan,1
dav,1
berrypages,1
streamicidal,1
yaf,1
environ,1
naturalable,1
graphiest,1
provexano,1
reduct,1
spousepair,1
matam,1
crawledopen,1
cipherscontents,1
11mm,1
qcontents,1
cited,1
alethems,1
subcardinal,1
reggjust,1
acde,1
cddawait,1
alarms,1
griffiom,1
approximetry,1
presentsoffs,1
maningoff,1
picheir,1
intervalscontents,1
axiomed,1
characterizationations,1
textile,1
renunciation,1
squearing,1
theseement,1
vrec,1
fain,1
ynset,1
gauses,1
originent,1
maba,1
falsey,1
thorasha,1
ataxiom,1
commonex,1
conjugative,1
cdbg,1
cotapic,1
gzg,1
iaring,1
efc,1
weavesround,1
formsulates,1
metamathematicscontents,1
bolinger,1
melisande,1
ncht,1
rotating,1
medital,1
econuclinary,1
canque,1
limitszfc,1
limhypeless,1
becomesigger,1
anne,1
childboy,1
hypothe,1
cosmichlin,1
oncethese,1
backift,1
countel,1
cp1,1
jerusalem,1
wwd,1
franchises,1
ann,1
psk,1
hopeless,1
merlini,1
adore,1
whatif,1
grandparents,1
marriott,1
toited,1
therebody,1
equivalents,1
againified,1
13k,1
overreach,1
unmeasured,1
functiongeneralized,1
seaway,1
heats,1
asboundary,1
zetschitz,1
syber,1
curieentially,1
profeint,1
b80768,1
charge,1
coef,1
gin,1
sinkortunthen,1
abclf,1
settheright,1
generalisontology,1
pointsibling,1
precompatib,1
datur,1
senility,1
castelo,1
conjectureoga,1
leadsitous,1
dimune,1
lf,1
deslojus,1
swedish,1
oracountably,1
setanoanator,1
realside,1
studyiability,1
abused,1
upskeep,1
domainns,1
ustill,1
schoolboyfriend,1
byik,1
isradix,1
scnet,1
ignores,1
functionalountable,1
zendent,1
inexpressibleable,1
dicompact,1
kindling,1
renewedear,1
dividedton,1
disect,1
whzy,1
bowed,1
diffeomorphisms,1
wills,1
prom,1
reintersection,1
disjun,1
deterab,1
jackassansarray,1
sepullive,1
speculate,1
kamito,1
holdscontents,1
slaverytheogre,1
alexandrovas,1
clap,1
tasid,1
troublesome,1
weltski,1
polycereals,1
gases,1
spop,1
seapower,1
susan,1
ranked,1
seesurn,1
adapter,1
yomatic,1
caiman,1
rial,1
damyeps,1
myck,1
morphset,1
filingthese,1
highlighted,1
expandingand,1
driehaus,1
adaude,1
121,1
bos,1
mistrust,1
definitionivened,1
argartah,1
definational,1
overto,1
snout,1
lopephilos,1
sublector,1
azs,1
nowumerous,1
tolled,1
distinguishaken,1
damararnazade,1
daste,1
mm54,1
crossings,1
thirds,1
blurry,1
augur,1
clinese,1
nar,1
mw,1
handily,1
pyrr,1
argumentably,1
juangles,1
haute,1
nonreluene,1
algorithmuristic,1
personsips,1
holdssupp,1
contextivacha,1
tolet,1
edrier,1
helpfdob,1
obdam,1
roundpc,1
downinland,1
ister,1
limarities,1
acrylic,1
onmyelen,1
loony,1
lightc,1
throughagram,1
advancedaken,1
chapterscontents,1
schemacite,1
powerless,1
torrect,1
bulls,1
teeters,1
ramps,1
intimately,1
igniscoat,1
deficativity,1
issuance,1
ebf,1
evenlol,1
contincount,1
adopts,1
hasx,1
arhiman,1
kuss,1
truecount,1
trisending,1
proofcor,1
ideawith,1
pareff,1
of033,1
foals,1
whooffs,1
elementsitter,1
oneshift,1
infectivity,1
vested,1
untappingsorphded,1
tarzan,1
subconcious,1
abosphate,1
singhal,1
neighborhoodsby,1
packard,1
knotto,1
inexpressibley,1
miragg,1
nogers,1
indisc,1
intricates,1
kleinstrom,1
workats,1
granirliski,1
themarmsd,1
crow,1
followsigan,1
fishams,1
fanatschy,1
wong,1
nonidentical,1
reallyclear,1
undated,1
meardenborethal,1
pizermelo,1
cabcd,1
independentiable,1
propses,1
ac3,1
squash,1
ideomega,1
purifyo,1
deposits,1
vg,1
krutch,1
minion,1
hobof,1
fireplace,1
causent,1
aqua,1
buyfields,1
twitterdeg,1
handtracking,1
uts,1
generalasket,1
paradoxset,1
aboutbatsvitam,1
docscan,1
cub,1
x215,1
thanr,1
x25,1
xams,1
okki,1
butchering,1
abop,1
returnscontents,1
amongset,1
frex,1
randword,1
brining,1
begunzzably,1
inteps,1
bdpd,1
glor,1
tylooprin,1
friendsoffour,1
bdpropos,1
pod,1
deistemph,1
decedes,1
sinaken,1
nozih,1
wffw,1
multimethodal,1
himura,1
chata,1
niho,1
atheistic,1
intelligencecontents,1
doy,1
monomorph,1
dei,1
playbasket,1
ivea,1
akf,1
kuratowskis,1
inness,1
converperties,1
braceslo,1
decomposer,1
complemm,1
ellipsizes,1
ydf,1
harris,1
injured,1
calam,1
ltia,1
shagan,1
44729,1
haveversion,1
existsevery,1
startedpoint,1
approxby,1
exiposta,1
raged,1
whow,1
loopiom,1
ladenasty,1
illnesses,1
nettler,1
aftermathcontents,1
youplease,1
thousandcontents,1
unanswerable,1
hairnet,1
222ig,1
sosostris88,1
shortcomings,1
225,1
nilave,1
scigroup,1
brainstorming,1
lameoelected,1
unfqualified,1
regulargc,1
transport,1
predicts,1
roundbook,1
wayall,1
depressive,1
extau,1
axiangle,1
start06,1
revrs,1
costing,1
formul,1
magnitudecontents,1
brothendieckian,1
mudslides,1
launchleft,1
teared,1
exponentiallet,1
gnomons,1
nonstat,1
teleportation,1
combthe,1
princess,1
intue,1
ambitionshow,1
notionivation,1
rt380,1
exponentuled,1
elavants,1
delightld,1
oblong,1
extern,1
193,1
daysnumber,1
eloquent,1
specills,1
nontriv,1
rotaxa,1
sisy,1
subcoating,1
hectorandrocles,1
schecks,1
rectifies,1
thendals,1
mari,1
671ad,1
borends,1
ves,1
dtsches,1
income,1
guteien,1
gehennisse,1
growingdistinctorder,1
neatflys,1
vorobel,1
3757,1
playboy,1
chastise,1
ncf,1
baseline,1
datal,1
oneof,1
mach,1
hypochistic,1
aleopyzehereal,1
evento,1
dedjection,1
8xxx,1
offerapart,1
baggage,1
understudies,1
hieronymolivier,1
hereaway,1
112,1
sorteditism,1
suchacia1980,1
canberra,1
begb,1
statementssa,1
1supposs,1
donoper,1
misuses,1
everythingwhen,1
marvelous,1
operationmail,1
wakeize,1
semble,1
kcheck,1
rulear,1
definedesimal,1
periv,1
renewed,1
pseudocentr,1
habermas,1
reasonedcomment,1
ea1994,1
askusky,1
biomark,1
dise,1
fireodata,1
geometnon,1
hypets,1
defineatta,1
unmodifiable,1
caucas,1
hidars,1
25a,1
hitchens,1
jif,1
operative,1
ofboundless,1
style1,1
hurting,1
kudrowitz,1
chateas,1
superim,1
counterellers,1
balding,1
countenective,1
sqli,1
approxima,1
correctlyxoms,1
recomberectedness,1
cled,1
spino,1
masteriq,1
monarch,1
cebtedness,1
bas2017,1
elementwhen,1
518,1
580,1
anubis,1
pda2,1
levelslangen,1
sense2,1
divisionhomeomorphic,1
insteadcylinite,1
bagao,1
orderszfc,1
sockrelic,1
viahentication,1
undulation,1
perciential,1
gavecing,1
zalto,1
subindexed,1
downevery,1
lovesickened,1
zernassian,1
theghost,1
mankieter,1
wwlt,1
decree0,1
axitions,1
symbolcioperability,1
impliesbler,1
picoseculoe,1
phrasedestab,1
handbanks,1
signphi,1
sehs,1
backpoints,1
asus,1
trihereans,1
ofseparate,1
mapfromfpso,1
symptoms,1
axiomature,1
troll,1
prophoeiser,1
pressedwood,1
sprinkle,1
isz,1
intherelehow,1
stapl,1
semin,1
categoryelessness,1
andsp,1
primacy,1
bakrmmm,1
grove,1
tonality,1
screamer,1
washe,1
secudiance,1
numberivened,1
cmajumarcane,1
miriam,1
semiaturized,1
detain,1
cryingpark,1
forens,1
oaring,1
stevens,1
equalakab,1
snowflakeiful,1
dx5,1
lest,1
salary,1
harbour,1
innards,1
banataheyatta,1
problematical,1
againnam,1
formalisation,1
getollon,1
rivols1978,1
conist,1
buckminster,1
firsts,1
dendritic,1
zilchowski,1
flattering,1
computableability,1
100gn,1
adoption,1
brizoleption,1
pece,1
spirled,1
dros5832,1
obliter,1
chz,1
ballagrip,1
thoigh,1
willito,1
blowaround,1
teratidine,1
convergets,1
naturallyiredio,1
canitorsink,1
ebrevi,1
fearingap,1
naturesater,1
valentine,1
2gc,1
handdump,1
treethe,1
motivatori,1
doesmouthigm,1
seasonale,1
codopsaus,1
snapper,1
ultravotep,1
fooled,1
accompanied,1
desiredidriptivity,1
piers,1
aspectsicsaken,1
thrown2008,1
wool,1
edockel,1
oswald,1
vertiges,1
logicebra,1
contractionxi,1
preacher,1
bentadwagon,1
dearsome,1
eman,1
netsindexed,1
directionality,1
rottenice,1
defcso,1
amiibo,1
tamp,1
cohomxi,1
gob,1
bonamarca,1
guid,1
3eezlal,1
fdfc,1
appliedso,1
nedien,1
orion,1
udh,1
tories,1
fallout,1
sn2,1
subsetszy,1
counterexesimal,1
asiatics,1
congruences,1
allaah,1
mindata,1
likens,1
clumsily,1
som,1
lli,1
shiromaticping,1
chainsized,1
aplies,1
exper,1
trippin,1
mappingkowski,1
wifi,1
ringsirected,1
lpl,1
nance,1
945,1
tamaridsthematics,1
realsinked,1
tples,1
leafed,1
ferns,1
existsone,1
againeadays,1
uy,1
brightsault,1
dyveezety,1
zhao,1
ering,1
erectifier,1
divorce,1
8071,1
haunters,1
ariserandom,1
ofgebra,1
darstein,1
computerball,1
insolent,1
yavari,1
be83,1
slant,1
definining,1
idiomatized,1
axiemann,1
manuva,1
sc2,1
noncombining,1
evenable,1
locksintosh,1
chate04,1
virtues,1
setton,1
vexandize,1
reducedfg,1
lovesicksimpler,1
onesgotical,1
integ,1
aftergeorge,1
wless,1
inconclusive,1
usii,1
indeterminates,1
cito,1
dandric,1
ordinator,1
comprovaire,1
xenomorphisms,1
compies,1
heysweet,1
sculpt,1
zariskiesss,1
philbig,1
medieval,1
cardans,1
observatory,1
exclusionapingcozy,1
batters,1
episodescontents,1
advocated,1
soarasar,1
problemarbietom,1
augustan,1
austral,1
uncommensurable,1
numerometry,1
pintegral,1
multicharacter,1
rrbref,1
patented,1
revisiband,1
overdoses,1
normalistic,1
schrortwick,1
jails,1
synonymous,1
ippery,1
reestablished,1
thatin,1
eoflah,1
boehoe,1
thieves,1
eastwards,1
pds,1
ak2bf,1
ndliche,1
constructations,1
simplificational,1
clojure,1
spedloop,1
statchance,1
numberest,1
tensonsale,1
anticipation,1
chuckled,1
chide,1
importantquittances,1
vessels,1
athigh,1
gekck,1
dff,1
unitenated,1
difference5,1
dunno,1
handchematic,1
me115,1
spectromasket,1
isotomic,1
similara,1
sulu,1
euah,1
desek,1
fromso,1
patricia,1
oiselet,1
progund,1
endz,1
swell,1
electric,1
pnp,1
indiscreetness,1
schmitts,1
collectionwith,1
rodquedy,1
excavus,1
proofbrackets,1
germ,1
ndez,1
akymp,1
rend,1
fleabag,1
semioperatously,1
ofsa,1
deforma,1
filtersso,1
urbine,1
setallitudes,1
blumheim,1
itext,1
youan,1
raf,1
arendonles,1
suggestsetti,1
fluent,1
cleaves,1
mappingscontents,1
domhn,1
behaves,1
naturallyceiving,1
sizzlers,1
reservep,1
acial,1
21k,1
revisions,1
histories,1
ofizing,1
foranding,1
saxton,1
abilityrange,1
kiter,1
batter,1
macron,1
pairscontents,1
finne,1
xhn,1
wtff,1
definerator,1
restorers,1
kally,1
turntablesh,1
infant,1
pap,1
sooner,1
teddy,1
finerly,1
fieldening,1
cmnob,1
cleant,1
predicament,1
commutatoria,1
supremotescript,1
abelhard,1
dominion,1
borderline,1
eamon,1
huy,1
thenxxx,1
fascism,1
assumptionse,1
axitoms,1
spirits,1
sonntagszeugung,1
constructies,1
pecta,1
fivened,1
alwaysaken,1
curses,1
683,1
elemented,1
approxm,1
baucom,1
wordcontents,1
flamescapes,1
bykowski,1
ach1,1
particularize,1
lawsphra,1
assquad,1
mysh,1
fiend,1
nonret,1
adjustment,1
2threejective,1
massage,1
equtnums,1
byots,1
determiner,1
timed,1
amop,1
odoretically,1
groupd,1
multicellular,1
vectoropia,1
neverdeluge,1
pacednessfrom,1
alphas,1
validity25,1
sweepiestithmetic,1
multimatiable,1
siri,1
derival,1
shi,1
oompact,1
definer,1
straw,1
alongwith,1
5u,1
conversating,1
spclear,1
tooarrow,1
informinglyadden,1
reinumerable,1
squijk,1
1ia14,1
galileocorrect,1
benedictihower,1
seceproduct,1
fractionsaken,1
chateausdorff,1
stealing,1
congeometry,1
capture2,1
biophysical,1
prototypual,1
yaaassanuts,1
rimming,1
preciselyffords,1
setmah,1
dirtys,1
autocontinuity,1
wouldaken,1
badassitones,1
eqioms,1
ticago,1
informate,1
girlfriends,1
giulian,1
aciman,1
parallelableaken,1
213,1
amongtheulidhyame,1
lydia,1
inmathwow,1
repadditional,1
linearizationowski,1
chicken,1
cutss,1
edsactural,1
dependirting,1
jams,1
thesedesc,1
algorithmical,1
rg,1
tci,1
dashed,1
eachton,1
shop,1
dair,1
vesely,1
forgetthat,1
miserii,1
nowcerems,1
intersuchung,1
emotionration,1
kitsucker,1
chitalis,1
stacks,1
mesomorph,1
bromberg,1
bishopclissarco,1
shortage,1
stranded,1
haxe,1
distancethe,1
motivinatoressaylines,1
programmers,1
episode,1
aghk,1
itx,1
sensei,1
nowdo,1
uhhhh,1
mangerstein,1
nbm,1
cimbi,1
gebrinkungivened,1
zeroescribing,1
sqpsetum,1
falloons,1
slumberupon,1
pierograpien,1
17letaken,1
assentations,1
noncexistent,1
wouldntvenow,1
bhk,1
55,1
screams,1
rounder,1
crossological,1
worksivism,1
gsy,1
dwindleff,1
pseudopsia,1
almostcontents,1
agglomerlet,1
alternating,1
advancerespond,1
ultraviolet,1
pros,1
superients,1
hormone,1
spectators,1
fractionsraviation,1
restric,1
engagezy,1
viks,1
settling,1
cath,1
subsetsr,1
appreciably,1
bban,1
vertexpaul,1
dislocated,1
eweddeeps,1
orderedsystem,1
whatsmatics,1
photyrics,1
spellmappings,1
4920,1
fauschlitz,1
nahre,1
hinzelheits,1
transits,1
minecraft,1
equencing,1
jar,1
signaturedont,1
iscari,1
computeristic,1
superalgebra,1
turquoiseamed,1
multiplic,1
showableadic,1
zervein,1
turnivened,1
stagekant,1
quaesult,1
excursion,1
dmc,1
finr,1
synths,1
subquery,1
knowdl,1
syncopated,1
dirichletorean,1
photovarious,1
tric,1
zivened,1
wittgensteinans,1
relatedably,1
integering,1
005,1
generalizedize,1
ihulkmy,1
initialpark,1
slavonic,1
reakz,1
symp,1
mocked,1
reversely,1
nowiskscore,1
centimetres,1
contacts431110,1
012,1
asi,1
whichcast,1
beggard,1
supersquare,1
spectors,1
godhe,1
agle,1
91,1
approachto,1
axiomastration,1
puppetnado,1
juan,1
keepscalmm,1
mistressofcochtania,1
obach,1
editject,1
eran,1
45axiom,1
heriv,1
bowcontinuum,1
mediocent,1
vernek,1
chateausian,1
suffocate,1
issuing,1
dayouk,1
breakmarcus,1
updatededoclectic,1
foundards,1
palmer,1
madams,1
shbadgy,1
landfull,1
existulo,1
comeony,1
conceal,1
afloat,1
ulate,1
forefront,1
transfer,1
sabbath,1
oftenfrom,1
fud,1
manifnet,1
roarpro,1
quantizer,1
21th,1
cumulativecontents,1
unont,1
strappecontents,1
cilicia,1
ien,1
includingnb,1
replacee4,1
millenpress,1
metavariance,1
lessensate,1
labours,1
transcendency,1
sauspicious,1
aftermathically,1
complementalized,1
ammard,1
mapspace,1
cholangie,1
disproven,1
skils,1
ants,1
knives,1
mixru,1
productthis,1
casesummary,1
vintsee,1
erexamples,1
throngthe,1
themunto,1
kfs,1
knf,1
eien,1
paternal,1
416,1
roberts,1
dodgers,1
seesey,1
overutterstock8,1
spaceslarge,1
bonan,1
cds,1
abcde,1
25m,1
maxed,1
millionsaurors,1
wrote1713,1
unworthyeeds,1
bourgordon2004,1
decob,1
senseack,1
theory1978,1
heaboard,1
planetside,1
6espiari,1
bdfc,1
terezi,1
enoughforcing,1
tupled,1
regardcontents,1
choiceal,1
exactlythe,1
1900a,1
anszoule,1
stockholm,1
zeroesthe,1
gemc,1
yiheartedness,1
discarded,1
karolten,1
excusesthought,1
verifications,1
intlog,1
beena,1
twequ,1
decadent,1
preternatural,1
dressing,1
eckel,1
concomjanalityxi,1
pcb,1
ialts,1
shavings,1
re1,1
1ass,1
idb,1
cliffs,1
ratiodf,1
loseball,1
containingforms,1
sole,1
noncongruent,1
interjection,1
clm,1
subfields,1
xconst,1
antihull,1
anandatta,1
pampires,1
sybil,1
cosartvyreck,1
balconous,1
thousandsif,1
bedesty,1
attackson,1
definitionvan,1
dissipates,1
dreadful,1
whereaken,1
aecc,1
kneeinsane,1
pseudospace,1
heartermane,1
breadwas,1
incorporating,1
disjunctionistic,1
analysisusing,1
16222,1
trounosed,1
yongeerlangen,1
setorted,1
lermalink,1
robespont,1
codomainsaken,1
tearsof,1
ppoint,1
relation1942,1
carried154,1
peppersdry,1
kingcigar,1
rust,1
226,1
examplescontents,1
inorderable,1
dets,1
roelo,1
86res,1
stadtript,1
powersened,1
sprunker,1
injectonsolate,1
mkad,1
sunlight,1
dawgirens,1
cumulatively,1
bachelor,1
drought,1
anglealitymore,1
cosi,1
illuminate,1
facedown,1
anonymo,1
simplicities,1
ruins,1
impossiblecannot,1
oily,1
burstbeamid,1
glare,1
volontrol,1
aloneidssect,1
1496,1
immclear,1
subp,1
judgement,1
slackzoned,1
polyzy,1
contrail,1
abrahamson,1
sapph,1
redoing1969,1
chateach,1
mmmh,1
bonelessness,1
elle,1
richesp,1
proveyou,1
decorating,1
situations,1
recalls,1
oort,1
stratometryfromdh,1
shriners,1
squareproject,1
intervalbes,1
architects,1
bolorsari,1
abusors,1
superscalculate,1
paea,1
faculties,1
courtier,1
setython,1
inspection,1
sepangled,1
cape,1
dogh,1
tailative,1
incheslang,1
vic,1
orkh,1
imma896el,1
advantage,1
dimensionsas,1
stalkin,1
fritz,1
3new,1
angost,1
infane,1
baddie,1
1947012,1
reaghushing,1
cdy,1
gnopl,1
gev,1
sympathyhou50,1
kgw,1
nobodyll,1
grease,1
identifiedependent,1
twootherwise,1
childmi,1
colony,1
assudes,1
blowflies,1
bussing,1
editii,1
supremochronology,1
oftentheory,1
lhercules,1
961,1
unimpressive,1
mathematici,1
arest,1
conjection,1
acoff,1
tribebin,1
allocutiblede,1
treasures,1
summedbroadwow,1
accomplishesqitched,1
5091,1
criterionclevel,1
ultimatelypressured,1
equalmathematics,1
commonhistorical,1
cadj,1
prejudices,1
jodes,1
locitions,1
offright,1
didiomatic,1
approximatologically,1
907,1
travellinguss,1
euclag,1
rakenographic,1
meetszehrer,1
areounties,1
leghungry,1
tease,1
petto,1
soonvel,1
rafael,1
oneref,1
anddesign,1
alcia,1
ll2,1
penchant,1
procurement,1
momo,1
howway,1
oneword,1
closously,1
catechesis,1
correspodem,1
mathigames,1
banachowski,1
paidbh,1
ianniszy,1
j17,1
intruder,1
outputs,1
unnatural,1
multilaneservers,1
bisomorphisk,1
greenand,1
americousefly,1
attracts,1
hyperred,1
efdffegf,1
cobson,1
interceptivity,1
practcy,1
faaaaardon,1
getsyntically,1
unh,1
ikiotta,1
poems,1
themide,1
chimneys,1
myite,1
intellectuala,1
ripslder,1
equivalentness,1
emulator,1
manifoldsat,1
nmap,1
proofcontents,1
loatheinkly,1
bragg,1
typeclass,1
enumeratorium,1
asan,1
countomatic,1
sayingone,1
patiencede,1
geometas,1
unmutableset,1
homose,1
xuan,1
pairingnew,1
g51,1
roaring,1
ngons,1
pointrand,1
punct,1
pursuit,1
remained02,1
prevailing,1
ence,1
4482,1
offended,1
mathician,1
antiquary,1
exhaustedviii,1
mbe,1
hiero,1
basisiniteoyrm,1
chalkington,1
wied,1
etcuck,1
discontinued,1
banishingeb,1
thisianore,1
dislodes,1
transaction,1
whatbcclone,1
betweeams,1
rypt,1
aborted,1
cutsal,1
thiszzie,1
imo,1
figurable,1
pmig,1
abck,1
flatteningivened,1
incredible,1
supplementration,1
grapheme,1
richesict,1
kurtleff,1
blinded,1
thundering,1
begirls,1
nullihil,1
dove,1
divertible,1
korean,1
stagger,1
renge,1
associs,1
ativenedat,1
millempty,1
wasred,1
needt,1
pioneement,1
ontus,1
officers,1
frazer,1
nanites,1
fullof,1
dameshevatar,1
maccardan,1
26ack,1
tackling,1
israelovsin,1
ancestor,1
bisanchester,1
justisms,1
secondcommentature,1
constructibleif,1
indicateaken,1
homotopivened,1
prophesii,1
pepl,1
cum,1
rectangularal,1
knownorm,1
hydrosphere,1
fales,1
andak,1
knowledgeable,1
stitched,1
strangelyal,1
skyscrapers,1
meurate,1
roaming,1
inspected,1
hyperbilis,1
claddract,1
parallelers,1
moses,1
stayat,1
hungersive,1
provesabram,1
sker,1
182,1
dissect,1
9sq,1
xmitting,1
usedai,1
dominations,1
curvesjhc,1
bookshe,1
oceans,1
usualset,1
inductionally,1
lars,1
amountcontents,1
kau,1
427,1
exports,1
transfulzy,1
joyously,1
unbjective,1
areauspicious,1
inman,1
nowzy,1
axioni,1
odexilib,1
landscapeact,1
harley,1
journe,1
superficialbuters,1
extendivity,1
forooks,1
banished,1
intr,1
mathematicaliscovered,1
choices,1
eject,1
legionice,1
lietter,1
entirelywith,1
enigmatically,1
kweakened,1
and3508,1
daprodu,1
soasmuch,1
caludes,1
occa,1
divergence,1
flawier,1
shree,1
galley,1
palmain,1
lego,1
enjoying,1
modernization,1
statebref,1
overcrowding,1
resultingfrom,1
spreadse,1
microarchetypes,1
augustiak,1
formingref,1
prerandom,1
distributi,1
happensle,1
rehaundering,1
imperfectacles,1
mordechot,1
sunk,1
solutionslast,1
regain,1
2dasons,1
triesone,1
rites,1
iifa,1
acaam,1
ditch,1
mumbai,1
reformativity,1
thereverething,1
ctf,1
broz,1
decal,1
skywithrose,1
analysisproponents,1
claimants,1
asce,1
eventheory,1
wba,1
03,1
fal,1
brokoes,1
edgesbeans,1
screws,1
multijoins,1
isp,1
openonmycd,1
containedeven,1
scum,1
itselfersigraphbokeyingmootabc,1
iomaticovermagn,1
ebp,1
enamored,1
offas,1
axiologically,1
countivened,1
converitively,1
pleasureshd,1
cmzo,1
onee,1
inkelaus,1
endutes,1
supercomputing,1
secuity,1
tethys,1
laura,1
hobborn,1
theretofore,1
precompare,1
digopyect,1
alleys,1
castesis,1
minor5,1
bulkhead,1
sudden,1
afterslno,1
poorinquisite,1
nowhereke,1
stagesbut,1
liar,1
sung,1
sailorii,1
drunkardness,1
bures,1
unal,1
xy2,1
tuberculosis,1
arrowanged,1
submarble,1
diffilevening,1
interactivity,1
18m,1
ebd,1
distractionperhaps,1
subsequencies,1
cguess,1
4v,1
travels,1
refugees,1
dearest,1
udc,1
mich,1
abductee,1
continuesand,1
fraffler,1
wickedckupidbut,1
arrowsocursyou,1
dependingly,1
absorberzy,1
supoes,1
dollars,1
anglesinc,1
redirection,1
crane,1
lowit,1
nonting,1
againaken,1
thothough,1
jaguars,1
affectsy,1
abodes,1
stretchedmy,1
madabot,1
zeroosteriod,1
subversive,1
assigningices,1
themty,1
frags,1
hateio,1
biondis,1
bowling,1
diterie,1
agrematosis,1
overseenning,1
stupidgo,1
momentarily,1
skanoid,1
kustiable,1
magnify,1
coffords,1
hansen,1
guessth,1
crusimpossible,1
17abcd,1
laborers,1
mathians,1
babylon,1
surfrom,1
afklgorithm,1
bigf,1
saxoneer,1
rcf,1
abent,1
acu,1
requirementaus,1
superal,1
gatekeeper,1
determinist,1
asians,1
introducesheimund,1
su14huism,1
carrynessors,1
deds,1
mintage,1
lolidleplease,1
unforeseen,1
spacemate,1
mregorcr,1
cript,1
bizdorfcontents,1
indexiom,1
elicitiation,1
scopooms,1
axiomiomatic,1
everymans,1
mata,1
reconstructingthe,1
makenolds,1
changelessly,1
filons,1
farsommheiselung,1
xli,1
sywe,1
decompave,1
sylvania,1
dele,1
wellshould,1
commutaddock,1
cojection,1
multivened,1
count8,1
tride,1
naves,1
roe,1
beauteien,1
metures,1
pupp,1
slandered,1
i10,1
properpe,1
legendess,1
softened,1
016,1
waypoints,1
dfq,1
meurs,1
buffoon,1
willaken,1
chasesemi,1
chezy,1
whammy,1
backe,1
gladpostasy,1
xermidine,1
demart,1
puff,1
checkwhydh,1
rallied,1
transaire,1
alexandres,1
automitzer,1
longevity52,1
certaincategory,1
mechanicaldiamond,1
accessor,1
callfor,1
foomm,1
jaguarlectic,1
buildengers,1
quavalued,1
comparatant,1
reno,1
mirante,1
damfdh,1
measureabiome,1
manced,1
fundium,1
behc,1
paramets,1
mul,1
blueheading,1
amplifying,1
showsars,1
spacebrackets,1
paved,1
aboutivity,1
willuously,1
guidethe,1
settlesrusdf,1
861,1
reformet,1
suchet,1
201,1
mmllouston,1
inyx,1
spll,1
cayodes,1
weannek,1
syll,1
basedante,1
overlap75,1
sign4,1
969,1
1922when,1
fireside,1
constantsangingategory,1
topologiesatable,1
notioncontinuity,1
jfk,1
proofrob,1
instituted,1
herman,1
protheor,1
appearedbook,1
hexistence,1
qence,1
ander,1
wigmore,1
dacm,1
homorormadic,1
mastertein,1
78,1
ontologys,1
riving,1
discloses,1
symmetryanding,1
collaborative,1
thereal,1
convinced2,1
makebc,1
quasievery,1
puttingulates,1
hano,1
meansthat,1
lackada,1
fieber,1
byz,1
mpg,1
sl39,1
denormalization,1
hily,1
fiz,1
notepad,1
codandium,1
christies,1
upduid,1
319,1
swahan,1
objectively,1
mostbig,1
unionsaken,1
zariskoff,1
moult,1
oobleck,1
chateaubrature,1
roundlongest,1
harp,1
visionists,1
aleksander,1
supremaics,1
theoreticial,1
violbut,1
overt,1
entwineing,1
downgrade,1
enter,1
brewer,1
legislative,1
sixeapses,1
sideellation,1
bengtang,1
engelhard,1
leopards,1
existho,1
cosm,1
fals,1
dudes,1
monekergirls,1
4filter,1
alcoff,1
mbaa,1
lineart,1
approppited,1
continial,1
entourage,1
peanuts,1
comesthe,1
copters,1
bewild,1
dmor,1
unbulleness,1
bulo,1
startoff,1
dfob,1
rapolitics,1
playlist,1
mourn,1
wadjet,1
openingizations,1
supposeabc,1
lolalleck,1
expire,1
averning,1
1didyoupro,1
coifer,1
manipson,1
ranch,1
equvswatch,1
existencex,1
lmfc,1
intu,1
tanors,1
maculley,1
generalizedfromset,1
virtualcardinal,1
wayz,1
bonus,1
dehumanizing,1
mpfg,1
4636,1
800xxx,1
umbiiiid,1
monverse,1
rh,1
leaffulness,1
colleague,1
cojectivity,1
onedl,1
metricemvis,1
pawelscheizing,1
cantorbbure,1
nowerred,1
progressedhyp,1
linqr,1
unmanorial,1
identptroller,1
krantzy,1
compleatiability,1
cozano,1
festav,1
aignadditive,1
ontright,1
elicit,1
iik,1
attenuated,1
galbraith,1
lowlevel,1
elliott,1
mum,1
autoencol,1
ays,1
dbcyclism,1
gc77,1
tranquil,1
subrained,1
sabre,1
basing,1
extraordinare,1
cineplex,1
skoltnagalen,1
semactric,1
bijectionimpossible,1
fallcontents,1
whenforetold,1
heimann,1
1000bil,1
resolvecard,1
racebenders,1
intelli,1
nu339fd,1
symmarechal,1
sketchsolutionfindcontents,1
worryright,1
somy,1
thirstork,1
vacuousmishe,1
handwritten,1
lemmen,1
allergichtern,1
bisoleleften,1
ansgebr,1
deadbroken,1
ruffling,1
listedoted,1
imperfectament,1
anguishomeletics,1
julyita,1
racre,1
thorben,1
dosmall,1
functione,1
debicate,1
painstaking,1
pervasive,1
attest,1
paravariyamipsatta,1
surh,1
episodes1978,1
ininity,1
gossips,1
refurst,1
crackinese,1
possessing,1
relationshipependence,1
austria,1
kindsorting,1
nanoserometrically,1
secrev,1
townolf,1
metrics17,1
bergsoniansetevery,1
jc,1
civilized,1
cnbc,1
couplesually,1
gmars,1
flaucherhe,1
654,1
yamatian,1
cavities,1
snares,1
schramme,1
karstic,1
keepgoingoland,1
insurmountable,1
mening,1
matical,1
sleeper,1
contractor,1
craving,1
poshii,1
400000,1
colons,1
ofean,1
ches,1
dijkstra,1
reproving,1
joewcalc,1
profitably,1
glitches,1
2779,1
tute,1
springlastg,1
twain,1
togetherplan,1
fonb,1
dest,1
fromdeep,1
offrang,1
thunderof,1
hanoveraire,1
wearingmap,1
reconnective,1
widget,1
consistentowski,1
assignedidentity,1
bigotrie,1
tremble,1
busboy,1
diltfred,1
assumptionbg,1
diligent,1
aiditure,1
putaken,1
skulk,1
lovesickballs,1
miraculously,1
parigon,1
proceed1,1
superathr,1
dactyl,1
radiated,1
homeosemi,1
subobject,1
sobolovski,1
zechary,1
itrespass,1
migodels,1
mistic,1
strongercontents,1
flecks,1
indexedebug,1
ruled,1
compar,1
rejectingpski,1
fundamentality,1
sabotages,1
kolipscheiman,1
utsachet,1
jocard,1
howrovium,1
wtc,1
molecularirms,1
gel,1
repano,1
generatedt,1
doesnzy,1
jember,1
pet,1
div2,1
electronic,1
notated,1
revkai,1
classless,1
rampiggs,1
superannspecific,1
veplan,1
provinces,1
downlog,1
xbox,1
2027,1
schen,1
obt,1
dunghole,1
doubled,1
doublesquila,1
wehma,1
hesitate,1
sequilers,1
excerpts,1
multile,1
afghlangen,1
gstl,1
occuroxide,1
gcjs,1
radam,1
rottenbanks,1
subarametric,1
associatedgresql,1
mixall,1
bind,1
zwhose,1
goliaths,1
schrational,1
bray,1
isxi,1
stickers,1
sierpinski,1
censored,1
tagen,1
thise,1
ahhahahaha,1
infinitein,1
setshifts,1
ofet,1
spaceiii,1
bco,1
fillinginversus,1
lme,1
scheziabase,1
numberscard,1
hsfa,1
hdfc,1
hamb,1
pooh,1
pheremachi,1
spill3,1
portionserential,1
preciseism,1
binarywith,1
tung,1
justholdi,1
demoralization,1
plaunder,1
perplex,1
spacesparticularly,1
bernardhausdorff,1
coagulating,1
cope,1
isible,1
damminhomeoversary,1
nodesimet,1
factscontents,1
myselfthatmy,1
topohedron,1
beckoned,1
reshorder,1
slowlys,1
getjoin,1
naprop,1
finagle,1
mantel,1
kavarni,1
boef,1
curre,1
chateau2a,1
ailph,1
simplier,1
opted,1
ta,1
derrida,1
codrams,1
frappenfl,1
untersuchungsere,1
metamathematische,1
fone,1
lmf,1
inflectably,1
corsack,1
euclideanss,1
rtl,1
subets,1
subgroupsaken,1
subsnaturally,1
precommitement,1
alms,1
useup,1
satellaku,1
coupines,1
inmexicano,1
wouldapsed,1
3ff,1
unmpl,1
geez,1
oconchita,1
possibleto,1
arisingout,1
powerpc,1
unbundled,1
primarilyzy,1
thatimpossible,1
axiometrization,1
likeonly,1
lapis,1
supersetings,1
symminearities,1
accordinged,1
unwilling,1
ahkv,1
containedelvis,1
unfoli,1
rental,1
educator,1
naritas,1
ravingsii,1
acba,1
uncalabridged,1
intivened,1
acrossthe,1
ejective,1
forance,1
sgb,1
zb,1
axedaveck,1
ourivened,1
baoe,1
susceptible,1
constraining,1
realitiescontents,1
chebyshe,1
robust,1
completenessoenas,1
wildcard,1
impressive,1
spitting,1
reminiscentement,1
sieg,1
edgesno,1
onlyil,1
kman,1
effnor,1
heil,1
assayed,1
cass,1
manuser,1
changesable,1
secondlyorum,1
intermediateocracy,1
sleuthing,1
warmwillows,1
distiffent,1
anyivened,1
murmurings,1
amidstaballa,1
intersectsing,1
polyncov,1
rnoble,1
frecklers,1
roxi,1
tvnvp,1
heays,1
creatures2,1
popper,1
likesability,1
bikes,1
geekz,1
embranes,1
chateau2759,1
lohre,1
borelzermelo,1
semiobjective,1
ascribing,1
yieldsaken,1
rograms,1
kalmanov,1
ansles,1
therexxs,1
wantedcap,1
paralleling,1
curiello,1
14000,1
macrov,1
axiomatura,1
weenie,1
conjectureaken,1
gruence,1
copiesets,1
holdsbutthe,1
omimie,1
bolge,1
lesoe,1
countsency,1
simplicosely,1
i18n,1
freitag,1
rass,1
wellning,1
codepathizing,1
chateaubly,1
unboundedably,1
paralysis,1
constructivizability,1
subcomponents,1
cardinaldi,1
fromos,1
mib,1
prel,1
naturwelt,1
erlangung,1
davies,1
pseudition,1
kurs,1
loitsering,1
kingstein,1
deposit,1
4akenmy,1
branchz,1
stigmas,1
costless,1
leigh,1
morax,1
demetre,1
infoft,1
waysenamesheet,1
offeredso,1
ingebrasse,1
intrinsicists,1
autosimilar,1
combi,1
kalmanovi,1
alejo,1
playem,1
namedzy,1
obz,1
nelt,1
superiours,1
knewe,1
uniquegen,1
sumwise,1
thereck,1
lah,1
potentialallelements,1
giver,1
thisvery,1
limitbernays,1
agreementbook,1
namexi,1
reologywhenby,1
deltasification,1
existballs,1
wot,1
kinematic,1
characterizationwise,1
1478,1
doesnald,1
onplanets,1
ratee,1
slackz,1
toolpenname,1
unoffending,1
genuity,1
letteraire,1
interending,1
hypinals,1
oframs,1
clogging,1
nigella,1
pronounce,1
naturales,1
walkthe,1
beddiggland,1
spiffing,1
evenorse,1
anathema,1
athis,1
bothible,1
circularsphere,1
pif,1
iwhen,1
uto,1
iqs,1
indeedible,1
minulo,1
identologically,1
clorder,1
tomathhematicaseth,1
nightaway,1
costings,1
chordation,1
kornstein,1
raining,1
weihanin,1
cdfinally,1
propositive,1
forgettingfulness,1
diskimage,1
againeapons,1
075,1
issmall,1
quakenright,1
scones,1
kindsh,1
tern,1
reluiii,1
amorouswhen,1
pall,1
geometrymated,1
economical,1
plummets,1
findin,1
abmplete,1
countson,1
freest,1
hasons,1
toity,1
versionwith,1
bilinatorial,1
hadoop,1
tanem,1
camullos,1
universalizable,1
nosql,1
bilkley,1
deformated,1
establishedl,1
enwars,1
windmills,1
surplomorphism,1
finches,1
approximits,1
orderednoabs,1
spacescf,1
origins,1
forzy,1
treebackup,1
partitionedifferentiation,1
mabf,1
negroidation,1
particularization,1
normset,1
prespace,1
slicked,1
bcf428,1
tb,1
gbo,1
inclosed,1
1218,1
ansstsein,1
kostalf,1
traii,1
jerk,1
shapespossible,1
suslington,1
harlot,1
proofimetric,1
theyadr,1
formulation5,1
milne,1
clungless,1
lexipses,1
themable,1
feingold,1
hairballed,1
halfaken,1
darketrics,1
5050,1
1630,1
convexointive,1
theorent,1
quadratically,1
baduit,1
supercapian,1
logmas,1
mathematists,1
lierstr,1
commens,1
engaged,1
daugli,1
accessability,1
clopenness,1
hieronymoated,1
spaceset,1
normore,1
foxchop,1
codables,1
tizik,1
discombobulator,1
bisectables,1
disability,1
cousins,1
canay,1
quantetriz,1
logopulo,1
1397f,1
1410b,1
found1,1
internationale,1
pdg,1
vanquished,1
semver,1
clright,1
boundsly,1
overheads,1
jov,1
drawbridge,1
leuci,1
rulelangice,1
umeric,1
spnt,1
beneaththe,1
valeofcrete,1
chipping,1
formulationsick,1
bluesh,1
aloftlike,1
murata,1
themembranes,1
notstretched,1
palliation,1
gethen,1
yow,1
yawn,1
extentional,1
odyssey,1
portrait,1
complemingover,1
lgb,1
superadditive,1
solwhen,1
wallpi,1
evenaken,1
observablewhen,1
ipaken,1
haof,1
clearlyaken,1
nowrametric,1
ballso,1
countrizations,1
prominence,1
coextensional,1
eragons,1
cpg,1
prevers,1
moncoloquize,1
nonlog,1
supressive,1
apartres,1
supractkontrol,1
categorm,1
onalf,1
6881,1
evbert,1
satisfyingzermelo,1
izcq,1
interpretationsoi,1
roundly,1
cb0,1
exism,1
partiz,1
obra,1
dugshavings,1
buggy,1
6o,1
images1384xam,1
bure,1
ocep,1
existson,1
deformity,1
fisibly,1
yoreh,1
leadeva,1
lgartermani,1
frisler,1
churchingame,1
kontak,1
skadesids,1
cobra,1
dainty,1
opencanwhen,1
preimagescontents,1
applesaws,1
visiongives,1
outcolours,1
2msps,1
averaging,1
litiro,1
phrichlet,1
blaen,1
disbuilder,1
whatshalli,1
dant,1
canardo,1
setaus,1
scorpio,1
invariant1,1
whichimes,1
irresistibleiferous,1
troubl,1
soms,1
noughtitude,1
resultfulness,1
subnaturality,1
baucker,1
isop,1
efcontents,1
theyakence,1
barreting,1
autorespenal,1
mudge,1
minimization,1
setmated,1
leisure,1
associing,1
initializing,1
spake,1
putons,1
baqfl,1
drawfuly,1
vnaken,1
waxett,1
canckabues,1
injectsives,1
cdj,1
malthusians,1
sublogirlle,1
gencomb,1
downour,1
0c,1
fraddening,1
xoring,1
conventionality,1
needce,1
gnomonical,1
zariskinization,1
eamples,1
cyclotl,1
pebbishly,1
countering,1
playshedring,1
rampids,1
avellante,1
nicet,1
santosh04,1
1045931939,1
hadaken,1
bsp,1
76,1
infiniteright,1
intersectionsin,1
odumph,1
minaus,1
originalcontents,1
akabiev,1
doesid,1
posites,1
jaruse,1
elementsnaturally,1
modularly,1
attuned,1
cimetearg,1
itsonymq,1
singletonal,1
collinearize,1
provederm,1
causi,1
nongraph,1
withinometry,1
skolaroff,1
parallell,1
failivened,1
ibd,1
lipsic,1
rectification,1
aligns,1
thearrow,1
disquotities,1
assertivity,1
sessoid,1
dgx,1
constructiles,1
drownsocks,1
primes,1
fingersbearing,1
departd,1
iqftv,1
colone,1
freeform,1
anded,1
dones,1
apartheid,1
perfectionife,1
udoped,1
mainsequence,1
wavefront,1
upwelling,1
inconceivable,1
hexagonic,1
58,1
therewithlm,1
yoursince,1
approximatises,1
bigquadivened,1
fagg,1
didr,1
mahy,1
mongrels,1
wrongdoings,1
anobi,1
middleomorphism,1
oblivionivened,1
immivened,1
wherefor,1
i2k,1
4bits,1
inched,1
premarital,1
biggerwith,1
makarov,1
quasiessential,1
finales,1
formalideples,1
tamarizaroosaurduo,1
quadrands,1
withravaria,1
msso,1
tood,1
kuznets,1
jx,1
approxenly,1
algebraedal,1
namevicultural,1
deletionse,1
duals,1
appeal45,1
simpleuple,1
gmc,1
proclaimizes,1
nstretched,1
inheriting,1
axiallistic,1
commitmentde,1
recursionalgebra,1
s0,1
coaddition,1
correctorhesisiom,1
pseudosemomorphism,1
birdcage,1
theoryymbol,1
comet,1
watermarker,1
partizng,1
ag19,1
kupendienst,1
chorus,1
della,1
voyagecki,1
quarles,1
merino,1
multiplicity,1
bluing,1
pebblers,1
generatio,1
ufinite,1
indexofgiven,1
itwas,1
nestles,1
maximalistic,1
rowed,1
647,1
kbs,1
i3os,1
donating,1
kantripia,1
6536,1
qm,1
olin,1
cleansher,1
quay,1
incanthologus,1
percyclic,1
reconcile,1
inaccessibleand,1
bearc,1
settingh,1
homomorphismology,1
supremipus,1
associativity1,1
londonite,1
393595z,1
assessor,1
foundedon,1
hadum,1
domineice,1
schemaaken,1
saysde,1
toolmark,1
subton,1
positsata,1
6bc,1
heian,1
longtobecrzy,1
includedin,1
notione,1
conversichometriz,1
susassan,1
diaphori,1
supermaxigramias,1
wallowing,1
moulton,1
zombi,1
organise,1
0able,1
numerositygreater,1
twos,1
roundfor,1
cancel,1
completeother,1
closter,1
probess,1
tulips,1
biets,1
2in,1
zahnd,1
opso,1
safer,1
borussia,1
operatorivened,1
codebase,1
terminatewise,1
shapezy,1
overmeasuring,1
explicitism,1
equipsn,1
wid,1
tyrannos,1
olhf,1
pdldf,1
blindingly,1
assayrians,1
ithere,1
backorders,1
establishedwhen,1
award,1
themve,1
tollav,1
noritzact,1
0000,1
flieber,1
mermaidlike,1
underliees,1
encodeivism,1
analysiszebras,1
pamos,1
aoeish,1
atante,1
variadic,1
unionary,1
tractably,1
wagering,1
adfcdm,1
ansefrage,1
iph,1
contravariants,1
decanometry,1
solvingomial,1
approximation2,1
moles,1
supposoms,1
inverseedative,1
semaphore,1
zakenit,1
sossoffentlichen,1
withed,1
bodied,1
postintl,1
lis,1
tscompare,1
1485,1
aardvie,1
savers,1
attempteduasing,1
armageddon,1
sinewa,1
martians,1
carpetab,1
wreathsung,1
spiderwebbed,1
doomarest,1
failational,1
gcially,1
spinoziemannian,1
ainchen,1
holdsfor,1
hierarchypains,1
disoffihff,1
nonelementso,1
defconghb,1
extolig,1
endianness,1
steam,1
hardaken,1
reology,1
2fcaa,1
harderworkingiansites,1
alderflower,1
sawspots,1
asized,1
2t,1
comel,1
remarkssince,1
applyoes,1
doisy,1
slavingsi,1
theoristszy,1
scrapie,1
generalizeds,1
existinivened,1
aig,1
brainwashing,1
hillaryism,1
hrs,1
shone,1
overzinc,1
roussy,1
supermicro,1
lim71,1
bgf,1
thenipsack,1
laudelaire,1
inequalityes,1
semisymmetric,1
interconnected,1
taint,1
naggrinds,1
flashe,1
goeth,1
supremis,1
continuedance,1
atmy,1
counterclockwise,1
crests,1
kmorph,1
corbiose,1
ycb,1
bahnhs,1
definableative,1
axiomaramets,1
atama,1
intenfliert,1
swinging,1
geometrie,1
supercluster,1
nota,1
yt,1
unravel,1
abundantly,1
macfrights,1
oiseathered,1
ourveg,1
alonging,1
solversed,1
fintech,1
resultingiment,1
wonderyyyeeee,1
whoalive,1
lexicial,1
topotaxical,1
yeat,1
ptiii,1
themall,1
mayomi,1
bz,1
fanning,1
landes,1
kalpana,1
tradeoffs,1
schratractic,1
incompletenessrel,1
blasphemous,1
willt,1
unionthe,1
followingizes,1
cardinalsxiomatic,1
semimethodedian,1
suamari,1
havarien,1
tamori,1
washability,1
concea,1
aercometrizational,1
covariations,1
seduce,1
aaaaa,1
robberstein,1
tailentidal,1
uighurs,1
netsructure,1
encodeability,1
infinityelements,1
abcgh,1
eatq,1
pci,1
notcontents,1
didthat,1
canff,1
intoivity,1
multipleleaves,1
mapal,1
screamo,1
ap1000,1
0002,1
ballsright,1
kantari,1
topologiesaken,1
seemedric,1
itz,1
qdfcontents,1
nonbut,1
rda,1
tamarooting,1
fallupon,1
camefrom,1
subrace,1
flanking,1
ultimatelyality,1
afterhood,1
familiesdorstein,1
onehs,1
bizy,1
subsequenceality,1
grapeland,1
noncounted,1
flutteredwithvoyaging,1
fdbf,1
ull,1
simplen,1
deducing,1
ofcircle,1
cse,1
sinuously,1
lexicography,1
rouse,1
singletonally,1
schedules,1
despairs,1
itharder,1
surall,1
powerups,1
kalmanovs,1
dkowski,1
ggb,1
mathwork,1
tymp,1
nongermanic,1
definiteelementsofa,1
uayn,1
unhapp,1
fasformation,1
cagliostroff,1
hypothesisref,1
subsquasi,1
subsequant,1
onaclass,1
issuesivened,1
tomslang,1
iind,1
reattacking,1
endaken,1
s1contents,1
numerologically,1
esto,1
hypothesic,1
agre,1
dimethetical,1
transfills,1
checkmark,1
nome,1
ceoneously,1
unveiled,1
homoitive,1
historycontents,1
bounded2,1
functorials,1
skandhas,1
loge,1
powersatiianswers,1
nonoperently,1
1using,1
wordorizing,1
muchthe,1
covariativity,1
equalage,1
edgesof,1
humming,1
earrow,1
commonioms,1
milan,1
quasimorph,1
sically,1
denses,1
836,1
tafinitions,1
712,1
ise,1
perfections,1
correspondenceaken,1
kindularly,1
chink,1
buildies,1
lipsching,1
ccp,1
disliking,1
footscrutable,1
balledigo,1
dece,1
concwe,1
charm,1
tamarietto,1
wooden,1
weakeniest,1
dieterhard,1
mengele,1
leedownitz,1
leiter,1
propoynthesis,1
stefan,1
restoref,1
transference,1
stefanov,1
andable,1
handker,1
floes,1
manaus,1
geremi,1
4abc,1
separately50clr,1
hadwell,1
benedictso,1
ohhhhhatt,1
byebullutions,1
godamnit,1
decreasingivened,1
zdg,1
adve,1
speakingthe,1
conven,1
ansinnesscontents,1
mapthen,1
fayard,1
impaire,1
reviewers,1
ewes,1
canwas,1
parf,1
cuttheline,1
themizewhen,1
apparantires,1
bfu,1
ashen,1
scalp,1
makeupcontents,1
odouritshgc,1
dedidivened,1
agglomatic,1
discarts,1
783,1
signif,1
3068,1
bulkreibenkotlin,1
3036,1
mkathlete,1
16360,1
flowerable,1
predictor,1
intervalsthe,1
xz,1
dictionnaire,1
3ah,1
aey,1
2hc,1
2010b,1
letable,1
xumberawork,1
anyadic,1
factorscontents,1
journeyto,1
calledset,1
morles,1
kgl,1
boundivened,1
dimal,1
8000sqrt,1
existuously,1
fundamentits,1
alumina,1
unceremonious,1
romm,1
hunder,1
bigdelright,1
pardony,1
sinusoidal,1
intol,1
qinc,1
inconting,1
948,1
etsiennzy,1
discharges,1
suplog,1
quantiligenes,1
meetsthe,1
afgf,1
clumorously,1
tarpley,1
leithaus,1
precession,1
tangh,1
habf,1
leadazes,1
hardck,1
mapsizes,1
associetable,1
communicate,1
ubiquits,1
antiquity,1
sheik,1
acb0,1
abax,1
powerball,1
teapots,1
sumbling,1
inium,1
refersidate,1
frith,1
whencewise,1
fbinstead,1
numerative,1
xinitrate,1
merogram,1
evades,1
8bits,1
onlyin,1
justness,1
sess,1
aha,1
hungersheep,1
parnass,1
cherry,1
1o,1
ndik,1
11cf,1
macarena,1
satisfyingly,1
iscorbyilis,1
50n,1
bowser,1
owners,1
keyedges,1
onkul,1
hypothesismathematically,1
inhering,1
dueesons,1
derrico,1
mocratie,1
polyequivalently,1
predicated,1
addives,1
definating,1
ricciulli,1
myjection,1
byesequariotide,1
friendswith,1
rinsons,1
dumber,1
concaves,1
billing,1
brde,1
diverting,1
bineness,1
oned,1
axiompossible,1
uses48,1
metalsize,1
subarities,1
unsubsets,1
chosenivenes,1
synched,1
chateeb,1
ivz,1
partmaker,1
inferredright,1
kairai,1
eventuallycus,1
theyqc,1
army,1
disarticulated,1
ebet,1
uningestion,1
arriveshereallah,1
intii,1
decountableformule,1
uncivened,1
algebrathe,1
paradoxeswhere,1
wata,1
beingaken,1
cardinalfor,1
smilosels,1
onempty,1
lerimov,1
behate,1
categoriesa,1
chosemiota,1
affirmsable,1
repelpoints,1
xyaxiom,1
commonise,1
unequide,1
arearsav,1
permitsets,1
euclin,1
istically,1
hereinto,1
givenan,1
bcedrawings,1
setclasses,1
reple,1
whyah,1
productes,1
cartomorphism,1
universals,1
ahbung,1
marimbi,1
kalmen,1
strictlylarging,1
collectionbuilder,1
pseudoqaged,1
aqrollos,1
arles,1
admission,1
understrate,1
secunt,1
accommodated,1
chirp,1
heymark,1
decklists,1
gridanny,1
nonconnected,1
uncolluminate,1
neatly,1
analogousedible,1
15th,1
engulfed,1
cntl,1
wereermannals,1
spaceas,1
infl,1
allocolld,1
startpoints,1
solipsid,1
sract,1
knowzy,1
comtheor,1
codorder,1
universegeneralizations,1
alexpress,1
causibility,1
startedto,1
readright,1
isacymmasiend,1
paucity,1
mathematicsicians,1
apf39r,1
framedaken,1
intervalr,1
1naturally,1
sinuous,1
thereas,1
hencethe,1
priorpropositions,1
beavers,1
jimlinsantonious,1
winnowingly,1
pertainingcontents,1
compat,1
bisectible,1
semicindical,1
uninvolved,1
ordersably,1
permocles,1
indent,1
pericles,1
noches,1
rwaging,1
sequen,1
inchescontents,1
classesn,1
agora,1
9581,1
glancezy,1
lovesickering,1
mediansi,1
poed,1
mapiven,1
metamask,1
book1,1
millman,1
suffineth,1
restorefulness,1
celebrations,1
aromasets,1
subscomvers,1
pseudoright,1
voront,1
heide,1
godelsted,1
unimportant,1
funkel,1
unionsa,1
pseudos,1
normedan,1
mircea,1
simano,1
sharks,1
sequenceability,1
lotz,1
kalmander,1
thusformally,1
axk,1
robberies,1
operatorsets,1
neighborhoodlet,1
hypotzy,1
draftsphere,1
provecontents,1
cate,1
metaitive,1
antimetric,1
findfor,1
instancealexander,1
transgeometry,1
brodskys,1
1236,1
deliminator,1
seaborns,1
relativelyhausdorff,1
minvalued,1
pk1,1
profracticement,1
mountainsis,1
kph,1
convincedah,1
figurations,1
feedbacks,1
noncontinuum,1
19n,1
tomorrowthere,1
2999k,1
generalizedm,1
prova,1
subunisimilar,1
biomed,1
sensewhen,1
chghcthatcontents,1
codifier,1
algebraally,1
fastwise,1
blanches,1
drownsets,1
aninfernal,1
gourdorf,1
associatic,1
provedthe,1
uniona,1
knowsreflexivity,1
statementslipschitz,1
canonivistbarsovsky,1
wouldned,1
leftover,1
infr,1
clausibility,1
neors,1
apaneth,1
creatured,1
uncaring,1
unequalsable,1
normatized,1
nebfarious,1
foibles,1
yousnew,1
hkd,1
morphosis,1
comparingk,1
plenipotentiation,1
ridl,1
grieff,1
alliation,1
scherrer,1
hausdorpioper,1
showstyle,1
outro,1
ious,1
withinets,1
magning,1
phoebe,1
amorf,1
ggru,1
vpd,1
mirrored,1
0n1,1
twofold,1
checkout,1
musicals,1
foax,1
cocaine,1
lusogen,1
eorderly,1
snuffed,1
fraeningitz,1
imageaken,1
alsodoes,1
impliespremain,1
commutator,1
adjets,1
dimensionedctor,1
powersausen,1
morgandancedfrau,1
1905,1
doctorates,1
naivebuilder,1
separationism,1
methodcontents,1
presymptomatic,1
restorer,1
noncompact,1
continuityskipping,1
trifrint,1
chateu,1
convectors,1
snc,1
toposymic,1
256b,1
wearyto,1
eachm2,1
kiang,1
commencement,1
concertos,1
observationally,1
usefulnessifmth,1
chasenome,1
arenow,1
nihab,1
duelling,1
uncyclic,1
metanicholas,1
neare,1
counterforce,1
obstacle,1
daniels,1
explodescontents,1
forly,1
happier,1
nuldave,1
changer,1
nanced,1
turnsed,1
salvationimages,1
masterpieces,1
posers,1
codate,1
getjones,1
piglet,1
bisomatic,1
netshot,1
repping,1
ramaier,1
welta,1
sidehesis,1
pseudowreatses,1
hardie,1
sned,1
amidstscales,1
theoremiom,1
preworked,1
vpa,1
schematicians,1
bgcn,1
gv,1
cleanse,1
egon,1
faneaves,1
consect,1
predicatively,1
equivalenceed,1
scalarly,1
failings,1
distancefrom,1
dependentently,1
grammaticality,1
skolnik,1
dialledonal,1
perches,1
unfixability,1
absconditionalized,1
bilinearity,1
retreats,1
leuler,1
propagel,1
robert,1
whiteheads,1
everal,1
hathe,1
saxonycontents,1
persecrete,1
het,1
zeroedock,1
banchbook,1
replacingzaken,1
cusnted,1
bytheagon,1
equilogue,1
liz,1
unfilm,1
introducedenumerable,1
coincidencea,1
foundedness,1
rizability,1
cousens,1
ceils,1
skien,1
isard,1
eventuallycontents,1
arguable,1
peif,1
balaban,1
gil,1
4lxx5,1
setrel,1
especiallyfor,1
trinidad,1
msft,1
universesed,1
orderedwise,1
raping,1
hypically,1
submeasure,1
farcrary,1
cent,1
theorem1,1
collectionset,1
unqualifiedset,1
intersectionivened,1
thisso,1
formedness,1
characterizecontents,1
konstrukjection,1
proofso,1
peripatetic,1
succumbing,1
magics,1
eleven,1
elisha,1
metallannings,1
hang,1
metacord,1
noncoverets,1
zhuang,1
squelching,1
tenderloops,1
someine,1
demonhood,1
studentsce,1
fft,1
eyesclosed,1
hanna,1
glint,1
propagacy,1
selo,1
prebigrams,1
countesider,1
subsetsed,1
codips,1
acierefv,1
motivthe,1
formulascontents,1
gyllenhaal,1
buterin,1
neapolitan,1
pest,1
suitde,1
workman,1
modelsed,1
showseredality,1
jordon,1
kar,1
afinal,1
hastily,1
alje,1
populating,1
identityset,1
semivalued,1
thunderasome,1
hamid,1
indivz,1
qarsi,1
05s,1
itoms,1
pointsed,1
proofa,1
makis,1
bdnt,1
ramars,1
useible,1
hasuntil,1
solihull,1
wetsuits,1
cokurs,1
desks,1
throughoutall,1
skimmer,1
passivened,1
tif,1
mongolism,1
trisected,1
ultimatelyzew,1
flourishes,1
onlyed,1
intrey,1
doneale,1
19351918,1
smoli,1
absurdness,1
everyright,1
hgpd,1
ighey,1
xb,1
argumentning,1
factinset,1
replacementfor,1
rekendienst,1
quem,1
gnure,1
autocorbase,1
abled,1
throughllin,1
didigarde,1
dhub,1
stickars,1
foward,1
databanks,1
abdef,1
tessellation,1
ghmc,1
gavarnax,1
suchizationaken,1
overlim,1
mating,1
db2adic,1
postfilter,1
naiveindexed,1
cutsise,1
ebarn,1
1nt1,1
submoduli,1
weaning,1
rightb,1
reduceate,1
busskillel,1
flicters,1
axiomsdually,1
languagesexercises,1
netsel,1
invariantsies,1
ikhail,1
findthere,1
millenials,1
7y,1
alwayasivened,1
thatdera,1
basedattention,1
constructionator,1
operability,1
asymptothesis,1
ravenously,1
thinsulate,1
recursivelyaken,1
cupoint,1
rousse,1
theirophysis,1
getx,1
nothingnegative,1
looksos,1
fray,1
spaivened,1
toposomorphism,1
lingus,1
uponmy,1
classeth,1
abbyf,1
theorism,1
ad2n,1
fo1m,1
beethovenian,1
spedalleg,1
wordists,1
faf,1
fothe,1
orimum,1
rampace,1
tamarinnable,1
axiomprop,1
justum,1
13v,1
enormously,1
cosbys,1
spattering,1
asch,1
dixson,1
2ierzy,1
exrm,1
2hypothesis,1
dmb,1
ransacking,1
positely,1
iotaiii,1
il2091,1
2ulo,1
multilineality,1
recall,1
plisets,1
decoupled,1
kek,1
whips,1
bugah,1
1272,1
differentiate,1
togetherforming,1
setso,1
helmeted,1
1954,1
uler,1
lotam,1
seasonary,1
constructinged,1
amarr,1
leets,1
suslice,1
structuring,1
internaloreact,1
cothere,1
fermit,1
shhhhhh,1
oid,1
alzheimers,1
957,1
2700,1
saneaggiulate,1
pseudoseconded,1
monkeys,1
descdecision,1
denseed,1
obhasorption,1
dlreflexivism,1
whaleson,1
tangentals,1
journals,1
2572,1
minicom,1
signalled,1
agreeant,1
exactlywitness,1
waxy,1
rski,1
exponenta,1
baahahaha,1
evas,1
obstacles,1
saids,1
vacuum,1
dadoometry,1
plied,1
modulings,1
endimages,1
simplifyinginvitation,1
setszc,1
provver,1
onese,1
supremeness,1
flexibleymimetric,1
withor,1
hyperref,1
subempty,1
pestilonies,1
comprehensible,1
anopen,1
henceforward,1
frombg,1
rdu,1
qutherel,1
infringement,1
phg,1
bilbiform,1
barium,1
dedekull,1
tacitxer,1
proveanother,1
deckcrossed,1
lapin,1
nal,1
hardys,1
abaxis,1
propositionject,1
yeomans,1
wfft,1
practized,1
stylish,1
andoes,1
centerid,1
imprec,1
ptr,1
unequilineal,1
usee,1
balaschitz,1
infersudo,1
pseudometris,1
coffets,1
swdthere,1
sterilism,1
robusted,1
dmf,1
milosov,1
af4,1
theses,1
leedert,1
turnessimistic,1
tollborentine,1
epsiloned,1
firstim,1
connectible,1
10zy,1
rhapsody,1
suites,1
urivities,1
ionkel,1
atlas,1
wellplayed,1
arnottre,1
manifoldlxi,1
castaliantetrization,1
willest,1
memoacy,1
paradoxin,1
lessing,1
microtones,1
1iaunder,1
keyway,1
ampeg,1
fe3,1
hopen5,1
mirelai,1
generalizens,1
heroon,1
usedivened,1
polarize,1
uprisings,1
pincus,1
wes,1
closemindedness,1
planesable,1
aclean,1
digit1,1
despotisme,1
dienological,1
sobolems,1
holdingioms,1
nonplaneless,1
campfires,1
tricket,1
fortari,1
intrinals,1
subaial,1
otherworldly,1
putfounded,1
flgc,1
preflowing,1
perse,1
thisi,1
correspondes,1
adamall,1
1956,1
hokum,1
reifies,1
intirely,1
subquasiatively,1
topography,1
muckrock,1
dicta,1
dbexists,1
postulatescontents,1
funitations,1
anii,1
flutteredx,1
deckey,1
definitives,1
referringkeys,1
fanoi,1
desuritute,1
reckoning,1
sidekink,1
mako,1
sohoense,1
precompute,1
fairert,1
wanton,1
andoft,1
weentravariables,1
dander,1
neol,1
beanie,1
ondb,1
equinumeracy,1
capsilateral,1
uncorrelatedness,1
rarefinite,1
cohnle,1
unfiltered,1
inlining,1
interalescing,1
unvalued,1
premap,1
submathematicaantives,1
falsifiable,1
skinn,1
youpplications,1
revertendors,1
premodulate,1
tarnish,1
implicationsansion,1
multicomitants,1
shrinkness,1
cair,1
disconcerts,1
18x,1
buildings,1
cockroachiemntright,1
merciunt,1
harrasses,1
heech,1
cutsain,1
badgesh,1
carey,1
beginners,1
monometrics,1
mindsaken,1
radicalcontents,1
bahahaha,1
abbreviationszy,1
proveded,1
retry,1
routers,1
lassarella,1
meinglass,1
setsfrom,1
unzipszy,1
bijectivityright,1
donepezips,1
phenic,1
6k,1
deltoids,1
dished,1
2ms,1
balconcy,1
childbirth,1
normoregister,1
2226,1
3dis,1
rigue,1
alps,1
notion2,1
schemaat,1
oef,1
ower,1
pertinent,1
cotext,1
sumo,1
hocks,1
kleier,1
sousa,1
wffli,1
pseudongewords,1
dirichles,1
mirorini,1
sosostriss,1
amn,1
benaturally,1
idipation,1
5093,1
bernaysetti,1
kuhns,1
friedrichs,1
diffuss,1
aetects,1
dijkstras,1
dynamnet,1
prades,1
peopless,1
indiscernes,1
biverse,1
katerina,1
admissiblez,1
requiremento,1
cruposts,1
supersymmetric,1
scalepost,1
jaina,1
pathnano,1
quantifierszy,1
v1a,1
quasicons,1
disall,1
frodo,1
powersa,1
weibo,1
logarithmetically,1
freak,1
baden,1
infoleaves,1
intraplex,1
adacontents,1
elucidating,1
cardinalizations,1
originallyfounded,1
heiskind1978,1
permitting,1
voordich,1
compacterm,1
autoenc,1
2a8,1
adsince,1
operationations,1
semming,1
axisofancestor,1
tracingcontents,1
comedically,1
borere,1
downplayed,1
homotopycontents,1
cardinalisk,1
rads,1
maxumming,1
prototypically,1
hic,1
spath,1
incommensurate,1
srespins,1
cael,1
shutterstock,1
vorichlet,1
endowedness,1
castibility,1
decave,1
writeuster,1
coproduced,1
sparrows,1
hfs,1
hyphenmart,1
spaceivened,1
caughtore,1
denomonos,1
grav,1
bdvi,1
cardinalstein,1
doa,1
followangelo,1
itselfidding,1
vdb,1
kan,1
hentaial,1
roscheduler,1
scentswhich,1
simplicits,1
smoothmap,1
vaiopsied,1
leaveway,1
illiquidity,1
circumscribing,1
dausdor,1
blaupunkt,1
weakest,1
arthic,1
firestorm,1
endareths,1
comparedincreased,1
szram,1
potatoes,1
metaimage,1
zfcationary,1
machineryized,1
swore,1
3y,1
testair,1
outci,1
standardisation,1
propagiet,1
normivened,1
algebray,1
axiom1,1
undersymmetric,1
rathert,1
operon,1
someso,1
foreststhe,1
alonegc,1
thereorzy,1
plundered,1
subal,1
sao,1
locau,1
euclideans,1
diminumber,1
fregebras,1
cesium,1
imitative,1
odorf,1
formulaicative,1
bigbb,1
basedin,1
quasimorphisms,1
homearugent,1
lderland,1
sublingually,1
nonestrom,1
2050,1
wise8,1
associatedability,1
predity,1
countability2,1
loseable,1
freeformation,1
afility,1
ropsilon,1
beyondmy,1
dwise,1
needz,1
metamurkowski,1
gethard,1
quasimutation,1
expandingsemantic,1
hasanish,1
axiomosecond,1
ballad,1
lasted,1
muggy,1
gaugespainting,1
kollein,1
attemptations,1
exemplified,1
euclid1,1
axiomsize,1
frozensets,1
normedorf,1
skriptyk,1
tilts,1
locutions,1
pairsize,1
foundationso,1
ito,1
naturalesize,1
rarest,1
fringes,1
martinowski,1
numberops,1
interestedialek,1
baob,1
dausage,1
overright,1
andado,1
indicorn,1
amelies,1
intrapower,1
multisorting,1
2850,1
sufficiitely,1
inducements,1
againum,1
denominativism,1
nobler,1
neededing,1
provcorrier,1
semiring,1
pleasuring,1
overated,1
multiplicationpurity,1
2qinstead,1
60527,1
dependenceomatic,1
misconceptions,1
emotionlessly,1
usingprefswhile,1
algebrasher,1
maximi,1
dupl,1
presistent,1
hpes,1
followedhen,1
normslet,1
arisescontents,1
recap,1
heures,1
setsmapping,1
hereabove,1
gmmnci,1
illydorf,1
systemfor,1
tamarashes,1
prefet,1
variesby,1
tortuous,1
sieges,1
infinitebulk,1
jumalacontents,1
collinearizer,1
posy,1
d68fding,1
qav,1
walla,1
polyadic,1
las,1
skitidoo,1
compactablyintervalwhen,1
ploply,1
lejective,1
subsetsi,1
objectiv,1
compactability,1
vices,1
enimivened,1
3d5,1
sows,1
btq,1
imei,1
childiz,1
setsacy,1
resometimes,1
starly,1
dormute,1
maneuvers,1
provez,1
identictonomic,1
powersnap,1
subtones,1
locosamples,1
sothe,1
supremedication,1
mehl,1
wenn,1
repquellant,1
recovationalacy,1
rucker,1
rbf,1
hiiu,1
helpmy,1
refl,1
countof,1
pku,1
dauphthalle,1
assy,1
quackenbush,1
bernaysrand,1
ruleszy,1
putativeaken,1
perfectioniz,1
itsiable,1
middleman,1
gf2,1
putnams,1
godly,1
derivature,1
differentiating,1
kiollante,1
bize,1
assertorial,1
whatlogram,1
ofunity,1
opine,1
paralleleomorphism,1
freiburg,1
wohlt,1
coffering,1
themoes,1
todayano,1
decommissioningofallmyidolentries,1
concem,1
weiunspf,1
multiireelement,1
plag,1
shallwe,1
aront,1
bisdale,1
surly,1
pseudosemally,1
byusody,1
biswajit,1
simplyinform,1
ofdl,1
indiscending,1
geth,1
lodicative,1
minibus,1
twerthe,1
limitdefinite,1
rightfg,1
automatizations,1
equalitylmeh,1
promisingevening,1
unjustifiablefor,1
leland,1
inflements,1
lmu50,1
sincetime,1
differencexiv,1
signedfraenkel,1
respect2,1
repute,1
nonlandscapeso,1
derivationsant,1
rale,1
banzai,1
14bp,1
continuosily,1
lebedere,1
twoinf,1
tuck,1
blabbermouth,1
bzorn,1
trinite,1
moreheadales,1
resultality,1
laetrization,1
hims,1
sideg,1
flappings,1
illustrationsbugs,1
existenceant,1
qthe,1
conflictscontents,1
squaresthat,1
ivalently,1
0tu,1
convergenceinfical,1
5800,1
propsiem,1
fsuch,1
idiomic,1
cumps,1
posts,1
dummy,1
shm,1
netsaken,1
notheredipsos,1
profoking,1
mpde,1
homokou,1
nonrotating,1
feelures,1
capule,1
fruitful,1
brokenlink,1
iirarih,1
geometrizacy,1
naivete,1
rationalizes,1
chooseright,1
intkowski,1
idelion,1
corcorans,1
izzle,1
amart,1
logicausbefore,1
disclosed,1
nocan,1
constructiblepost,1
sincecemi,1
usesical,1
hemicep,1
giacob,1
superheated,1
neverably,1
clues,1
sortability,1
helpings,1
varrics,1
tamarindaki,1
huula,1
blackbernstein,1
expansionally,1
crosshairs,1
uround,1
dissimilarities,1
attunement,1
exceptionality,1
specifier,1
athere,1
inivened,1
volleidigkeit,1
poscf,1
wantsplified,1
unspan,1
nost,1
clearlycap,1
comeau,1
themselvessteven,1
intendeded,1
ametrics,1
problemsproblem,1
tlm,1
hypol,1
vilgen,1
twitpicivity,1
zu,1
farness,1
noncompleteness,1
3in,1
disjunctive,1
transients,1
otschyfrac,1
restarts,1
ifinf,1
againedlet,1
noonehasvelves,1
anoleithymal,1
decaysize,1
notve,1
heg,1
submathematics,1
disprognostic,1
raves,1
bbao,1
allaround,1
trivialzed,1
akch,1
evaluationright,1
spherez,1
encephalosing,1
mapauge,1
dwaki,1
nagrad,1
seemseveneraken,1
mapoverif,1
attone,1
proflig,1
gfhca,1
netsfrom,1
disquarnaces,1
loco,1
bernaysit,1
preproblems,1
baps,1
stronglydoes,1
dattaam,1
monism,1
differentiablefor,1
yd,1
topossibly,1
afterier,1
workcontents,1
definedfrom,1
recompimet,1
gaudetis,1
fregeproductions,1
rankmap,1
byorder,1
bigpsilon,1
bijects,1
8bc,1
paperback,1
evenlyso,1
mannerad,1
redd,1
0x3,1
oxcart,1
uniformivened,1
fabric,1
filament,1
georgander,1
congenital,1
unassumable,1
contrapersonal,1
flowsright,1
fanonitz,1
splaying,1
relationals,1
raid,1
b1994,1
wereisnix,1
supersetizing,1
12077,1
gorder,1
verbat,1
proveformal,1
axiomatism,1
essentializations,1
lowerboundary,1
supremoreality,1
gapsaken,1
provingolems,1
andromed,1
brieflyified,1
addement,1
aiorders,1
yooyn,1
surmiseess,1
obeied,1
hungar,1
027,1
hob,1
cok,1
convergulates,1
triskeloidal,1
profiancles,1
lack,1
gnawls,1
brineous,1
froma,1
zorogginriemannowski,1
fraenkelsohn,1
dimmer,1
jagle,1
sae,1
astroturphy,1
whitehead7876,1
pseudoheme,1
unpredecl,1
bagular,1
algebrasmanagem,1
pluralistic,1
ricohs,1
dhv,1
arbeitung,1
preb,1
billowing,1
kef,1
pliasmas,1
tar,1
heel,1
superspot,1
weakifier,1
adhvam,1
recombine,1
reactions,1
friendsofinformally,1
joinlm,1
bladhvamal,1
subsetrights,1
iodd,1
klimpieter,1
ellipt,1
chaire,1
revisitedcontents,1
abramsents,1
sendach,1
uptown,1
worthlessas,1
ontologicalists,1
informatively,1
vobile,1
bookcase,1
surjectors,1
north,1
thereuld,1
rankbefore,1
ercek,1
kinematics,1
dawnses,1
baltois,1
axiomizations,1
literallyskolem,1
hause,1
5able,1
specxi,1
discv2,1
yorker,1
byekowicz,1
brontosaurus,1
jot,1
13cd,1
nonconstructed,1
endows,1
manichaes,1
returnsability,1
ducknoble,1
digitally,1
symmetrizations,1
tini,1
conqueredin,1
byetime,1
formate,1
stonezy,1
kollembian,1
thatoooooooooo,1
quilogue,1
supremorisk,1
brobding,1
reorganizations,1
transcendentalivened,1
setright,1
axiomists,1
demarcus,1
dedivened,1
unreferendumzy,1
taurus,1
tileable,1
representedhematic,1
2714,1
wlim,1
nowox,1
domainzy,1
copsesilon,1
clorderous,1
plumesivened,1
latticework,1
divideso,1
iangue,1
contiguously,1
mereumps,1
cano,1
fermilaud,1
drawable,1
transiverseed,1
rahmatric,1
clelete,1
obviitus,1
alphah,1
waddled,1
iwatch,1
hamhardi,1
theoremthe,1
orderproposition,1
ultramack,1
likeangelo,1
watercol,1
jury,1
1928metric,1
independenceality,1
equational,1
combable,1
thinkin,1
charting,1
iaf,1
mappingfromernest,1
kantripada,1
homologed,1
thorwin,1
eth,1
pathzy,1
headset,1
opdb,1
tepper,1
lumberj,1
mappingedence,1
ledgestone,1
countablesetctor,1
survelling,1
inori,1
yerdo,1
bigrightarrow,1
inferiation,1
enierm,1
asextrapolation,1
unionized,1
0oquestions,1
contrivance,1
bouttspacequotogue,1
january,1
scapades,1
ancol,1
cks,1
izily,1
ringsed,1
hierosemi,1
evasiomatic,1
obey,1
profilied,1
proveausomorphic,1
fluster,1
lind,1
summodal,1
itin,1
heheal,1
hundleysin,1
formaleth,1
limmp,1
axiomaticizing,1
akademensen,1
tracy,1
liebkowski,1
dowsing,1
pauper,1
superspicious,1
trianglesivened,1
branchality,1
lesseragon,1
respectiveness,1
greaterf,1
chevalier,1
054,1
metab,1
gbso,1
obelementsfrom,1
combiner,1
vols,1
superpositions,1
methodiemas,1
androphyry,1
whack,1
searchuri,1
tyed,1
1967,1
insteadimpossible,1
scaleshot,1
bolzanobackgeber,1
nf5,1
cony,1
uppermost,1
automorphans,1
infidocinite,1
wta,1
wassardausdorff,1
anum,1
dauphins,1
elias,1
boundset,1
ormending,1
microim,1
ackerorm,1
idochiomorphisms,1
suprobust,1
maharnidams,1
unitholders,1
decimalities,1
disarming,1
broach,1
ba78,1
wigglewhen,1
pseudomon,1
plainold,1
severous,1
onewise,1
newugeel,1
conqueredincendiiiiom,1
weirdperhaps,1
decendered,1
dfazy,1
stopnowing,1
firstto,1
problematically,1
ismia,1
spelo,1
unfollowed,1
fractionally,1
1so,1
beeniii,1
conceptsv,1
semmetrics,1
achilles,1
pectis,1
kshoenigs,1
liked,1
nocard,1
sative,1
elbowing,1
builderjit,1
metasword,1
ambitionsiose,1
t1esxi,1
voya,1
spesorno,1
adjustments,1
powerfrom,1
basker,1
dreamshine,1
whitt,1
marxesextract,1
youams,1
outcasts,1
brainstems,1
zelizave,1
expressedivened,1
suzys,1
didop,1
mathematiciansuse,1
usedto,1
chetativity,1
geometrary,1
yakin,1
2tu,1
noidal,1
abbf,1
additiones,1
aberg,1
uninterestedjermainbernstein1997,1
calvi,1
camas,1
manipulations,1
includeex,1
wwii,1
clustamappings,1
mildly,1
barre,1
thinkigously,1
errrategic,1
mainsovereign,1
movable,1
divinerighthood,1
133505,1
worried,1
iner,1
fleeces,1
shows10gb,1
ultimli,1
countes,1
ramigl,1
leftociativity,1
plentiful,1
nonstrategies,1
fattoo,1
clopenf,1
constructionsaken,1
unquoted,1
axiombreaking,1
7contents,1
cansam,1
amorousness,1
14453861,1
pajfa,1
lookedogen,1
setto,1
spiele,1
amidstscrammmm,1
endurablenaturally,1
ycd,1
bordered,1
isating,1
neverthelessfor,1
stan,1
properquivalent,1
valuesets,1
characterises,1
billet,1
daysuge,1
pseudosaurias,1
juliem,1
smithers,1
fleinzy,1
doubtlessly,1
proplicial,1
bsefficiency,1
emissive,1
congenial,1
askingcontents,1
doesned,1
smallylax,1
identginand,1
encloses,1
bialyce,1
compgiac,1
truncated,1
finallyicject,1
crownq,1
rearnold,1
yoenlein,1
caesar,1
oddum,1
harrow,1
relatim,1
failxes,1
continuomatic,1
groundwork,1
rodcontents,1
frayed,1
zzattala,1
rtzy,1
normaling,1
hamilton,1
boundedable,1
freermes,1
inflata,1
quenches,1
deviation,1
geometrizators,1
overm,1
waddles,1
extrapolated,1
sphard,1
crowbars,1
earlycombinaries,1
piketty,1
limorphists,1
unavailing,1
arguingets,1
relylessly,1
fovientsalsatically,1
mhz,1
cofc,1
mpf,1
integersin,1
spacesets,1
subractors,1
basar,1
corridors,1
playstyle,1
plusesfinite,1
solariant,1
builders,1
topa,1
dummett,1
102,1
icell,1
itscals,1
theogr,1
overversions,1
remainsp,1
mym,1
apfd,1
duncans,1
injectiving,1
halford,1
hardstein,1
tempter,1
simienice,1
hamburghow,1
agdb,1
exaggeration,1
proclaimth,1
cefor,1
ensembling,1
threasy,1
prezy,1
amulet,1
finitaire,1
thisveterate,1
rizax,1
badadpage,1
chob,1
3h2,1
xn1,1
unck,1
mindless,1
aor,1
generalisable,1
expansionality,1
broaden,1
spending,1
setsthe,1
aspergillus,1
entombed,1
hlin,1
frauenst,1
fassilier,1
topian,1
amidul,1
definiode,1
pasteurized,1
fgb,1
enablepassive,1
eoc,1
belongingcillarella,1
fastinit,1
branchesation,1
dfilter,1
equiacious,1
epj,1
dhhy,1
homeo,1
foundationsiom,1
amarc,1
8bcb,1
logarithmizable,1
dso,1
blindly,1
alld,1
centrepress,1
reminiscentiz,1
protheology,1
regularits,1
prague,1
proponentsqiang,1
smulinkowski,1
domodedek,1
filterindex,1
olem,1
wretched,1
debrisification,1
bedon,1
witnot,1
dependson,1
murakumo,1
relationsedeloan,1
doofractically,1
tamarink,1
wouldnll,1
mathmaestro2013,1
buildup,1
toons,1
enumiously,1
carelessness,1
familiessuch,1
nby,1
sweetening,1
speakingerbuz,1
derespondencies,1
sizeswhen,1
mediocard,1
hlig,1
cardinaledekind,1
notowski,1
infinct,1
advocates,1
nzel,1
spadih,1
tooot,1
bbk,1
normioms,1
ardf,1
concemet,1
absentetonization,1
determinance,1
sinetrics,1
hyperpositions,1
coreses,1
specificness,1
incategory,1
berm,1
sceneanother,1
decease,1
anhematrix,1
sequester,1
supakenay,1
voluminous,1
voracious,1
coffinaire,1
injectr,1
gallew,1
hausdorbes,1
formsizing,1
tdupez,1
builtobserver,1
ablesets,1
idine,1
domene,1
fchesh,1
colloid,1
tron,1
1450,1
80100,1
dreamily1so,1
uncircumscribed,1
continuum0,1
theorystudio,1
editionu,1
3h,1
mapiose,1
metamomathematical,1
operatorsle,1
neverd,1
topologizations,1
upshot,1
kalst,1
spasiadic,1
phonics,1
starbandsong,1
readingwith,1
opensweet,1
fallfore,1
ansarsky,1
coderex,1
marpoints,1
ahlquist,1
nowkel,1
zaxiom,1
noninformally,1
observablezy,1
philander,1
fraternal,1
movesitimetric,1
sensesinson,1
codinames,1
millert,1
basins,1
chugs,1
superbernays,1
ontempotism,1
roundau,1
trickze,1
ess,1
fathers,1
fmc,1
spasskys,1
outf,1
thanedthe,1
hearntelder,1
oright,1
vaire,1
christmas,1
saysthe,1
403951,1
metalleable,1
perversely,1
0xcd,1
2dfa,1
stringsavariables,1
3450,1
weavers,1
inetime,1
mapsets,1
griswold,1
taxonomies,1
bill04,1
therem,1
cogigious,1
jealousy,1
propogue,1
ez,1
coex,1
continuumzy,1
quadrilaterms,1
sinceceremonition,1
cay,1
iffor,1
searchesp,1
problemas,1
preorderby,1
themaxiom,1
ledoras,1
stb,1
nagashs,1
insteadly,1
that3,1
turn2,1
violets,1
normative,1
impor,1
eloise,1
intojection,1
gobballs,1
peanoqu,1
definativ,1
superboy,1
penumbra,1
congruencecontents,1
provants,1
completeall,1
biswass,1
ivena,1
wordered,1
nowherebeautiful,1
offsets,1
megal,1
4cb2,1
playbase,1
whne,1
smoothed,1
specends,1
matterional,1
approxlations,1
tarv,1
jordans,1
parity,1
aversacientals,1
seqcontents,1
definacy,1
dependsy,1
biographic,1
increasein,1
directlyx,1
formolo,1
resistant,1
qrt,1
mapsaken,1
inductivelyiomatic,1
derivability,1
runnin,1
amidstaboxis,1
immme,1
lnt,1
biggerkuse,1
lecherme,1
sareshen,1
motivationows,1
hasinsided,1
anyaken,1
dynamicsolving,1
differentized,1
marred,1
keyset,1
dissipation,1
tacitum,1
linesthe,1
assignive,1
factore,1
inficates,1
foci,1
rearchitecture,1
discontinencies,1
seemstogk,1
finnet,1
2639,1
bier,1
obdm,1
juge,1
stalfotypes,1
therecol,1
allyv,1
2318,1
hebr,1
i83what,1
ression,1
suchset,1
metapructure,1
nowherepre,1
rho,1
microcontr,1
chel,1
idiomits,1
misesiter,1
805,1
cardinalzoles,1
typecastedifferentiate,1
valleyscdv,1
admk,1
ivivened,1
relatable,1
from1,1
canab,1
douards,1
mad97,1
outstart,1
entries,1
formam,1
intelligenceed,1
himself5100,1
metaarchitecture,1
youerra,1
thatd,1
maththeta,1
remodeling,1
prefering,1
cobwebs,1
michrors,1
myraus,1
quasis,1
mipschitz,1
mclemmedian,1
precount,1
stupendous,1
suchian,1
hapless,1
antineolic,1
quasicles,1
multispotent,1
ulema,1
wellorder,1
zippers,1
carr,1
1795,1
jens,1
subcomp,1
counterespnd,1
trisector,1
rejectably,1
kidd,1
reduhf,1
deuced,1
dpd,1
qdugsturm,1
reph,1
charles,1
11772,1
zbc,1
mindlessly,1
extents,1
urel,1
robeson,1
43,1
olbo,1
clustomial,1
dedekin,1
rains,1
fhmm,1
iskarti,1
kyph,1
subrasets,1
modulicontents,1
mannequinser,1
kennedy,1
orchery,1
trouang,1
deformating,1
arguew,1
pabuterose,1
rationale,1
yw,1
outperform,1
castlebuilding,1
folding,1
heartsbleed,1
ucontents,1
cgx,1
georgics,1
oftenian,1
binumer,1
encodecontents,1
skybase,1
independently1,1
pseudorandom,1
prevariet,1
gli,1
meaningually,1
logarithmwise,1
splitsational,1
dueefficients,1
myambush,1
florentz,1
parables,1
copulas,1
fraith,1
npg,1
theangle,1
ppts,1
mightilyodgf,1
countmy,1
milllet,1
whilequadratic,1
weaknessesern,1
1860,1
1for,1
meats,1
topsymbol,1
snowsorms,1
asphen,1
lacts,1
hunch,1
loyally,1
fanta,1
ladder,1
refersenumerable,1
1483,1
bolstering,1
microsiderisk,1
hellstein,1
theopathologie,1
moonunification,1
negational,1
themingsinnocuous,1
beinite,1
obq,1
espa,1
aqge1,1
purelyas,1
embryo,1
qty,1
glacial,1
logjamming,1
metametrizability,1
faddies,1
fruitably,1
kneeiii,1
yokon,1
knaus,1
irrespectivehow,1
mustows,1
hamelin,1
hexamater,1
hammerwerf,1
supports,1
powerbound,1
renov,1
parnas,1
tamaraddi,1
becomecontents,1
dioraki,1
paragonically,1
coproductable,1
hereinafter,1
brieflyaken,1
angosts,1
kashimoto,1
symmetrically,1
dissh,1
mangy,1
browald,1
peabody,1
exhausting,1
superpose,1
memoize,1
inknot,1
doodle,1
broe,1
hymnsd,1
whoseoms,1
nonexists,1
deeplyudes,1
cfv,1
definitionso,1
tenets,1
waysince,1
urnishing,1
wayszy,1
abolets,1
stirung,1
proker,1
definifiers,1
complementally,1
subcircle,1
shalf,1
limitstaken,1
illustrativeizement,1
coche,1
manyskipping,1
handicap,1
unequalsization,1
iossible,1
sizeed,1
romshev,1
bodybuilder,1
onkel,1
headed,1
fixedational,1
3hn,1
6es,1
returnsos,1
proveausdorff,1
hadructuref,1
10xas,1
badassanced,1
badenoff,1
troops,1
adniesciatibility,1
metamathletics,1
corrigendum,1
beausoleus,1
lemmasation,1
foricken,1
thnt,1
skype,1
shoy,1
sybils,1
alphaburacies,1
previa,1
hex,1
resultthe,1
differentizing,1
viceis,1
openings,1
dtna,1
topowski,1
hieronymosets,1
negativate,1
incompletenessas,1
remainole,1
subschars,1
derivatives,1
mealthough,1
cruxolemn,1
nonhierosevarious,1
paperszy,1
firstname,1
ansumes,1
methinks,1
thatsetset,1
zwq,1
multimethod,1
zoezy,1
graphuler,1
riselunds,1
schopeninfucker,1
prosachzeiten,1
representivity,1
norref,1
evolve,1
extrapolation,1
scaff,1
linted,1
periods,1
913,1
pmfd,1
hxi,1
s95,1
preventably,1
amenatech,1
flowszorn,1
solenoid,1
hcic,1
bfss,1
logarithmicssemison,1
intuibility,1
sagg,1
kalmaninoffs,1
mahore,1
udayaoyama,1
overdos,1
basexy,1
compossible,1
caedex,1
untoerectf,1
linearlycontents,1
prefinite,1
equater,1
followingations,1
spittle,1
fbv,1
pires,1
cartoony,1
subknot,1
commoner,1
knotspace,1
aik,1
dlopen,1
cohave,1
oder,1
xrange,1
hamard,1
logaken,1
assiom,1
suppures,1
numbers3,1
upb,1
incapen,1
hardballs,1
hazelstr,1
frplfcf,1
tamarinn,1
uniforme,1
fdq,1
bilimals,1
eless,1
prisonboy,1
mengistorm,1
taxonomyv2,1
ntropy,1
instancefrom,1
doorknob,1
herah,1
upend,1
helliema,1
reallyhey,1
novoaken,1
subcapacities,1
propagationcontents,1
redamesceles,1
againmy,1
stuffw,1
brokenges,1
uncharacteristic,1
lear,1
ch3,1
continuumacys,1
buglog,1
skintones,1
snot,1
logarsed,1
wasric,1
7200,1
wroteasiased,1
cbl,1
yawkpi,1
sideshow,1
cd0018a,1
axivenedat,1
kalmanian,1
peices,1
anc,1
itnitarianopoly,1
cardiffed,1
bigto,1
doings,1
abgh,1
aardip,1
sumivened,1
definally,1
reentrant,1
phalkyzima,1
lctl,1
bolman,1
pravle,1
circumvents,1
escagetric,1
resultset,1
vanishing,1
operationalisation,1
necks,1
roleplaying,1
gameszermelo,1
editbefore,1
brawn,1
ansberg,1
renfilling,1
enoughek,1
bypassible,1
suci,1
copon,1
dimensioned,1
wtih,1
rea,1
checkers,1
canisters,1
uncapable,1
directedllium,1
hussaken,1
aidyljeans,1
vied,1
powersolems,1
brownish,1
lengthality,1
footst,1
relatedtions,1
yount,1
wille,1
emptyable,1
cupible,1
gathering,1
thanarchigraphically,1
equalifies,1
solomonally,1
mapprop,1
constructivismviz,1
algorithcal,1
enset,1
youvel,1
finderadic,1
hkado2,1
associck,1
elais,1
functoring,1
incapableimals,1
dayadh,1
myadacto,1
tensarounds,1
semisymosa,1
smallwise,1
impregn,1
spits,1
rattle,1
100j,1
kantrand,1
usumerical,1
retheoretical,1
propagitationen,1
trainage,1
egq,1
fraenedetti,1
spacesivened,1
rectilining,1
invariings,1
worthlesscontents,1
dommard,1
diagonalisation,1
disadforming,1
hellion,1
algebraseneuve,1
avatar,1
orents,1
approximationsism,1
realatives,1
likeivened,1
supersimilarity,1
discoverables,1
logarithmized,1
stagewise,1
assche,1
maxitivity,1
10r,1
ahmetim,1
senseso,1
omponent,1
unsuone,1
punchable,1
bcfc1,1
sufforients,1
ahft,1
uid,1
generouss,1
highervalued,1
metamaterialistics,1
metambulation,1
roughcoated,1
ifwise,1
otherplan,1
imrelate,1
lapsie,1
enfermention,1
egs,1
osp,1
gcat,1
ellipse,1
threeflt,1
moreens,1
preexpansion,1
topology89,1
mommy,1
openpropositions,1
transversality,1
projectivist,1
mischief,1
unassuming,1
alpine,1
lmfaoooo,1
relationality,1
givenrizations,1
unidirectional,1
derry,1
cagrn,1
therezaur,1
subsactentional,1
oftn,1
thusally,1
inchedenical,1
44554573265,1
shallall,1
thatwhichres,1
cagane,1
superscriptets,1
metamatizing,1
dedekstrass,1
axogical,1
yl,1
leavesito,1
combfority,1
hline,1
whackowski,1
makin,1
howearly,1
logragging,1
strongersee,1
hmmh,1
1890s,1
sweetard,1
agathaamsaveterds,1
bewildered,1
givenright,1
drawets,1
purityl,1
lga,1
comprehendible,1
symiemonics,1
solver,1
notts,1
vastset,1
vertible,1
heretasio,1
rearrangesalangrams,1
numbern,1
kulkarnava,1
waddling,1
lawic,1
significancea,1
mustnthe,1
limmaoms,1
meander,1
solicym,1
ipfl,1
lashannon,1
followifs,1
cosmologically,1
barestso,1
irreferential,1
explanationfor,1
normall,1
beaux,1
elephants,1
2ck,1
pentameteriumdelta,1
fader,1
restorable,1
caoskiq,1
ikm,1
blurs,1
classesiiamong,1
intrinsically,1
quen,1
kolmograndz,1
tamable,1
gfh,1
lockprof,1
onxi,1
donaldson,1
skelter,1
badzehn,1
wittis,1
unalakenable,1
sequentialized,1
battles,1
coqs,1
supersedensesp,1
transjective,1
dependsay,1
bignet,1
giornell,1
epistles,1
nadhvams,1
loudcontents,1
harmony95,1
breed,1
playin,1
foran,1
bset,1
suler,1
keye,1
metavariable,1
lowercollections,1
kavarnika,1
ities,1
subaggregate,1
churchlynx,1
dges,1
975,1
venom5aves,1
mediiated,1
secondoriquard,1
immensely,1
quency,1
wrist,1
antiven,1
ofivened,1
frele,1
canbe,1
stratforthe,1
irlimitowncontact,1
zussso,1
codics,1
dbp,1
generalizationsampering,1
ofakenumer,1
hereower,1
grating,1
generisim,1
derkommandizes,1
discentric,1
codome,1
stratifier,1
knez,1
inalexander,1
torsias,1
difficultin,1
nonprefreeze,1
thereh,1
uncowhat,1
quickfc,1
conness,1
failo,1
pilf,1
includedaken,1
separaterejecting,1
kbc,1
chonesxize,1
agave,1
algebraing,1
riemont,1
chomper,1
capp,1
confined,1
peculiarities,1
blaken,1
nachgruppe,1
runtimetric,1
dfc,1
interchangeability,1
iterators,1
vianci,1
diversion,1
reversive,1
perle,1
5me,1
finiteacy,1
metamodeschung,1
enabler,1
exacted,1
axiomatizedbefore,1
waltzaken,1
niasitism,1
52nd,1
variantative,1
blao,1
arzeland,1
gyall,1
fermif,1
qbyz,1
cartesiancontinuum,1
bachigh,1
definitution,1
falled,1
preincipitudes,1
bpm,1
subshas,1
aai,1
isommetric,1
bicountable,1
enov,1
sesqu,1
uncongested,1
bediresopsidered,1
flipschitz,1
545,1
approxutions,1
yori,1
kakinoringo,1
innslauge,1
frecklestein,1
solverming,1
shallowness,1
comoname,1
glo,1
dreadfully,1
precombinatorics,1
moxie,1
marlinspike,1
weakerpropositional,1
computatores,1
definitons,1
uckle,1
nebulosity,1
denomination,1
equalityality,1
manifoldszy,1
coomeomorphism,1
gromms,1
algonquarium,1
theirisometrics,1
mapably,1
radiithe,1
vob,1
metamart,1
predeterminates,1
theanoils,1
aqweri,1
gandhis,1
worgen,1
siebert,1
nonmechanical,1
favourably,1
dawkins,1
imme,1
lodge,1
kaurs,1
scot,1
spanning,1
joyfulness,1
y3,1
obviadically,1
foren,1
nowherehed,1
lkine,1
fbb,1
formothesis,1
mcbernays,1
harmily,1
ironically,1
symbolically,1
endingness,1
4with,1
rampotic,1
congruentdefining,1
conforming,1
erdows,1
ansst,1
meermann,1
alteration,1
dismyra,1
taday,1
escapots,1
countryinulate,1
karyameskhasama,1
spans,1
jock,1
codabraham,1
hyps,1
fromcd,1
smashes,1
voxel,1
c8,1
striped,1
capricornian,1
diverge,1
krizaletti,1
semiperimeter,1
legales,1
plosivist,1
beaq,1
gfoundedness,1
pseudosemigraph,1
aspergers,1
lieutenants,1
xmi,1
wasteb3,1
jagold,1
frequentily,1
affixed,1
dummits,1
andrey,1
largely0,1
intensionality,1
abbreviates,1
topologyset,1
upscaling,1
elsewheremap,1
internallyobserver,1
ordinative,1
spasement,1
worklists,1
yester,1
metavariata,1
marbles,1
alexie,1
httpsmy,1
ridge,1
quotedaken,1
prevail,1
soif,1
biopsienues,1
himselfcon,1
s17,1
asiadorf,1
infotome,1
epis,1
pmhc,1
subcountability,1
karch,1
bgz,1
anyifiable,1
outage,1
pseudoenumerable,1
concatably,1
toits,1
classs,1
cosmals,1
multiplicationwhen,1
mediison,1
precourt,1
absurdizing,1
resemblances,1
identicalwith,1
eternith,1
motivism,1
pfftald,1
undertheolog,1
multipling,1
metainformative,1
yn,1
lone,1
dblvany,1
70,1
incument,1
bilattops,1
againning,1
zlm,1
froh,1
bowski,1
jagdas,1
nosh,1
carvings,1
vacilates,1
blackm,1
flattoo,1
reification,1
avers,1
metaexplomon,1
tamarindra,1
fames,1
asahmetachronisms,1
debulllement,1
againj,1
xesita,1
signoreaken,1
canales,1
likeed,1
quantal,1
supremificatability,1
comons,1
ricorder,1
joincountries,1
aragopson,1
domgeny,1
definitiv,1
extendable,1
approximationsets,1
tot,1
locusof,1
impressionthat,1
stuarts,1
computepcs,1
lowerb,1
pinged,1
pa11,1
ecf,1
mightarnot,1
brineform,1
mystifying,1
antisemitism,1
preencompact,1
multiverseality,1
wnd,1
ylangiperthy,1
teresa,1
gg1,1
propsivizing,1
vb,1
extricacies,1
transmet,1
2hx,1
11t0,1
constructably,1
oppressive,1
polynomialz,1
liveh,1
checkall,1
pa94,1
awe,1
toh,1
xdi,1
electricalski,1
knapsack,1
normosymmetry,1
trapeziums,1
carriedover,1
abhc,1
hitherto,1
gnomonos,1
domfor,1
underway,1
doxxxian,1
ostricorni,1
immaculate,1
saph,1
lnator,1
metamata,1
fofe,1
armsaken,1
stratigraph,1
beingale,1
lata,1
ridome,1
maira,1
assm,1
ugs,1
cholem,1
examplesince,1
profusely,1
parlor,1
readioms,1
ssize,1
stoker,1
inductionists,1
solveings,1
caba,1
sucide,1
1995,1
everywhereiable,1
intelligenceality,1
arbit,1
nicht,1
edbdf,1
diffine,1
narainath,1
mas,1
checkable,1
theioms,1
gruenle,1
thorosis,1
stichesis,1
fords,1
kolm,1
locational,1
juss,1
stalling,1
ceumann,1
ducktales,1
nihoulz,1
impendel,1
putzel,1
underbrace,1
kolleh,1
predominating,1
fromenumerable,1
thereimagic,1
overcount,1
finench,1
indulgence,1
fuster,1
10aken,1
toive,1
alreadyalone,1
sublet,1
theoryer,1
po1,1
broadened,1
rivenedmy,1
xleficians,1
defaced,1
subsetb,1
domeless,1
tensile,1
ndear,1
xixpe,1
chateauchy,1
medianszy,1
qdh,1
properhood,1
iizf,1
establishedzy,1
argumentate,1
pseudomorphism,1
styrofoam,1
mylt,1
choosemyth,1
examen,1
caesomorphism,1
100027,1
zfd,1
kfrom,1
racist,1
really1,1
5c2zy,1
fending,1
compleatally,1
plaaaaablicz,1
motivatable,1
skylarks,1
gambling,1
infiniband,1
unitoy,1
hearer,1
theyd,1
frightfulness,1
cpz,1
sizeof,1
congruently,1
easilyaken,1
tamarathis,1
marcorubio,1
deadlock,1
urey,1
termina,1
coproducts,1
approxisoned,1
16n,1
hindex,1
improvised,1
strongman,1
renoistic,1
thereforenot,1
usede,1
naamagnaxian,1
anorexication,1
chosenness,1
orthonsense,1
torshin,1
chebyshekian,1
5flatten,1
compressible,1
infus,1
dueing,1
bizparadox,1
referaha,1
necessaryand,1
robustnessassociativityplotgroupingzoomentrantfixitias,1
equal2k,1
theirivened,1
attributions,1
ripen,1
rightso,1
powerlogarithm,1
hellyer,1
jhn,1
erdright,1
kevi,1
wweev,1
557,1
derivationss,1
polycis,1
dgruenzy,1
togetheric,1
algebraetrics,1
givecard,1
netsin,1
picturewise,1
tauscher,1
congrelations,1
minkowskis,1
predilections,1
complementcontents,1
pfrom,1
kurschitz,1
illegible,1
ulysses,1
forgoesp,1
toposossible,1
classescf,1
paradoxicth,1
subclassification,1
nebetrix,1
extractor,1
unaltered,1
infaton,1
0nd,1
edefercises,1
inequivalent,1
inductionaugmentable,1
968,1
quasimetically,1
nsubset,1
trouver,1
posetting,1
middlebuilder,1
supplementary,1
equipow,1
coski,1
chateau303678,1
otherwiseq,1
belowaus,1
preincantational,1
orphanasing,1
beaudry,1
paradoxality,1
peate,1
archway,1
cardotortation,1
varys,1
harmothermic,1
intoizivelyyen,1
amp,1
ge2,1
bbq,1
beames,1
sosqu,1
ement,1
reinterpreting,1
gottler,1
okado,1
hamster,1
vca,1
freud,1
obtuselyzz,1
infians,1
incodes,1
despots,1
demonstrationf,1
sounding,1
motherfuckers,1
pas,1
festingstein,1
powerhead,1
ncd,1
mmmm,1
codestr,1
alephsat,1
undercounting,1
yago,1
eqwise,1
openly,1
seight,1
ifzcalf,1
loathorns,1
bigmod,1
headly,1
abid,1
loathing97,1
countiensohn,1
retunciation,1
invariable,1
themselvesincreased,1
mirabeau1978,1
provedextract,1
triskelaire,1
vauchy,1
2rangefilter,1
bigotenf,1
localization,1
5fi,1
countaken,1
scandipped,1
ssa,1
unequix,1
hugs,1
jumpsy,1
propertycontents,1
volo,1
sectionscontents,1
formctor,1
fattier,1
vomits,1
semitranslation,1
regularizing,1
knotsally,1
numeritivate,1
ballboy,1
sauronome,1
coving,1
3mathematical,1
followersorn,1
frated,1
themire,1
ion,1
asdescribe,1
gromovs,1
blobs,1
projectioning,1
domainnets,1
anabata,1
complethe,1
allbuilders,1
froness,1
qted,1
neopfer,1
singly,1
simultaneouslyaken,1
sumleft,1
cupwell,1
bicci,1
unequipped,1
mirceulo,1
patiencegot,1
hammington,1
overathenath,1
previouslyaken,1
sighted,1
evolvecli,1
ofinas,1
sages,1
preambles,1
forbt,1
chedron,1
balinese,1
subological,1
damme,1
millimetrics,1
remnick,1
semiperipheries,1
gated,1
knocks,1
softwaves,1
flattis,1
sharedwith,1
korel,1
forty,1
asano,1
effortacking,1
jia,1
toposconstructors,1
euclided,1
creatureaken,1
12x10,1
envi,1
manya,1
dlangen,1
iwas,1
hisons,1
itekuler,1
euclidebi,1
dishedd,1
memos,1
providding,1
hasn,1
rearranging,1
reproducing,1
adt,1
gcover,1
cardinalise,1
launch,1
clinchers,1
axiomusof,1
logito,1
humely,1
reformulating,1
dbeginningwith,1
moduloright,1
maxn,1
fetism,1
entomological,1
kantorkis,1
has1,1
fusil,1
nether,1
regions,1
gcount,1
casehesis,1
nonelving,1
meselectability,1
fastset,1
alefantis,1
principleivened,1
mincol,1
strongerifiable,1
inferming,1
becountably,1
xcb,1
2703,1
blushing,1
nonahn,1
wetsuit,1
codactics,1
intrepid,1
ively,1
natis,1
undele,1
jbc,1
groupzy,1
electives,1
weedding,1
454bced,1
weaveswe,1
pseudethesis,1
badgb,1
rome,1
1runn,1
essentialism,1
mbfe,1
ab8,1
as3,1
llows,1
russellson,1
perfectionistics,1
rareface,1
wealthier,1
tiable,1
pseudoethical,1
swanscheck,1
extensionor,1
dashesiom,1
alexanderoff,1
suslinstar,1
2635027,1
ringers,1
pager,1
semiskop,1
ofart,1
lawz,1
breadwinners,1
infomorphisms,1
3facking,1
plausal,1
wordcount,1
perhapsic,1
michelsardje,1
youarden,1
concretions,1
equippedzipf,1
oneway,1
shrinkize,1
russaud,1
constrasts,1
disun,1
intuitionals,1
extremerelativism,1
trislim,1
corbi,1
boltzano,1
tenses,1
susumaki,1
elementally,1
sets11,1
proofpropositional,1
concepts11,1
extensions54,1
congress56,1
assessibility,1
statementsability,1
waysolic,1
generalcontents,1
goneades,1
indiscreetly,1
ifone,1
approximallyymptotic,1
difficultiesproblem,1
ia68,1
34k,1
paradoxzy,1
approximum,1
quaesicles,1
pewter,1
noncorrelated,1
am1,1
uninfluential,1
doctright,1
cans,1
whistle,1
childafucker,1
prezel,1
friendlies,1
biszarkowski,1
tarc,1
moree,1
notesof,1
tillage,1
ledons,1
fastenoms,1
sameright,1
satori,1
axiomalization,1
balearic,1
suchedge,1
overrule,1
singletons1,1
ignore,1
incongruously,1
conceptin,1
subtiers,1
einige,1
lololic,1
sleeping,1
nfuzy,1
whichzfc,1
algebraids,1
robotic,1
soliskelberg,1
fanors,1
godchau,1
frockster,1
bdheine,1
proofsso,1
censor,1
needlimorphism,1
postics,1
makovsky,1
todayaken,1
vorobels,1
conditionally,1
superscriptal,1
sufficientcontents,1
thanrighty,1
comparedwith,1
opencan,1
nonpassive,1
constructibleq,1
glthe,1
constrico,1
squamish,1
gewalt,1
refersazer,1
likeables,1
motivacy,1
corinnes,1
homosis,1
lemaire,1
solvegeneralized,1
semiobscurity,1
edric,1
shep,1
roku,1
ioyals,1
redekappenheim,1
functionloggedique,1
dueicate,1
suffel,1
gallows,1
awarded2095,1
plankton,1
study82,1
ansator,1
hain,1
skuldugifts,1
canily,1
noontime,1
12meld,1
alwaysentwerchief,1
geometrizersicians,1
topoitative,1
6ans,1
pez,1
childz,1
usefulness,1
theseatorin,1
manyivened,1
weff,1
singletivened,1
toau,1
dreamsets,1
corlangen,1
deanna,1
relationsed3,1
14001,1
tamagirls,1
kcuto,1
leedigkeit,1
postulatesations17,1
proveingsau,1
wejoin,1
anorex,1
numeratized,1
stuba,1
agif,1
banachungen,1
logarithmation,1
flauntedenance,1
ultrafer,1
discontinuously,1
firstzy,1
nnb,1
walford,1
exactness,1
coefficientsize,1
opgb,1
adink,1
judgedi,1
clovis,1
zofzy,1
cantril,1
valuescontents,1
dabe,1
649,1
conga,1
basedon,1
relativeability,1
mahanocker,1
semis,1
desinit,1
travelled,1
niable,1
butt2,1
edp,1
ingend,1
flone,1
prevere,1
v2,1
approximetric,1
whv,1
ept,1
multivalued,1
solvedproblem,1
dedupexxxiii,1
proofset,1
deepcover,1
dreamed,1
treeplan,1
ultraviable,1
attinuded,1
mediullins,1
subalgo,1
giac,1
againc,1
bourghen,1
basedazer,1
mose,1
coif,1
parenthood,1
descriptor,1
enforceability,1
mysed,1
railmin,1
bahidxbg,1
fromaken,1
qaryus,1
collectingcontents,1
factories,1
blume,1
obex,1
erlangens,1
liebkline,1
beziehungz,1
hexaves,1
thativened,1
preorderright,1
reared,1
strongod,1
2pf,1
fdbn3925,1
evenly,1
amram,1
earthness,1
niliven,1
chateauvilles,1
possibleorder,1
informatonofmmaking,1
formall,1
phb,1
anotherz,1
proportionality,1
willausen,1
cardinalsettis,1
morphsens,1
axiomimacy,1
subsymally,1
nightinthe,1
gnostci,1
graphite,1
hcnowski,1
hornswith,1
generalizedability,1
corry,1
urels,1
20000,1
wtyver,1
andivening,1
symmet,1
iard,1
unclopen,1
supercomputers,1
diminution,1
thendt,1
thinkago,1
curtain,1
bagemate,1
intix,1
guyshn,1
homologies,1
hellenization,1
radiuss,1
conceptsit,1
488,1
00020772,1
formform,1
themias,1
mim,1
immaturity,1
ackerman,1
nearestjointhemeans,1
doesa,1
myselfcd,1
ia1,1
sref,1
lderumerous,1
argumentowski,1
evx,1
elementsivened,1
dumbfoundedness,1
heartily,1
homeopathy,1
sorabji,1
reingold,1
equationsif,1
rigorosity,1
conmanuous,1
correspondings,1
signification,1
unknownset,1
gales,1
withknot,1
addhyphenation,1
ksh,1
shuffler,1
precontinuum,1
however25,1
doucetts,1
bolmocks,1
reclinenthe,1
jorns,1
rates,1
almen,1
byshek,1
hesitated,1
1913studien,1
incursisibility,1
shouldot,1
frostrom,1
insteadoficial,1
intervalbuilder,1
freese,1
descriptively,1
logfl,1
definitionquick,1
skoolazing,1
concountable,1
jagod,1
dimensionsso,1
xf,1
colytic,1
lihdars,1
diskhdbgso,1
asscriptivist,1
firstale,1
commonizational,1
determinaton,1
fairlyymount,1
ctago,1
beenraping,1
expansionates,1
abler,1
codars,1
axios,1
goalline,1
cps,1
hamil,1
grasped,1
scopy,1
neighborhoodbuilderproving,1
have3,1
unspotted,1
airless,1
suave,1
twisting,1
suprojective,1
poseur,1
scaledall,1
eigenmumps,1
senior,1
waleed,1
assortments,1
denotiblecontents,1
newcom,1
hardy,1
espns,1
bulkagata,1
ramanu,1
1623,1
zdorfs,1
kaleidoscope,1
frahard,1
ascol,1
tronometry,1
closeany,1
constructionamong,1
wereway,1
visits,1
donnado,1
6ebc,1
numpy,1
bumming,1
peole,1
suslyph,1
multiplesiteracy,1
formidableset,1
shrubs,1
hmann,1
stubbornle,1
galileo18,1
political,1
incipientobserverans,1
schullermountnir,1
operateing,1
appearal,1
suprapower,1
fuse,1
frine,1
trippe,1
meulensteins,1
asseen,1
subfinite,1
lachmans,1
thised,1
whoreocks,1
makeno,1
onimal,1
housea,1
pseudotiousness,1
quester2009,1
izar,1
subtestive,1
expaticiacy,1
broduss,1
taciturned,1
nestedplesaken,1
maximising,1
grone,1
wornnwood,1
goodbyeishing,1
ofedible,1
indexality,1
3688cb,1
0cf,1
endians,1
armbands,1
washlet,1
dps,1
giggle,1
oaks,1
ahhgere,1
spherefinally,1
finleys,1
thoughtem,1
paradoxiom,1
2900,1
ballsic,1
acry,1
chateau3,1
mindanao,1
flagg,1
bernaysonser,1
qubitszy,1
pairen,1
getoffolis,1
72able,1
systemn,1
carls,1
theos,1
failfastness,1
c052,1
clonus,1
offla,1
supplies,1
ascribes,1
bited,1
innerzy,1
throba,1
punctuated,1
precontained,1
increthere,1
naturemy,1
passweighs,1
misinterpretations,1
demonstratingently,1
morphable,1
monocle,1
brained,1
posidas,1
cesi,1
typeplayed,1
anyso,1
putrid,1
subson,1
ati,1
typeclasses,1
completeable,1
escapade,1
millibands,1
disbundles,1
ename,1
headingtogetherbf,1
featurescontents,1
mihdorf,1
egl,1
idealists,1
fdhe,1
hmmmn,1
cdbc2,1
db1,1
amidwhich,1
isisside,1
desolatevirtues,1
misordering,1
994,1
determinantin,1
congless,1
copable,1
dreametsii,1
chelliang,1
galurnham,1
extentionallyear,1
bists,1
convergesoidality,1
trisectant,1
hltv,1
madras,1
codforning,1
quigonisms,1
turnorders,1
escalators,1
brrrrtelta,1
awaythought,1
ledges,1
discernible,1
reflexivitywges,1
itze,1
bocorns,1
vertue,1
ultrametricis,1
alter,1
secopocrity,1
screwed,1
th0,1
friendsofim,1
toasty,1
bege,1
yce,1
ocassients,1
revolveaken,1
iapace,1
modulated,1
onomial,1
xw,1
spellings,1
aterning,1
infosec,1
submissions,1
ifall,1
selfiea,1
04ff,1
proton,1
whatd,1
2001st,1
lemboires,1
2620,1
engebras,1
redirective,1
bincontents,1
charts,1
formo,1
backcross,1
overakened,1
elliptically,1
myadopen,1
pln,1
impossibleand,1
cbm,1
backdel,1
brodies,1
synonymism,1
conversaboard,1
schizophrenism,1
ordination,1
streamline,1
ridached,1
termcoff,1
fansfor,1
amigo,1
yamaha,1
hardnigured,1
distorder,1
diagonalized,1
eln,1
hypervi,1
ringlet,1
reorganized,1
particularities,1
kantucki,1
scrapierzy,1
shally,1
asenath,1
surtrespassing,1
oftener,1
theoriess,1
systemimpossible,1
repl,1
hemisphere,1
joinblackwell,1
fathoms,1
glanceffonic,1
2pop,1
iproject,1
1240,1
outst,1
617,1
mathematicsuch,1
therecanary,1
nsub,1
longitudes,1
datets,1
forthright,1
morequestions,1
minmax,1
metricbernoulli,1
jordanese,1
nugsack,1
physicsusing,1
andmeteorological,1
locusiemani,1
forgorgement,1
smc,1
wrongness,1
reachable,1
heinz,1
metatheoretic,1
1471,1
oftenalexander,1
fraennotti,1
pursuing,1
metamain,1
demonstrateshood,1
rss,1
herovii,1
adiverets,1
dthis,1
fromune,1
coordinatesate,1
taxa,1
baele,1
regularcontinuity,1
escl,1
approachcontents,1
preorderivity,1
objectention,1
foundr,1
relatedioms,1
cdcb,1
operationsets,1
againwith,1
doinc,1
porcupine,1
motivoneness,1
wachaus,1
opy,1
transvers,1
palstein,1
prerational,1
anyfor,1
heffernment,1
sinews,1
longkiom,1
arameff,1
brod,1
yesidable,1
ixed,1
lda,1
vcs,1
hyperhe,1
bstarted,1
idiotblues,1
retcyclists,1
uncertain,1
netbernays,1
balis,1
rigueur,1
underwhelmed,1
clfc,1
pw1,1
pseudoseconds,1
largel,1
indies,1
caryo,1
reza,1
unequalwhen,1
commonized,1
axiomsathematics,1
neales,1
pseudothesis,1
continuitywhen,1
hunchback,1
hodge,1
dname,1
corresp,1
capres,1
indicative,1
doomsayer,1
wenge,1
couldony,1
hdi,1
agathic,1
cesarean,1
vectorsized,1
s11,1
bloodlet,1
basedzele,1
lindley,1
niceto,1
reintuitive,1
simplifiesability,1
lapid,1
clams,1
skinnomatic,1
quelle,1
transiteracons,1
fondly,1
rampaces,1
superimacb,1
shortcuts,1
axiometization,1
apantament,1
definesings,1
duckid,1
dmt,1
immers,1
estm,1
uniquenessright,1
cardinalityely,1
isotenumerable,1
formsality,1
kalata,1
bees,1
synchamous,1
doingzeuler,1
sheepishly,1
bihlstein,1
inly,1
coincidental,1
ballsp,1
joine,1
blower,1
whereat,1
homosecond,1
dpc,1
numberorder,1
andfor,1
metrizatonate,1
pma,1
moremaster,1
algebraies,1
aut,1
0000000000000000,1
blackwell,1
middlepointsaken,1
iope,1
dnts,1
divvy,1
numerae,1
referras,1
latticehedronigraphyl,1
owloke2002,1
fraed,1
tactics,1
yaab,1
reeling,1
isempty,1
axiometric,1
measureivind,1
usedcontents,1
moddin,1
continuama,1
justso,1
countscontents,1
somew,1
udcs,1
lyr,1
crawlablers,1
saigon,1
impotradiation,1
canii,1
t1z,1
lanes,1
dueaken,1
thrv,1
pressur,1
asth,1
subsetament,1
castarcount,1
signer,1
multisymmetry,1
tidiest,1
tae,1
gcarduck,1
inuit,1
fed,1
entersin,1
transfiguration,1
broconverting,1
themselvesif,1
commence,1
expociable,1
infle,1
insteadchains,1
hahnkel,1
definablesauce,1
bfields,1
inforderliness,1
addinginf,1
fog,1
postcision,1
purple,1
renormal,1
wearers,1
scaly,1
shore,1
blu,1
ejecting,1
lic,1
notionini,1
pax05,1
diagonalings,1
zpc,1
smallish,1
3non,1
pffemling,1
beganting,1
screentom,1
kun,1
postivism,1
eatien,1
zoolander,1
suprametrical,1
ohmic,1
medien,1
baph,1
unap,1
dedekinden,1
subquizability,1
ruleset,1
canaballic,1
unhourestext,1
gavarnich,1
blockwise,1
allegiance,1
isis,1
catamom,1
psitum,1
algebraelements,1
gbx,1
disputation,1
pkbg,1
sizeh,1
normsorentiation,1
grantedx,1
subelement,1
treebuilding,1
provisydorm,1
faulls,1
debago,1
metalf,1
retrying,1
me2,1
rigorousness,1
contend,1
automorph,1
figorial,1
frattowreaths,1
galle,1
interactions,1
intuites,1
numbersante,1
hallaboulle,1
subclosure,1
leondo,1
pampered,1
sawal,1
equalumes,1
redness,1
waysne,1
einf,1
sorm,1
fregeed,1
tenaciouswith,1
ftuple,1
integermap,1
gnauber,1
best1,1
inity,1
selfute,1
menzies,1
showingown,1
atzehnstr,1
thousandelements,1
cmrc,1
noses,1
supremcal,1
mapsiom,1
quat,1
whnt,1
puritywhile,1
pseudone,1
grundgesge,1
6y,1
oftarbinge,1
ease,1
fer,1
casket,1
madj,1
outcompact,1
intervalss,1
itimpossible,1
orestes,1
cd1860g1,1
plzf,1
immbb,1
proppositions,1
readk,1
godd,1
hyperline,1
ommedatory,1
countres1,1
organaicy,1
takecables,1
interpolation,1
localised,1
vertigosive,1
iorder,1
agfd,1
beforeenowing,1
popularisms,1
pkdh,1
dda,1
mnk,1
volkerballs,1
sunnae,1
sms,1
pylons,1
ample,1
wavy,1
pfilling,1
pding,1
rhl,1
akr,1
pp45,1
prophesy,1
mappingcontents,1
ifolicci,1
innsiddles,1
undetermined,1
cmop,1
ugb,1
cwarsed,1
sumperitions,1
prisonercard,1
untilberries,1
ahhahaha,1
claudio,1
kullein,1
comprecimal,1
gridness,1
extensivity,1
soaken,1
thereinator,1
wuts,1
ininfinium,1
subline,1
likewisezy,1
aberexamples,1
sicactuousness,1
tent,1
fbe,1
subtler,1
dwh,1
torsade,1
skinner,1
textured,1
ab3222,1
ltu,1
zhudai,1
adosertica,1
freehold,1
ltrc,1
boursademont,1
tintars,1
excess,1
vorobreisk,1
subsquare,1
ided,1
hierarchos,1
supremacic,1
seasonalities,1
circumsedem,1
voroblotting,1
algorithmx,1
versionifier,1
footsuckle,1
alexandrus,1
setring,1
270contents,1
deczy,1
mediose,1
teuler,1
mueller,1
delcontents,1
kurzelows,1
geografie,1
rpm,1
annually,1
respectably,1
vectorspace,1
violent,1
enwivened,1
meekestat,1
kmeki,1
derivational,1
adorn,1
homocorporaial,1
bles,1
haus,1
entjective,1
dedekijk,1
firstevergreater,1
spano,1
pcaken,1
relata,1
andarnassus,1
torous,1
attainableright,1
ilib,1
sensein,1
induceability,1
semiad,1
paradoxine,1
straightened,1
lawetomorphisms,1
stillman,1
signedset,1
exercised,1
stater,1
tamarintings,1
louder,1
faults,1
larsens,1
runnow,1
throughowski,1
entailing,1
clud,1
busiplan,1
multimetrics,1
bernays89,1
clviverse,1
namaboy,1
hospitalisation,1
axiomrization,1
251,1
metasetsa,1
pdipschitz,1
deutsch,1
achievezy,1
plosives,1
transfacing,1
familiarities,1
paradoxes1,1
byoc,1
answerthere,1
omc,1
idown,1
houseaback,1
personally,1
skinnier,1
wellie,1
wendigo,1
sbcd,1
subjectivened,1
unmich,1
13ks,1
writtenfrom,1
inferiertigung,1
cadre,1
costed,1
calvary,1
damnitian,1
nonconformism,1
variousaken,1
chainoftwo,1
719,1
formulaal,1
concursivity,1
nightilicious,1
molds,1
subimages,1
didinus,1
powersetsin,1
jagade,1
zpa,1
praire,1
signalistic,1
adel,1
yc,1
definesaken,1
3contents,1
coffees,1
longumn,1
predicateality,1
doxxense,1
topographic,1
piagonal,1
doinjection,1
wallace,1
freeworld,1
enwreatheur,1
diagramhematical,1
separables,1
derivedability,1
handstand,1
bareth,1
quasiextras,1
suessayers,1
unfoldeda,1
100y,1
elegantle,1
xxin,1
omechanics,1
1774,1
paad,1
hmee,1
attainsability,1
setofcontents,1
logom,1
ahlmivened,1
characterizable,1
olerm,1
gef,1
graphjoin,1
dominee,1
mathematicaed,1
attentively,1
chip,1
ection,1
byzante,1
sippers,1
blaust,1
combinatorality,1
manured,1
mids,1
grothendienst,1
aquinasthere,1
am2,1
772r,1
cein,1
demetrius,1
bausdor,1
knic,1
agitation,1
assembly,1
findeda,1
grantee,1
7r,1
fspat,1
bontemperance,1
evanesquarishes,1
moreer,1
reputable,1
retracing,1
xanhc,1
yk,1
ultramembers,1
caressing,1
mystid,1
1nd,1
liebebys,1
useditrodug,1
myabald,1
invariantq,1
definito,1
zariskiym,1
infella,1
evbes,1
begans,1
minimumhood,1
reinjectible,1
goodales,1
insteadset,1
theretoventions,1
repaire,1
abegh,1
nfpa,1
toothpig,1
cas,1
verso,1
saphromets,1
slackier,1
eve,1
thingskool,1
putface,1
abil,1
cauchyset,1
courtes,1
uram,1
95b,1
brisregular,1
czo,1
agftreat,1
gjef,1
rabbitcontents,1
coincommensurable,1
informalizing,1
multisetin,1
insteadper,1
addedumps,1
alloverthebeside,1
aboundterous,1
covariables,1
hasoen,1
spectrophiled,1
discontinu,1
nonelement,1
1bexpressivity,1
2db,1
biopsies,1
gaus,1
weltze,1
bigtuples,1
grundgesetzes,1
eines,1
ansstagames,1
equinumerations,1
heretoforewith,1
gauber,1
commons,1
inumerable,1
obeison,1
microfilter,1
cared,1
gfaamplified,1
rmb,1
limitigraphics,1
gaudier,1
obelisks,1
reformula,1
holdsioms,1
3l,1
wellaim,1
kene,1
vincenzo,1
ivity,1
graphqls,1
harkens,1
windowless,1
lexicist,1
stanislav,1
constances,1
evoto,1
amathoms,1
canut,1
fluke,1
za,1
arb,1
impossibleff,1
pr3,1
pfr,1
andres,1
respectivelyaken,1
sorn,1
subimagesof,1
suffges,1
promiseif,1
denominatorial,1
relucs,1
operateat,1
nothingcontents,1
fatalistic,1
hazezy,1
theyaves,1
analysis17,1
pathadj,1
peano8949,1
ansplogram,1
invariantembrane,1
syntaxural,1
consonants,1
defounded,1
idas,1
piy,1
diameterrightinformal,1
criminals,1
neverh,1
lastcontents,1
structurezy,1
waysalfits,1
phat,1
generalizedau,1
ponders,1
doed,1
discoveryat,1
neverhin,1
didrrmezz,1
functoriation,1
skolemont,1
iugnant,1
m83,1
there72,1
decipherous,1
lfc,1
barometric,1
againows,1
reexclusion,1
untilxes,1
postmodernism,1
ce102,1
epochs,1
comprom,1
photosimming,1
weenii,1
subj,1
balcona,1
meerlangung,1
catiris,1
clenched,1
blahking,1
ruminate,1
washters,1
abetors,1
meakenheim,1
rahmstorf,1
lessfuzzy,1
shehav,1
depthsfor,1
neetered,1
setcate,1
musre,1
secretevening,1
blackright,1
doasku,1
ifthere,1
isometrically,1
1where,1
conclaim,1
aphasia,1
thoughtsf,1
2contents,1
canalszy,1
uninterested,1
20st,1
wandering,1
bolawitz,1
isotological,1
sandram,1
nfans,1
nauseum,1
basicisms,1
wails,1
werel,1
comeo,1
1rms,1
normlimetrization,1
andarski,1
pigments,1
orle,1
preamplitude,1
voraceks,1
clustang,1
unpredition,1
mowing,1
cutsestachievement,1
xgon,1
decomps,1
fromism,1
nontrue,1
intangibility,1
numbersh,1
proveance,1
loyds,1
soberer,1
supremusioms,1
repeatingthe,1
singletonsic,1
alloyed,1
multiplicationright,1
przybys,1
laken,1
ilm,1
rebornant,1
preregularize,1
lud,1
vidim,1
kaurice,1
runipschitz,1
isamard,1
amity,1
dependingexercise,1
entangle,1
120419,1
characterised,1
nullal,1
undercast,1
multispecies,1
cray,1
universalized,1
osc,1
infirst,1
intuitionizing,1
globalists,1
damontson,1
thereaken,1
solutionright,1
japans,1
reminiscentta,1
semaphoretistic,1
quaesicular,1
archimedean,1
codots,1
distinctiability,1
whilebut,1
imprt,1
acuity,1
intification,1
metonymosis,1
bourguin,1
knownices,1
pbuilder,1
tamarcliminators,1
greatestacy,1
abecb,1
formans,1
firstelle,1
volcker,1
sizewhen,1
netszentanglement,1
nextaway,1
mygraphical,1
dominateeseed,1
asability,1
vieweda,1
wherece,1
keneider,1
frepsh,1
brods,1
agreeatively,1
samples,1
lrb,1
tyramm,1
afpop,1
unbernaysian,1
nbfcb,1
ageally,1
bugout,1
simks,1
maxig,1
revose,1
xr,1
firstates,1
hanged,1
electrons,1
18xx,1
duetable,1
notinjected,1
noncantor,1
metagame,1
perilous,1
weakr,1
kno,1
pasta,1
ouricious,1
104785,1
slater,1
badger,1
theoremzy,1
beggers,1
revering,1
contactruent,1
reflector,1
manipulate,1
trepidation,1
beaute,1
cardinalso,1
unnameable,1
goodelements,1
fixator,1
qedr,1
2gh,1
defification,1
cdw,1
thorndys,1
clustoshwith,1
erectangles,1
andsemantics,1
finitie,1
putos,1
majorcontents,1
mahnivine,1
checksich,1
bilemma,1
beingw,1
predeceiving,1
travellingthe,1
countments,1
dereferencing,1
zzy,1
dirich,1
bulksobers,1
zornalivened,1
liio,1
qhc,1
sheepperiet,1
fjords,1
themiable,1
qso,1
rambunctious,1
victorious,1
bernaysen,1
modulipl,1
enclosedlikes,1
sanken,1
irbung,1
frauises,1
lengthoc,1
denots,1
maa,1
insideset,1
fara,1
flourishing,1
nonexjection,1
metamonting,1
didmani,1
rejectors,1
continuance,1
cfas,1
upshifts,1
definitizations,1
inflaming,1
backscores,1
debark,1
quasipermic,1
assertivly,1
faridig,1
waveclass,1
edgeily,1
nestktoo,1
ranklet,1
pik,1
biographies,1
unhindered,1
unfed,1
enoughod,1
lmascian,1
nonq,1
thenfirst,1
quaesitically,1
bricks,1
divis,1
shantih,1
burnsh,1
occurosauromorphism,1
imper,1
melikestein,1
enlin,1
cockburny,1
ned,1
wetman,1
transcendometry,1
hellen,1
pragen,1
agal,1
tannoy,1
hatein,1
mibc,1
lage,1
failant,1
forgoing,1
axiomacies,1
showtime,1
starvation,1
legume,1
motivians,1
crossesthe,1
bio,1
fohn,1
hinteyed,1
pearl,1
myinsane,1
ritsis,1
minnodes,1
numeriterals,1
pfa,1
extensionification,1
powerament,1
axiomov,1
killing,1
incractacy,1
musingsauce,1
finiteiable,1
debriefing,1
surjectures,1
precomp,1
assorento,1
subsphere,1
buddied,1
phantasm,1
attainses,1
contradictors,1
appearalive,1
erem,1
travesty,1
ivament,1
pff,1
cantorthe,1
leafal,1
countativity,1
quaussures,1
mathematicalians,1
imperjectible,1
regev,1
heams,1
dayn,1
toofar,1
intuitionicial,1
tbc,1
tenderlooshen,1
suffoct,1
stickiness,1
20zy,1
refm,1
979,1
crucifiedhearts,1
xand,1
coalesceph,1
timothys,1
cameonymomatic,1
logicdf,1
amect,1
ballesian,1
pcv,1
cthe,1
ipench,1
throughoutprovenance,1
gendert,1
cyril,1
fiorstein,1
zilch,1
logose,1
willerager,1
abridged,1
jeffries,1
ut,1
isotermias,1
htending,1
irange,1
throughoutis,1
propositionation,1
homin,1
rolic,1
iambi,1
logativity,1
gassett,1
domainsiv,1
decompositioned,1
newbie,1
metaphinitions,1
pertainance,1
manumentionality,1
parentasque,1
dangle,1
compiliation,1
applesto,1
chou,1
soonish,1
axiomality,1
boreum,1
meaningness,1
breakson,1
cryptocurrency,1
useable,1
infem,1
prechs,1
farcogs,1
knb,1
slay,1
congolese,1
kimball,1
illangeling,1
transcendibility,1
railulante,1
fanatics,1
appendices,1
skyriver,1
damystein,1
longnth,1
sideshlt,1
rightline,1
definiteset,1
toolkit,1
reallyought,1
5074,1
intelsimetric,1
treez,1
themallelier,1
normm,1
hypotaken,1
stillre,1
seconded,1
muslim,1
quadrimes,1
barn,1
693,1
pseudopioms,1
blownower,1
nonbiligrams,1
scrip,1
mog,1
rehearsals,1
morah,1
palindrome,1
xachting,1
vpp,1
chemi,1
obsthetic,1
confuse,1
stretchability,1
areau,1
myanch,1
headcount,1
accursively,1
discontinuative,1
superficialcontents,1
poweroftwomind,1
johns,1
rearseth,1
needokers,1
usuitably,1
wenot,1
barbarella,1
feet2,1
krtrelias,1
strictlycontents,1
ehob,1
moleh,1
unalgebraically,1
leutnant,1
lexetics,1
1right,1
cardscontents,1
overallized,1
fleebork,1
propertiesthere,1
carrot,1
keb,1
supervene,1
blogging,1
bract,1
clmrt,1
ranquiloid,1
semitructure,1
berrillard,1
2numeratorimetric,1
theoristships,1
ahemy,1
hellfulness,1
convinceder,1
dalessandros,1
bilips,1
ecoli,1
faillog,1
siele,1
fanningstein,1
brane,1
aboundstrate,1
pseudovelocity,1
argumentaguarant,1
qsis,1
kews,1
twists,1
torn,1
stf,1
debunk,1
comparingset,1
navel,1
contextually,1
3adic,1
complexestithmetic,1
figuredecieve,1
choselo,1
wund,1
hyperplainbarscher,1
realelements,1
paretot,1
callises,1
romantics,1
anand,1
ahhion,1
equipoise,1
otherwiseings,1
distinctionable,1
caped,1
asaph,1
alah,1
2algebras,1
spacerhodes,1
benefitwhen,1
checkeralthough,1
scatteredpic,1
clinking,1
sawzy,1
ized,1
correspondenceextensional,1
universece,1
apde,1
cppars,1
hikaki,1
rames,1
showedryad,1
waggonsubs,1
ldamns,1
linens,1
preconst,1
goldilocks,1
modelbernays,1
euclideanator,1
sufficitely,1
nspre,1
postian,1
8in,1
avantage,1
demi,1
kp,1
worstows,1
versionelements,1
morphoverany,1
viewedthe,1
mahomet,1
xright,1
nfolds,1
ihito,1
fhop,1
abduction,1
inflations,1
flosier,1
authorskant,1
flatatek,1
duckhens,1
tamariba,1
surpl,1
bxprodux,1
ordinalint,1
castonamega,1
ussrmcategory,1
hamari,1
shindigify,1
itso,1
remainsable,1
lawy,1
imagecontents,1
readiness,1
mediull,1
submath,1
aszy,1
herd,1
finitare,1
morphometry,1
timesquare,1
rightafter,1
isbcr,1
longnd,1
isolatedelements,1
nearst,1
ballsaused,1
bressler,1
multifunction,1
bisplaying,1
friendsnew,1
nonown,1
correctedcitation,1
yeavageslerright,1
stench,1
exist5,1
reumer,1
biatizable,1
keysiomatization,1
hieronymoskii,1
inconvenient,1
poincarrier,1
square752593,1
hornsaken,1
aroundwhile,1
treeso,1
reduct1,1
eda,1
stain,1
complementible,1
ashore,1
onesitivity,1
ohde,1
poms,1
castoname,1
1047edimagicop,1
plzg,1
andersh,1
rabbitfounded,1
avariate,1
fraenkelhard,1
nepotacy,1
theoryaken,1
themselvesperhaps,1
metatas,1
tamaried,1
fanck,1
apologopath,1
beganky,1
objectionat,1
noq,1
heed,1
alliterative,1
biomedata,1
anyo,1
premet,1
attoppson,1
tears1,1
disas,1
ancf,1
emkeitets,1
qlmerging,1
clthat,1
semian,1
addedaticeton,1
voynitzer,1
expansionivist,1
ltr,1
lengthofthe,1
deep95,1
polypiotal,1
expansionowski,1
jagoldins,1
morwen,1
puttbc,1
takingivening,1
cardia,1
iath,1
skilographer,1
alekhin,1
timesaprojective,1
rerandom,1
denilate,1
pseudosemotor,1
inshuffle,1
agreeableness,1
overcompensates,1
eclipse,1
pso,1
applicationability,1
supreminoids,1
roping,1
directness,1
presenter,1
sockfaces,1
triersuppose,1
heredically,1
zenforced,1
tanivenues,1
organong,1
frauhard,1
cardinalies,1
consumn,1
assent,1
iteranding,1
zinf,1
wntakened,1
iand2e,1
infd,1
travellinghree,1
biggerneighborhood,1
centric,1
brian,1
kerding,1
showok,1
skinzy,1
baret,1
subsequet,1
establishedivened,1
emptyany,1
fabrizals,1
semper,1
pretendness,1
translates,1
tfl,1
concentives,1
mmips,1
willowing,1
chornstein,1
combinatorialism,1
captureability,1
chebyslam,1
mays,1
haxi,1
erythmian,1
koolae,1
simplicativity,1
algebraicative,1
oneeine,1
mehre,1
stabani,1
zine,1
identitiesifier,1
lookobs,1
rareligible,1
timeseekness,1
clsist,1
amaze,1
cutermata,1
middlebury,1
constructionlet,1
semasins,1
secringmas,1
failure74,1
outduce,1
clawson,1
deficient,1
onparikeness,1
carreso,1
wering,1
intersectiom,1
howall,1
uniprocaljects,1
maqpc,1
allegere,1
edgesed,1
100k2,1
designants,1
quantimetrics,1
equestible,1
compactness2,1
leadsequence,1
defmachen,1
superification,1
requisition,1
politically,1
free2relaxed,1
finitivenes,1
pervious,1
abp,1
heffington,1
xivening,1
byron,1
ophiuchans,1
pliskind,1
1963at,1
jz,1
algebras1978,1
algo,1
powershow,1
camm,1
trinumerous,1
1818in,1
controlable,1
subcapacity,1
zariskitz,1
proofe,1
waned,1
considerablyon,1
trapfinding,1
pendulumwhile,1
aria,1
reprotection,1
netsets,1
2em,1
exhilarizingly,1
nefarthing,1
variously,1
superf,1
park,1
hahahhhhh,1
unfailingly,1
additionally,1
digitosequitting,1
devel,1
sparkle,1
subnaturals,1
wfc,1
kq,1
cearsis,1
mahometi,1
ansarioglu,1
disucquve,1
laterale,1
weystein,1
aivened,1
zerozy,1
postorder,1
elanges,1
increasingiation,1
rna,1
gfermelos,1
abdel,1
basology,1
armchair,1
enrolling,1
asof,1
equivalenceally,1
foreverant,1
testsid,1
mc2,1
nsf,1
nonpositions,1
ceit,1
harkness,1
geburghts,1
gripsoul,1
wellness,1
pseudometrical,1
filthy,1
geometryalgebra,1
sustainavings,1
manwithdas,1
vso,1
adverbially,1
semireciprocal,1
belowwith,1
immaterium,1
capricecontents,1
cikf,1
banked,1
bywater,1
paradoxited,1
bially,1
deleter,1
paracompact,1
slimmed,1
depa,1
cibcwhen,1
con2,1
cuttape,1
ramacritic,1
infracking,1
ifba,1
axiomus,1
theoryorna,1
bigorn,1
todayin,1
geometriculer,1
galileaves,1
followsfrom,1
subsurface,1
fareed,1
belongaigne,1
alcogene,1
qiven,1
gnawd,1
hadto,1
directlyzoning,1
100zy,1
crossleys,1
underachievement,1
reversible,1
milltooth,1
greatlycontents,1
conords,1
acypians,1
solveorems,1
clayscale,1
reformational,1
prefetily,1
pleasureshd2,1
iaoms,1
counterell,1
unauthandiction,1
finddl,1
assumptiondef,1
navi,1
bya,1
1880dreyf,1
unequipable,1
results10,1
mugshot,1
riz,1
vertigoss,1
morphician,1
formacy,1
lengthorphism,1
formalizationscontents,1
logarsifier,1
tritone,1
gaussrefied,1
solomonics,1
difficultgoing,1
disate,1
grommies,1
abcavular,1
nullitive,1
pointclasses,1
proofal,1
mcgloge,1
proofaire,1
delicately,1
correspondedzoidal,1
provingations,1
transformationsince,1
profederate,1
polyhedronalgon,1
partiallyorders,1
chaken,1
2800,1
chine,1
consilox,1
holdem,1
superssa,1
roundtables,1
gcas,1
befd,1
cleantech,1
zof,1
skolemization,1
1074,1
forei,1
representativ,1
quantitary,1
ax2,1
coarserness,1
ouellette,1
nowfu,1
choicerelated,1
powersety,1
clthicum,1
concursantly,1
caninator,1
jebel,1
cantorballs,1
filson,1
quotiente,1
methodim,1
mineto,1
centresf,1
kwifts,1
achievements,1
inke,1
inforder,1
thereinbut,1
canm,1
aszinc,1
smitherosaurus,1
boltzeros,1
0map,1
rekc,1
lovedbernays,1
adaixiom,1
contruct,1
partitional,1
thrilling,1
dictione,1
innoen,1
nerve,1
understandedivenes,1
easilyore,1
bigcartewhen,1
goow,1
theoryivened,1
changers,1
insteadafa,1
convertedinto,1
neophyletical,1
onewclosed,1
kosost,1
relationable,1
sullied,1
wintertime,1
thanff,1
saxonyan,1
flci,1
1768,1
swinburne,1
nowiii,1
jaggonsrand,1
enoughilon,1
sovere,1
closerups,1
spaghetti,1
depletes,1
xor5,1
homomorph,1
indexeded,1
volatov,1
pps,1
lc,1
yetsu,1
kai,1
definatonally,1
claset,1
clercivened,1
canacy,1
synrom,1
leipsich,1
seemso,1
comrade,1
subheadings,1
passageways,1
eachs,1
aschitz,1
thoughtsinf,1
alium,1
ght,1
sawiskites,1
infiny,1
wheelbase,1
lookalikes,1
gyrocdynamic,1
blk,1
indeedall,1
ax360,1
solidsality,1
adi,1
tagging,1
dreamilysuppose,1
heyday,1
definitelycontents,1
butyricop,1
limient,1
moored,1
stupidities,1
convincing,1
unitility,1
blindingness,1
conclusive,1
vnf,1
equippedrization,1
keratoseshow,1
riseizons,1
ansai,1
paradoxology,1
robbery,1
pseudomonhypotheseszy,1
definingivened,1
raindrops,1
waysdoesote,1
doncontents,1
miraus,1
ansert,1
transformible,1
spacial,1
tlioke,1
statesets,1
susquatch,1
slsack,1
demonstrationcontents,1
buddhism,1
worsted,1
datapoints,1
strongerly,1
superinjecting,1
determinacyau,1
tensorim,1
adjointomorphisms,1
eveningly,1
czf,1
findas,1
abstractionrap,1
upc,1
equalinset,1
ansstrasss,1
callables,1
lees,1
refressive,1
peedy,1
hamf,1
logarithmatical,1
subsenote,1
evenright,1
sucle,1
differencesince,1
carding,1
mathematicari,1
showc,1
rulesem,1
cann,1
suraken,1
unconst,1
hereferences,1
wurriesour,1
principle5,1
monotonous,1
pbk,1
tauchy,1
becomeiteracyso,1
mapizedd,1
analysisw,1
realski,1
abackosauriable,1
authorship,1
motiviogenic,1
axiomopen,1
logicuitive,1
mediacyplaying,1
rodan,1
hales,1
homeive,1
tbt,1
peori,1
lowering,1
boundsoltone,1
suffuse,1
takenack,1
pseudomegnisms,1
mpl,1
constructorably,1
principi,1
bedaaaaag,1
wallpaper,1
rankifier,1
ageold,1
fragilecaveously,1
clustralf,1
necessaryness,1
supremoses,1
gnashes,1
usrom,1
reinterpretive,1
amgc,1
formow,1
corinari,1
disputing,1
finiteant,1
bizumberj,1
semirigborisms,1
oncewere,1
bequest,1
lengthsorm,1
unfathomably,1
tamaritzas,1
listingcontents,1
putnam,1
ecv,1
additioning,1
intuesses,1
identityivened,1
morphkowskis,1
anole,1
proxistentia,1
anspl,1
pronecontents,1
insteadn,1
requireomorphism,1
formsivened,1
bffhhllb,1
fromxorgence,1
defaults,1
2gnoster,1
potentialidable,1
normedar,1
krizilis,1
amelpieces,1
ansinnig,1
uncharacteristically,1
glomorphism,1
brading,1
multipledal,1
bigrecivened,1
moists,1
supercap,1
5ed,1
bcfichial,1
infinitesetoftwo,1
zze,1
melto,1
rapidly,1
paradoxescontents,1
lowerballs,1
iterateably,1
chekov,1
goodish,1
dre,1
esthetically,1
erlangengl,1
zwei,1
pion,1
244750,1
cdamong,1
reids,1
propsol,1
rverse,1
putinktbuss,1
axiomatizingle,1
change4abaxia,1
weis,1
implicitizations,1
agnetism,1
decommodification,1
aftertheglades,1
demonstratedfix,1
humanometry,1
whiteboard,1
scarcissitude,1
dedup,1
afflicting,1
finitude,1
entirelyken,1
denotator,1
listentu,1
biteshells,1
intoxicus,1
vo,1
kurtfahr,1
1395,1
ficus,1
parinomial,1
impair,1
delemann,1
antlers,1
nucleotides,1
dedifferentiated,1
prickly,1
duckaholic,1
produ,1
ains,1
soundscapes,1
quenching,1
equiter,1
power2,1
propagiation,1
joan,1
groot,1
writer,1
decomjection,1
setref,1
minv,1
clome,1
evuses,1
recursiveal,1
bcy,1
creches,1
pbarc,1
mixos,1
themually,1
rulentori,1
membershipism,1
skyald,1
dbffc,1
alejandro,1
1972,1
reverber,1
fainting,1
cohose,1
chels,1
quasilar,1
16384,1
databulls,1
zfabc,1
corcorzy,1
aloud,1
platonic,1
abie,1
idempotently,1
propanding,1
weakcard,1
accru,1
nameaken,1
banachum,1
fanaticishness,1
mehd,1
vfc,1
ament,1
nely,1
masks,1
formsulae,1
worldbuilder,1
deref,1
2u,1
abut,1
ghoulish1,1
weakole,1
makezy,1
analyze,1
heyhnai2017,1
occ,1
isarts,1
volk,1
kems,1
riemannocopy,1
4818360,1
jpg,1
ls40,1
nowzones,1
likex,1
1642,1
anteced,1
breadr,1
before1940s,1
situated,1
gnomonulation,1
controversialities,1
generalgebra,1
stor,1
conspirrubut,1
skene,1
tuss,1
untheory,1
sog,1
didfount,1
provabilistic,1
scd,1
fraulein,1
limitright,1
clics,1
blindingequal,1
ostringent,1
apfficial,1
schoolchildren,1
alveoli,1
stratct,1
kamasi,1
agkian,1
hadive,1
prese,1
erzy,1
manorously,1
ansin,1
hyperreflexivism,1
wholeness,1
itled,1
senn,1
xiomatically,1
extralarge,1
crossfades,1
bains,1
infler,1
leadszy,1
ceutical,1
skolewege,1
beautifulo,1
organie,1
runners,1
bigal,1
mps,1
spatula,1
problemoring,1
shallown,1
bymy,1
abolemn,1
findingrammabeachline,1
grothendie,1
downclock,1
noneabsolute,1
2abc,1
upholstered,1
h4,1
transfinitely,1
lozengewise,1
jealoushetically,1
quanties,1
patt,1
wearables,1
ciselimums,1
rrd,1
tiresine,1
betweenset,1
ars,1
relationear,1
cmnd,1
dma,1
fwas,1
peckably,1
17f,1
functorsets,1
consequencesfor,1
omicountable,1
conjugator,1
stadia,1
068,1
reve,1
pseudarsal,1
rodoses,1
dayhood,1
disjunctioned,1
myrrmind,1
countcardinalan,1
doesappiness,1
phoenic,1
agebra,1
alsoxrm,1
syllabus,1
wrer,1
rps,1
entireaken,1
supermemoid,1
haremi,1
charnic,1
abch,1
gallantymphangs,1
yieldedbys,1
byectors,1
tryst,1
verve,1
issystemic,1
sufficewhen,1
lapidary,1
needa,1
myselfrove,1
baschen,1
erstwhile,1
jbg,1
baryatians,1
decaysower,1
snakes,1
boehner,1
heremy,1
dcyclic,1
thirstis,1
unmanned,1
farewellsiii,1
adaption,1
foame,1
epigonometry,1
reposepot,1
var,1
assumedwhen,1
mapthright,1
directlyicative,1
partivisationaken,1
knuckhut,1
mahnological,1
meagercontents,1
7d,1
42nb,1
realtime,1
iright,1
uahlightning,1
lulong,1
footsips,1
boards,1
faulted,1
referers,1
bg2,1
achievee,1
summary,1
relatedto,1
extenuous,1
timesites,1
purelyr,1
limnets,1
thingsality,1
presuming,1
wakelog,1
aisle,1
claude,1
mojo,1
manjaro,1
omniums,1
infinityxiateria,1
unfathomible,1
unionwithjust,1
idempotenceer,1
athematicians,1
remarkreyii,1
onkelberg,1
impliesequality,1
toroid,1
convergesto,1
aided,1
aaazaken,1
pby,1
preformula,1
thisimpossible,1
waglet,1
presaging,1
minf,1
imprisonment,1
mercl,1
axiomaireth,1
kalining,1
bitext,1
chateau2517,1
laplace,1
uponits,1
useably,1
necesitarily,1
hasslewood,1
bonatieri,1
solomonoidal,1
hencea,1
alphabowel,1
meanso,1
gauler,1
formulassys,1
parallelize,1
wantpedia,1
bigcorcuporname,1
methodological,1
72o,1
aletheia,1
overzf,1
finiteable,1
51985,1
xendian,1
logikit,1
domainwhen,1
lfg,1
posetivened,1
conceited,1
tamarazzling,1
datomow,1
stupidity,1
ndung,1
gnostic,1
withpl,1
complicatedhowever,1
rodney,1
metamommunication,1
metachariets,1
objectszy,1
hawthorn,1
infatibility,1
proveeness,1
addivalently,1
additionax,1
metekindian,1
takeonal,1
madrel,1
leghold,1
requirementsets,1
einau,1
haben,1
ballrooms,1
laced,1
blatant,1
denature,1
trouncing,1
inverseomorphism,1
1602bf50ed,1
chateauvreur,1
whatshallpl,1
quadrilectics,1
ofnings,1
cutalleburn,1
inertial,1
multisetting,1
css,1
neighborhoodsed,1
eventuallyx,1
nonetheless,1
packavent,1
ubau,1
tarskopf,1
thereality,1
noncheck,1
rebiability,1
equiang,1
subsetsiveningatetics,1
axiomop,1
shakespearean,1
teale,1
oreste,1
thebes,1
ihm,1
8bf,1
ioyds,1
workbeholders,1
momentai,1
jagdpanther,1
nymphas,1
ersatz,1
hospitalowah,1
supersanding,1
generalthe,1
allam,1
lindelauf,1
1nudes,1
shimage,1
414,1
helpilausosespos,1
familyhesis,1
outcompetent,1
pergamems,1
paleos,1
457,1
haveed,1
andier,1
imagesops,1
aoife,1
onecategory,1
generalizablistic,1
unobstructed,1
upor,1
cutout,1
shmang,1
bourff,1
withinthe,1
equating,1
logarithmicscontents,1
barrels,1
searchedfor,1
intition,1
hereset,1
ppa,1
adheres,1
mcgahn,1
joole,1
fattons,1
eob4,1
4ecso,1
zeros1,1
galton,1
insteadevents,1
existsality,1
tanta,1
kantripores,1
alphi,1
weakcheck,1
inductables,1
netherworlds,1
setx,1
quasimum,1
1938,1
489,1
argumentatic,1
determinet,1
causesnere,1
inchesablopen,1
putreferences,1
distinctively,1
ballouzenegger,1
propa,1
suped,1
despothood,1
intendedto,1
falla,1
clockhas,1
wouldl,1
superhero,1
gangbang,1
preventative,1
adjoining,1
hatchperlocks,1
numberfrom,1
ariginal,1
k0,1
complementalize,1
meaningless,1
darkly,1
transformationso,1
afterths,1
perpendicularis,1
sticksatem,1
unmarked,1
analysiss,1
sprung,1
overballs,1
irredeemably,1
yitre,1
convergesivened,1
equivalentmetric,1
largeoster,1
tensorbits,1
nungivened,1
pureability,1
apseudo,1
taciturn,1
repressed,1
hdfp,1
tamarinksabotishtalk,1
beginswith,1
descriptivist,1
wayne,1
geerle,1
intraf,1
partitioner,1
ofingram,1
unacknowledgedcontents,1
unmtu,1
algebraer,1
howeverlinq,1
cantorsthe,1
bernaysard,1
sinceset,1
bijectible,1
spane,1
editicial,1
craze,1
hiser,1
reformate,1
sobolefs,1
gnall,1
polyhedronality,1
byfarewell,1
isstill,1
xeszibveddi,1
airy,1
howability,1
principleects,1
wdbf,1
oneferin,1
supercapl,1
numberv,1
otherset,1
constructionic,1
ansists,1
cardinalis,1
palmyrafaced,1
joinelements,1
equivalencep,1
veratikfrom,1
securs,1
magnification,1
reformulatingnumerousel,1
cabeau,1
crosschecks,1
tamarskal,1
karate,1
smallcap,1
ahzkel,1
61bf97bc,1
spaceaken,1
chb,1
yro,1
donecd,1
patching,1
lettersa,1
yetane,1
astroometric,1
finishx,1
classfilter,1
reclines,1
obligated,1
climum,1
insteadusively,1
foster,1
supremerandsaken,1
divisional,1
capably,1
axiomiotto,1
maximedramatical,1
frommissing,1
tarnishing,1
cafu,1
balickscales,1
pairingright,1
melvenski,1
chevelands,1
practiced,1
scalming,1
umerable,1
drei,1
lurking,1
mimum,1
canl,1
intersectionesinto,1
domiglietze,1
finallybits,1
126893,1
dirichau,1
bemnon,1
opponents,1
unser,1
factse,1
correctedmy,1
scarily,1
nso,1
wassiemens,1
inputting,1
obhe,1
dbs,1
dcl,1
ufu,1
validators,1
impossibletofor,1
meette,1
varsum,1
provider,1
newtuples,1
correspondents,1
demav,1
axiszy,1
nadir,1
paradoxes21,1
principlebook,1
medals,1
biattos,1
punctually,1
stumpseys,1
augment,1
skulduffle,1
allistic,1
reducing,1
southoll,1
enumerationable,1
ji,1
picks,1
whoosie,1
closole,1
mayower,1
smb,1
amatiable,1
hyperlogram,1
meerschaum,1
metriches,1
rankle,1
1002,1
frommute,1
kaggel,1
unconstrained,1
rowsed,1
surrest,1
statedit,1
fundamentaled,1
oiseises,1
continuators,1
1194,1
assertible,1
caprametric,1
guestel,1
concurrencies,1
metricizes,1
frauenchen,1
fidel,1
dfdl,1
subsocioms,1
nymphomania,1
phenomenonwhere,1
nogie,1
emporium,1
methodthe,1
asinine,1
largerright,1
saidau,1
iningfor,1
equaling,1
craig,1
alfredi,1
canada,1
urysohns,1
isotmp,1
completedo,1
iop,1
shou,1
deadending,1
intuitionuced,1
rwaring,1
rle,1
addedso,1
cotf,1
profiler,1
breadcents,1
concur,1
handsome,1
aggsects,1
gbijection,1
helpmeend,1
inscribelectivity,1
austerleich,1
idealbernays,1
practicalizability,1
carryively,1
problemsolved,1
mahagascov,1
becausewhence,1
opfor,1
greenland84,1
xyz,1
selfifies,1
sinceer,1
specialization,1
predominyed,1
flattending,1
lion,1
predestination,1
aliens,1
holdculo,1
boundesian,1
butting,1
multies,1
containable,1
contraactors,1
planetary,1
kalle,1
donsi,1
fleckle,1
roux,1
smudge,1
leting,1
canness,1
bornmotions,1
seculo,1
badback,1
0ipsum,1
warmas,1
iskhacking,1
algorithmcontents,1
sayss,1
simile,1
cofactors,1
mathematicsming,1
nine,1
situation2,1
1914card,1
cenov,1
distortionary,1
roughlycontents,1
baule,1
brachial,1
rootlet,1
familieshocks,1
unequivalence,1
iiit,1
naf,1
icinf,1
whoseorej,1
2mb,1
machen,1
modularizes,1
decorated,1
programzy,1
tops,1
zal,1
liveschen,1
severable,1
exhortation,1
paeof,1
innit,1
thematise,1
impractic,1
subtextants,1
westminster,1
lineacies,1
sickness,1
conventionivity,1
trountou,1
settheology,1
statesauses,1
scholempling,1
ab6,1
skipschitz,1
underempty,1
dappend,1
hedges,1
possibleorems,1
logthto,1
unbiased,1
apes,1
codemap,1
fuzzyness,1
diagonalification,1
shownhereas,1
wouldnperhaps,1
2zzzy,1
reeking,1
mirac,1
microscopic,1
kerbunds,1
supamong,1
dependimal,1
alsp,1
areanced,1
subsetsof,1
attentioning,1
noamasc,1
spole,1
platonistically,1
exponentative,1
eerivened,1
spectrotomedy,1
lessov,1
remainthumps,1
defoliation,1
themd,1
encycl,1
normalize,1
timer,1
stutter,1
cetera,1
abcx,1
plational,1
barepbk,1
mceaves,1
hearth,1
prescriptive,1
submodes,1
trivia,1
wormhole,1
kleinian,1
conceptially,1
treesymmetric,1
hobson,1
bindsbernays,1
attemptgoes,1
property5093,1
denunciations,1
proofalgebras,1
whitebeard,1
utterspiel,1
trainings,1
deficits,1
databiomatic,1
cutsalstasy,1
innsbruck,1
zano,1
paragon,1
forclusiveness,1
passenges,1
vickerss,1
noeductive,1
mediability,1
nntgen,1
ouridosities,1
pairive,1
itive,1
yot,1
cdbgcontents,1
macbook,1
bignum,1
bolzas,1
rind,1
approxauses,1
iiref,1
denominatoraken,1
talkinglevy,1
reductivity,1
sectionulate,1
axiomon,1
setsref,1
1011,1
coincommensurges,1
proofof,1
anointing,1
baskomonu,1
torm,1
trickiom,1
encounteredaud,1
lockes,1
ano,1
tostartle,1
countevenwhen,1
formsemple,1
swim,1
itself18,1
tenor,1
pspace,1
has51,1
centeredcontents,1
articles,1
phoenarczy,1
onsetblackindex,1
freeso,1
potf,1
longn,1
oxford,1
historymaggots,1
nkram,1
vieille,1
008,1
accord,1
uf,1
determinating,1
scribing,1
clincings,1
makenylv,1
numerus,1
soars,1
gffc,1
reformatig,1
cmso,1
irvin,1
2ill,1
elementzy,1
blacketects,1
predestine,1
archaisms,1
evpwise,1
oneizier,1
haszero,1
passion,1
howevernisms,1
themakes,1
kolmogorovskis,1
quasiordinal,1
yeomansedgeem,1
alephset,1
explictory,1
willyth7539,1
inductiveally,1
emptyings,1
amorousulum,1
encyclical,1
defer,1
plenum,1
odysis,1
wouldzy,1
impermeable,1
tiv,1
neighborhoodit,1
tiers,1
railenstru,1
eachony,1
itowness,1
particularlyioms,1
wastaken,1
itomorphisms,1
underthecurrents,1
bestowing,1
nativity,1
shortlived,1
reation,1
spitos,1
greyish,1
shomon,1
canals,1
pict,1
maximetry,1
hierarchism,1
eyeed,1
oisele,1
forivened,1
nctheorem,1
failfficient,1
citys,1
resultfrom,1
concequence,1
intersectioning,1
amongthebes,1
approximatelyivened,1
nqvist,1
mitigations,1
reexamining,1
modelets,1
debu,1
complementals,1
0154,1
pathwise,1
binational,1
largelycontents,1
meditativenes,1
aloftwith,1
pseudomainizable,1
normedative,1
addingr,1
correspo,1
quadram,1
compactextract,1
finitelyalfring,1
remainsers,1
toocontents,1
postcollection,1
tearsichords,1
blaxi,1
me3s,1
redone,1
oldb,1
logicthe,1
bignatural,1
osemasmic,1
findeth,1
heartthe,1
manifoldly,1
finitize,1
accessable,1
hasugonese,1
readjustment,1
attemptibles,1
pearlyipsilon,1
moreoverdespite,1
aranea,1
ansarski,1
logarithmias,1
firstinks,1
horribly,1
normedomial,1
kneeab,1
17772sqrt,1
cch4,1
eminence,1
bottomedows,1
chetrovtsky,1
isometricized,1
itly,1
firsta,1
alefinite,1
biss,1
prophys,1
stratagem,1
alephorel,1
donaken,1
butler,1
gfg,1
myedix,1
ceume,1
offc,1
largeaken,1
hadassah,1
metres0,1
cdrains,1
mnemonics,1
theoretemes,1
dayromedian,1
bigdel,1
remainatrices,1
aho,1
aucus,1
trivializeed,1
pv,1
toephyllons,1
dualicative,1
bushels,1
munch,1
senseaxiom,1
crumpledwhen,1
mapfrom,1
disutility,1
subvalued,1
waaaaaack,1
gripum,1
frotteously,1
kunstler,1
infamously,1
1374,1
numpsets,1
whovelleth,1
bodys,1
hasar,1
ahoompabulum,1
duress,1
zfinite,1
doesneddly,1
nslyverse,1
cohencontents,1
whither,1
livingole,1
mammals,1
predictions,1
alphab,1
fasting,1
medverse,1
enchantments,1
longcontents,1
purelycontents,1
strengthfully,1
xfcd,1
denseintersectiondefinite,1
fractionscontents,1
existably,1
432,1
martin1850,1
science1375,1
countings,1
model8,1
onceamong,1
exponentiating,1
wearier,1
seened,1
metachromatized,1
bloodwine,1
redforgetting,1
cervantes,1
basedames,1
imagesation,1
abdin,1
limpossiblehausdorff,1
ck4,1
skorel,1
ofrilado,1
sinner,1
fraenkelstein,1
semisigens,1
representationality,1
partaking,1
2bb,1
39b,1
allowedby,1
emc,1
coen,1
functorations,1
unionly,1
bafg,1
regrettably,1
quasiset,1
cud,1
therexiii,1
grasps,1
bentz,1
sparing,1
euclian,1
fromthee,1
beearring,1
krzys,1
unpredorable,1
nonmissing,1
outimplements,1
upwith,1
proportioning,1
mcfright,1
gavarn,1
nigs,1
fraichlin,1
substrates,1
rslexma,1
nbaken,1
theirorems,1
semipermioms,1
wayaken,1
oobb,1
camus,1
keniverse,1
unionwhen,1
granvilleo,1
pcowski,1
vhf,1
repeatedlyably,1
semipermeable,1
undervaluingcontents,1
brinethe,1
inequality1,1
mathematikonstrukte,1
produentlichen,1
arithmetique,1
timeselementscontents,1
isinfaken,1
unmute,1
childhoodthat,1
ridatto,1
prescetic,1
3gbcontents,1
hypocrite,1
pseudometrization,1
topomorphism,1
vogue,1
plantago,1
downstream,1
fallivened,1
southerly,1
thunderbolts,1
immemorializing,1
restrictinger,1
pharaohs,1
developmentates,1
4y,1
heylau,1
wasteberg,1
lascoli,1
pagesb,1
disassemblers,1
substitutionary,1
desugregation,1
spinozhns,1
bolzman,1
platonistic,1
closings,1
onlyiable,1
reallife,1
axiomang,1
homoregulatory,1
orsteins,1
oblivioncontents,1
cockaignere,1
mixal,1
faceside,1
whowas,1
muteilenge,1
fraenes,1
6ab,1
5a,1
aerismatization,1
motivas,1
longsince,1
subsocially,1
formifies,1
cardinalityset,1
largerborentine,1
wellformed,1
juanito,1
hasthe,1
condemning,1
representedets,1
filibuster,1
necessaryymptotic,1
suckling,1
ishtar,1
rewind,1
deutscoped,1
underthezy,1
arrangements,1
digitations,1
hd2,1
beezhou,1
multisetsed,1
evasions,1
parfum,1
saiev,1
pessimists,1
weians,1
teff,1
imitating,1
frei,1
plt,1
localizations,1
abga2,1
3cardinals,1
mystifies,1
untarnished,1
shoulded,1
belowasqu,1
abdefinitions,1
universifiable,1
perimeters,1
multithreadization,1
louisard,1
sizeoftheory,1
terrors,1
flameshway,1
speculum,1
skolemology,1
everyiangular,1
butby,1
meditate,1
normation,1
segmentals,1
invariables,1
rogoff,1
fgetsilon,1
homeright,1
65000,1
elses,1
problemenvyth,1
flattered,1
bijecturizes,1
provingthat,1
intersectionally,1
indexto,1
hadamards,1
irrefutably,1
takenometry,1
numeraton,1
planesa,1
cardiades,1
cbedekinds,1
schemacontents,1
4xbase,1
dbpd2,1
afq,1
fdaken,1
howeverumann,1
aku,1
6that,1
rpa1,1
overhowling,1
bovary,1
uzy,1
horrorsdfs,1
strictlytobuster,1
whys,1
pmfc,1
oedip,1
amongafaithan,1
codons,1
ptoopy,1
kantriporeff,1
rtf,1
metametrizationiic,1
tensets,1
subsources,1
whcintly,1
coefficientized,1
generen,1
hasno,1
uer,1
mixing,1
udm,1
misconstrued,1
gqk,1
tick,1
justifyable,1
abole,1
thanc,1
nelsons,1
bleu,1
diagramzy,1
fundamentalsl,1
cutpinzulates,1
superimplements,1
paula,1
arezips,1
theirsander,1
metaenealogy,1
ormans,1
limpossibleahhhohla,1
metamets,1
suckles,1
groundcontents,1
enactment,1
idemso,1
dropsauce,1
millikans,1
spinfenberger,1
subdifferentiation,1
leib,1
doubtful,1
floc,1
relationer,1
disjointities,1
exponenticative,1
senseiable,1
bandy,1
pb1,1
fgnb,1
nones,1
ebcn,1
seted,1
thatso,1
prebig,1
metaclassic,1
entirelyhesis,1
lto,1
disburse,1
thatcantor,1
lowlymindedness,1
bothiable,1
functorized,1
bigsubset,1
opbc,1
selectionism,1
lessis,1
gcblues,1
tectonics,1
themediotically,1
roughed,1
reauteously,1
everyve,1
maxwise,1
anszy,1
hunk,1
partialomorphisms,1
equivalentto,1
verwendlichen,1
hling,1
schemologized,1
suffixing,1
lessthan,1
aaaabf,1
canweave,1
02n,1
s10,1
dictatorial,1
ancant,1
demises,1
morningtide,1
yerevan,1
adthere,1
familying,1
takeoffs,1
yourvery,1
roles,1
toolsets,1
inumberable,1
takeover,1
modelers,1
8b,1
finnen,1
nowt,1
sotiris,1
oarsmen,1
timeslier,1
passkey,1
nowcontents,1
pretheology,1
toposyphs,1
tanew,1
nduplicative,1
iarest,1
subjoined,1
isomorphismperhaps,1
zoomedby,1
universeally,1
dawg,1
lusterce,1
olempositions,1
beiergensauf,1
ultraportability,1
subsentire,1
heytingenok,1
unhelpful,1
gpo,1
drownsays,1
disowning,1
algebrass,1
topocamong,1
hadsorasedzy,1
pov,1
kalamata,1
nepotational,1
fingers3x,1
medullobotning,1
pmbwillington,1
1283,1
1447,1
automorphicly,1
distancesin,1
abfck,1
closeright,1
attilanism,1
mandingency,1
keyscard,1
indivisible,1
useed,1
ansstorfs,1
woundiemannian,1
coarsening,1
hasrelate,1
assumedright,1
thereb,1
hieronymov,1
bicontinck,1
lense,1
arended,1
rvalues,1
axiomofrefine,1
insists,1
fraedig,1
idiotku,1
makeoy,1
moc,1
senseable,1
fiset,1
millionsa,1
bviii,1
homely,1
timesets,1
shnews,1
beer,1
dolci,1
geheimdo,1
isidori,1
episodesivened,1
interjects,1
pseudoselic,1
multisys,1
supercom,1
zerosky,1
miguel,1
60stime,1
isopoetic,1
ansaves,1
1974,1
lettering,1
thesezy,1
nothivable,1
waggonsars,1
isfilter,1
ansam,1
fdz,1
swann,1
innkeepers,1
discusmentally,1
adpc,1
decaysenitary,1
woll,1
semimals,1
unverse,1
leannt,1
assam,1
gkimoli,1
hymnsosphy,1
stirling,1
erector,1
saelo,1
immuneadvertisement,1
bunchbank,1
notches,1
complementoreact,1
oltker,1
passweighing,1
busiest,1
whopleteness,1
identifier,1
intples,1
tuquarks,1
nfa,1
erdrighte,1
adad,1
equalthis,1
daylt,1
pairelin,1
hierarchyet,1
fgets,1
manuel,1
guided,1
gda,1
childsares,1
leapfrogging,1
qantasilox,1
subsetaken,1
doesomeday,1
extendible,1
fascists,1
fcanes,1
foc,1
scaffoldings,1
heckle,1
algebraant,1
solidifying,1
onlyso,1
ically,1
0index,1
ouple,1
voyageaus,1
npj,1
repeateq,1
eqcontents,1
hieronymodaveil,1
motionless,1
antics,1
subscripted,1
quadriline,1
gle,1
caved,1
hewers,1
rationalskipping,1
expressright,1
finded,1
pricing,1
obckup,1
reining,1
npp,1
hcauchery,1
nowright,1
nowand,1
lections,1
holstering,1
michaela,1
murillo,1
periodical,1
profonomized,1
existentialism,1
shay,1
romanticist,1
brawls,1
didnivening,1
bangs,1
injustice,1
redirectalogy,1
polygonality,1
56200751,1
convection,1
ensoulpace,1
hatchet,1
crashed,1
malformation,1
subreality,1
plagiarizers,1
preempts,1
hyperpersion,1
crescendos,1
chair,1
metaqueerteness,1
acclimates,1
predecessor,1
bruno,1
withinomorphic,1
metawarpetian,1
sarten,1
arkos,1
shivas,1
badness,1
pala,1
prevented,1
vestigas,1
teacapan,1
insackytunk,1
staging,1
bursts,1
treslinks,1
despace,1
scalpel,1
mrtil,1
diatribe,1
chiappe,1
immortalization,1
filtering,1
alphablast,1
transcutation,1
kalibois,1
x3,1
personalethical,1
coca,1
ecologys,1
litem,1
bpmao,1
seritomorphists,1
wan,1
mortability,1
attwai,1
titles,1
irrevocable,1
spamlined,1
bangf,1
acronyms,1
karm,1
laterage,1
lvl7180,1
superiority,1
stealth,1
privation,1
routine,1
imosmic,1
sino,1
logarithmetrics,1
billy,1
psychedelics,1
molecularic,1
albia,1
3000,1
incident,1
javascript,1
brantland,1
wkhistory,1
outpaces,1
reveled,1
societal,1
canonically,1
haven,1
resum,1
slashlines,1
tombcap,1
resigned,1
embers,1
unallocated,1
pitcase,1
plugica7,1
robes,1
necrosis,1
kudzky,1
fsq,1
algoute,1
hyperchaos,1
flavor,1
accelerate,1
backflict,1
clarification,1
transmute,1
confers,1
button,1
programian,1
infectedmnemonic,1
sensorsearch,1
sar,1
para,1
scoria,1
subsearch,1
someday,1
snapshots,1
sig,1
akira,1
performer,1
winckle,1
synearronic,1
bwacho,1
sublanguage,1
neutralizations,1
fractalastik,1
smokin,1
continent,1
libsyn,1
acoustics,1
outburst,1
corruptionuture,1
sinkshit,1
imbedevoli,1
homosocial,1
kafkas,1
montre,1
profiling,1
venturer,1
invertebrate,1
frosty,1
francophone,1
commission,1
survey,1
linears,1
climax,1
regressibly,1
shura,1
expection,1
responders,1
coven,1
metanoia,1
202,1
overseia,1
invisibly,1
transpositional,1
soulmapper,1
congleton,1
mantash,1
interception,1
logeta,1
hyve,1
dabbles,1
perfectionary,1
capsentry,1
usersmimum,1
gapyear,1
challenged,1
highstone,1
accelerating,1
progressive,1
downashimi,1
charla,1
nephilos,1
forest,1
metathemology,1
gravitas,1
religions,1
leelang,1
panic,1
hierarcheticallymanaged,1
sanctity,1
malign,1
pragene,1
subsiding,1
logistical,1
storied,1
owner,1
blossoms,1
osuired,1
morpheus,1
immersion,1
reframes,1
attune,1
urrection,1
reconnection,1
choic,1
stylement,1
overwhelms,1
requesting,1
specs,1
recoverable,1
alchemistically,1
verbosity,1
prt,1
exagence,1
zalm,1
stagnateur,1
dasiest,1
eternalization,1
malpractice,1
encapsulates,1
realease,1
nanosemature,1
soundwave,1
indictment,1
kurea,1
honored,1
linearization,1
europeanism,1
prima,1
nvhess,1
wists,1
gaia,1
apocalypse,1
enviare,1
overturned,1
rewriter,1
slaughters,1
tomomi,1
reverys,1
basarweet,1
godblaze,1
wider,1
distortions,1
delilight,1
nomology,1
medicalgate,1
quakes,1
qa,1
adventure,1
seductionist,1
imacontima,1
profur,1
daemoneseries,1
transliteracy,1
elijahs,1
moat,1
bucolic,1
subgenre,1
stall,1
carcos,1
mansion,1
masturbates,1
opulence,1
blissscape,1
jokes,1
penguaball,1
omniscience,1
confinement,1
sence,1
arganic,1
activism,1
a0390471,1
deepspace,1
rebranding,1
irreconceptive,1
belated,1
desituiry,1
hedral,1
searing,1
rahorm,1
thermometer,1
charisma,1
transcendentalist,1
scholarship,1
psalm,1
fronctification,1
beacons,1
grim,1
diseware,1
noliortality,1
rhea,1
plata,1
audiots,1
attwitted,1
meiosis,1
collusion,1
sophie,1
torque,1
galaxy,1
reliccies,1
queryable,1
male,1
invades,1
bigotry,1
singletronic,1
smelted,1
saturated,1
gate,1
unrivaled,1
forwarding,1
pillars,1
oinfo,1
prune,1
accented,1
learners,1
abbay,1
webs,1
vibrate,1
mixed,1
qrive,1
unknowable,1
index83,1
abiotic,1
metamorphoses,1
structureosis,1
immortata,1
beams,1
sortoima,1
epistemology,1
sophisma,1
witemic,1
asterisks,1
musemiding,1
impounded,1
immortalized,1
retweets,1
adjective,1
gratification,1
bazal,1
ekon,1
requestrogram,1
mutant,1
steered,1
fruticases,1
trinstigland,1
ticsysicsforge,1
minori,1
cultures,1
aphorisms,1
kathleen,1
helpless,1
obituaries,1
survivement,1
ides,1
discretion,1
nutrients,1
triumphschedule,1
protein,1
creosciusystem,1
mysteria,1
reconvergeants,1
alchemizes,1
permanency,1
thermodynamic,1
infinitiesemic,1
genreization,1
potions,1
sarroni,1
bookology,1
archaeeeian,1
karps,1
foo,1
infused,1
peduncle,1
breadcrumb,1
sexualist,1
optimizer,1
barnstorm,1
chromeprofilesinverness,1
impunity,1
teamwork,1
kurek,1
wine,1
erases,1
torrer,1
ceased,1
pastebin,1
assmanns,1
12189,1
colonizer,1
intraweb,1
narcissistic,1
strata,1
shaking,1
reattributed,1
mikulski,1
linkage,1
klutz,1
pedian,1
counterplasmic,1
jammers,1
gsub,1
hekappa,1
jumping,1
virtu,1
uncover,1
github,1
goldbergs,1
reaccessibility,1
archie,1
homeroxy,1
wildly,1
superisotic,1
malleable,1
wd,1
cripples,1
announces,1
dull,1
shallowly,1
seethe,1
seraphotic,1
hijacks,1
plumb,1
distro,1
extoodoo,1
operationalization,1
qux,1
harrowwait,1
responded,1
arabia,1
dfa,1
assassination,1
incipient,1
sapo,1
corclus,1
issued,1
intermediactic,1
listeningencies,1
irremediable,1
zooms,1
celebrity,1
shockwave,1
spectroel,1
topium,1
exalt,1
fostered,1
casualties,1
toparic,1
uncannifiable,1
memorandum,1
emily,1
sustainibly,1
evolutions,1
autopsies,1
pretext,1
kalamazov,1
malelphi,1
impactuous,1
pulsing,1
marshaled,1
primal,1
bandage,1
micronotation,1
incircle,1
entirelyasexual,1
devirtual,1
typedbombsmith,1
bannister,1
kangaroo,1
artifice,1
psyops,1
survivor,1
forwarded,1
outpacing,1
retorts,1
xmas,1
qoo,1
donative,1
swap,1
explodeatically,1
prioritizer,1
blacklists,1
webfilter,1
tulpa,1
binge,1
criticize,1
magnetsusion,1
torbata,1
recasts,1
unmasking,1
liberally,1
tomfoolery,1
cleared,1
prespotation,1
halted,1
firecat,1
schol,1
sigilutra,1
iggurat,1
resolving,1
srussian,1
qlsw,1
hegemony,1
xrays,1
mimicettable,1
alschwindinger,1
loft,1
rossjammer,1
creatorspace,1
unharmful,1
installation,1
radio,1
seedware,1
kudos,1
phasentos,1
personalize,1
plagiarism,1
kenosed,1
witnessing,1
codastics,1
wanting,1
conquest,1
libertarianica,1
desolation,1
1988,1
ghosthood,1
profstruction,1
817,1
kumaki,1
prophases,1
reagency,1
viridian,1
quarantined,1
12750,1
calenders,1
regressage,1
ontologicallyational,1
etherabalism,1
transp,1
prowsomenology,1
dimensionary,1
mavenconnection,1
tryingadvaluation,1
oorian,1
selymental,1
cringing,1
strloom,1
eos4d,1
honing,1
gameplays,1
searon,1
intrusive,1
bloomed,1
sorrow,1
westfrom,1
slashy,1
riverhole,1
drugged,1
vulnerabilites,1
schrodinger,1
ridling,1
damascus,1
traversia,1
schlafly,1
demiplane,1
hepita,1
checkboxes,1
constrained,1
conceivable,1
overlay,1
lao,1
muscle,1
misdirected,1
triggering,1
imbalanced,1
saddled,1
729440,1
polymorphisms,1
recommendation,1
chopshw,1
bootstrap,1
domiless,1
dissemination,1
impermissible,1
submit,1
diachronisms,1
tenet,1
layla,1
abcenso,1
botanica,1
doxes,1
cook,1
keyla,1
retraction,1
tremendoskakespere,1
motormag,1
leche,1
despoticque,1
lecritement,1
malaliction,1
tcp,1
eastside,1
beggingonce,1
atasis,1
formsula,1
infact,1
ripper,1
cultists,1
kingmaker,1
kavlice,1
digimonetics,1
sustains,1
timezone,1
oawa,1
mem,1
buffet,1
serenades,1
enwraps,1
offenses,1
positioning,1
crises,1
universespeak,1
revivallibrary,1
successfully,1
pegish,1
reorganization,1
credibility,1
maritime,1
defies,1
wrecks,1
rebuke,1
sinks,1
eradicate,1
periodic,1
peerherence,1
arkoma,1
eggshell,1
serving,1
mindscape,1
executes,1
crossplane,1
initializers,1
congreve,1
handcrafted,1
kota,1
cofounder,1
deli,1
spite,1
niceties,1
choosed,1
breakups,1
ultimatical,1
catalgic,1
interviewed,1
arrivingship,1
propagating,1
kannibal,1
overlan,1
dnabass,1
rub,1
soliloquy,1
critiqueta,1
mortifying,1
idolology,1
deprivation,1
banisher,1
symmetrally,1
ranting,1
quandary,1
poke,1
residueynamic,1
quoting,1
bichedron,1
necrophysical,1
hyperleak,1
wox,1
consumes,1
venerability,1
uncorrecttarian,1
serenderence,1
elite,1
witless,1
librugy,1
defection,1
igmosis,1
diplo,1
imdynamic,1
midlevel,1
sage,1
communicator,1
mikkelle,1
ext8,1
setularity,1
malfunctioned,1
attorney,1
sacredmathutures,1
apologia,1
travashennettblogdecision,1
abendians,1
kiem,1
sorformatures,1
haj,1
announcing,1
profusorci,1
geckyrus,1
scythe,1
webpage,1
chaoc,1
mex,1
transmuted,1
pedaling,1
schedule,1
literacy,1
reerie,1
slacked,1
metamour,1
inator,1
sessional,1
uture,1
1852,1
abiogenesis,1
mikleli,1
tetrodynamic,1
infinitiation,1
biometrics,1
tomataisyphs,1
bombings,1
synapsing,1
rewarped,1
banography,1
sampler,1
musbalanced,1
seduction,1
salamanders,1
arabzob,1
elemiverse,1
appreciated,1
iconoclasm,1
fungus,1
inculpate,1
verbiage,1
cultivatio,1
opener,1
okada,1
sigpah,1
descendent,1
outweigh,1
observes,1
logika,1
kris,1
colonoscale,1
monotheism,1
learnings,1
displayed,1
timelands,1
profurfields,1
anonymous,1
respire,1
grue,1
subserver,1
densityary,1
eep,1
merit,1
beware,1
dasimuth,1
scraped,1
tzedekhon,1
spiders,1
medics,1
perfecting,1
gorillas,1
logjam,1
wreaks,1
ashurstiens,1
masterfully,1
bitgool,1
seduced,1
deliverery,1
honest,1
voidivalence,1
epist,1
reinforced,1
commutation,1
memorized,1
socratic,1
981740000,1
tetraposition,1
abkymmetric,1
efritor,1
primate,1
vigilance,1
mort,1
allreference,1
planesindian,1
kickster,1
honed,1
scrapage,1
hyperlinks,1
botanic,1
torum,1
anti,1
zlerg,1
avocado,1
pivoting,1
sacredloop,1
nefusion,1
laydead,1
epylaxis,1
breaker,1
queenspace,1
euphemism,1
transplanthood,1
metaethical,1
speakers,1
jusattas,1
discoverability,1
circularlytic,1
proofreading,1
maximomorphic,1
conccurate,1
stole,1
midcentury,1
hyperwy,1
lue,1
despicable,1
iocus,1
landfill,1
potpourri,1
18200,1
digitation,1
deepchannel,1
lyricism,1
minimalization,1
checks,1
majinology,1
spread,1
philosophization,1
wereton,1
currents,1
3314,1
asuree,1
controls,1
volcanic,1
learnability,1
concretion,1
emotive,1
phenomenological,1
aversion,1
profiting,1
bintrin,1
schlopen,1
inflicts,1
miniboss,1
steves,1
zomjet,1
questionave,1
tremendous,1
macarchival,1
commanding,1
ensign,1
boffalo,1
winmanent,1
iune,1
searrer,1
maximima,1
kjv,1
zealous,1
giversizechain,1
controp,1
coins,1
plagues,1
titanos,1
fuestio,1
superfinite,1
hosts,1
talks,1
memthembudsmen,1
regenerate,1
archaeoanalysis,1
dismant,1
abandonomorphic,1
shoo,1
ronabuera,1
fades,1
admitting,1
archiveofindio,1
blogspotxx,1
shocklaan,1
directonse,1
466msg1367,1
tensorandom,1
cohafe,1
midpoints,1
prim,1
cocon,1
stica,1
transgepridation,1
sjs,1
majordomo,1
kerence,1
creolia,1
mightect,1
attrapers,1
preselection,1
archaeologist,1
empires,1
synopsesections,1
neutralization,1
infarct,1
hive,1
settings,1
boiled,1
pricy,1
biosynthetic,1
liveode,1
perished,1
1912617,1
ripened,1
catastrophically,1
totalitarianlegalpunk,1
sustainive,1
dessert,1
bouquetful,1
microbiology,1
rewritten,1
codec,1
wayail,1
nuisance,1
ectopic,1
modding,1
ptwo,1
loper,1
violated,1
asceticosis,1
kamaki,1
jihadist,1
libthesis,1
kelppy,1
3http,1
proicaliku,1
existentialities,1
coil,1
belatedly,1
10nm,1
mushrooms,1
multimillion,1
chemtrails,1
smothering,1
talisman,1
chats,1
1143,1
incisions,1
xxxyti,1
zebras,1
witooky,1
sallelite,1
galaxies,1
aralex,1
helplessress,1
scissor,1
abac,1
arcanism,1
preponential,1
unfolded,1
abaco,1
monstrosity,1
possess,1
preppy,1
extrusion,1
rankington,1
nom,1
astm,1
4chan,1
ecommerce,1
devaluation,1
tactic,1
protonary,1
gas,1
suturing,1
temporalism,1
tonology,1
necessity,1
strategist,1
shudders,1
plummy,1
fighter,1
selfie,1
bismuth,1
warfare,1
firewares,1
purist,1
deonotion,1
baumiller,1
bloodline,1
pseudosemic,1
tombs,1
restorationfully,1
saintsurrection,1
dot,1
metaqueit,1
covenant,1
releases,1
capitalizes,1
ponder,1
skepticism,1
aggressive,1
laux,1
constellations,1
parental,1
ephemerarch,1
plenary,1
universiteness,1
alpaia,1
litmusification,1
drawer,1
desireastroducts,1
interresponse,1
walltopaugmentation,1
stratasms,1
investigators,1
obsolescent,1
tinybud,1
spacefm2tutorialstudieslibsynapseearch,1
masking,1
complementative,1
shockreaction,1
muskin,1
tormentive,1
illiteracy,1
sustainment,1
categoryosis,1
plumed,1
pitched,1
recommendations,1
powerbreak,1
1500mn,1
nomnom,1
sisobeception,1
tbl,1
abduce,1
imis,1
enum1,1
pierced,1
indefinability,1
checklists,1
acoustical,1
reindexless,1
riddle,1
communion,1
blinking,1
undergone,1
rstud,1
metametry,1
scripts,1
load,1
kekphosis,1
musifier,1
albierocat,1
mahalia,1
counterflage,1
esendare,1
plato,1
wormholes,1
niq,1
narcissism,1
protonoidal,1
misstep,1
mauks,1
bidirectionality,1
extr,1
allocrate,1
oerythe,1
push,1
paks,1
enslaves,1
3heres,1
kenette,1
retrograde,1
quash,1
metaq,1
techno,1
relentless,1
aust,1
kectur,1
encyclic,1
auth,1
hacks,1
landrace,1
graffit,1
troglodytes,1
popstar,1
arabica,1
pixate,1
kom,1
redaction,1
piracy,1
siper,1
icons,1
retroactive,1
perfectized,1
immeasurable,1
cloaked,1
subsurcommons,1
egyptium,1
stratigraphical,1
migadot,1
arsenal,1
reasonrence,1
analyzer,1
decelerates,1
gawd,1
componence,1
diversified,1
ascoliation,1
avoidagging,1
transcendentalization,1
sensitivity,1
hype,1
17140,1
erudite,1
koolanging,1
topologically102018,1
geomorphosis,1
metahacking,1
archaea,1
breathtakingly,1
prix,1
duolingo,1
polling,1
stateically,1
crumpling,1
defects,1
synchrony,1
mastermind,1
biggest,1
tristable,1
definitively,1
agents,1
fragidity,1
poof,1
slackplained,1
avatars,1
transliterations,1
fracters,1
emit,1
insensitivity,1
kencha,1
volatric,1
cookie,1
ecosystems,1
syntheticallyurically,1
jab,1
hydrophonics,1
volometrism,1
overwriting,1
frontmatter,1
etibiii,1
diehards,1
prewave,1
apposing,1
morphogenetic,1
susceptibility,1
directlyitarian,1
fractalism,1
creepy,1
ebi,1
maximatively,1
sarc,1
ghostkrypt,1
emotionalomorphic,1
iambrow,1
1500,1
20200,1
bspace,1
tooltips,1
eveneeper,1
acquisition,1
819774,1
rote,1
maximalynxsmosis,1
libstage,1
subsinks,1
11200,1
premium,1
dramatization,1
bitbucket,1
chantcaserendezvous,1
pristine,1
worshipper,1
detects,1
operants,1
concealment,1
polygons,1
angelentre,1
actorship,1
tracestyle,1
newshystery,1
timbre,1
luci,1
sophister,1
opaqueness,1
poisma,1
40140,1
morituri,1
virtutnode,1
pedancy,1
aching,1
mutationship,1
mourned,1
cultical,1
geopolitical,1
splinters,1
thatonce,1
superlate,1
recirculates,1
recreation,1
heavendome,1
profits,1
stratigraphic,1
abysses,1
logslines,1
extinguish,1
indexization,1
revenants,1
saddles,1
vere,1
selfreach,1
iku,1
workbook,1
transductions,1
spline,1
smelly,1
vegetkauchi,1
lab,1
jamsyn,1
pull,1
subsystems,1
mozkill,1
archangel,1
segway,1
punishes,1
beaters,1
vocals,1
midattention,1
declared,1
disappear,1
disambiguation,1
masterstrophy,1
presign,1
kudzu,1
malus,1
celestials,1
corpossums,1
rebuilding,1
waseeper,1
algorithmsmarp,1
uctuple,1
aroma,1
duo,1
kyawards,1
motoreni,1
settle,1
hoist,1
blooperpeak,1
banurable,1
nestlessly,1
iridium,1
spews,1
dominatory,1
obscene,1
recond,1
encipherment,1
suspense,1
omega679381491,1
rubble,1
laboratory,1
experiencesomorphic,1
crackspace,1
transcribes,1
mizzou,1
metafunction,1
imaging,1
superfunction,1
mazana,1
methodic,1
tombsearch,1
carnage,1
workspace,1
driver,1
vegetating,1
transformivist,1
reviewably,1
encapsulation,1
lambdasher,1
lettuce,1
transplant,1
backchannel,1
corpse,1
opirectional,1
valleyconqueror,1
heattracer,1
shellcode,1
translating,1
archimediantechnology,1
janizzle69,1
alegal,1
percussion,1
ensue,1
constancy,1
consciousnessers,1
unmaking,1
epistolary,1
bhaskari,1
fullive,1
contrapack,1
deeplight,1
kharni,1
perorating,1
hypervisor,1
winspot,1
switches,1
acrosphere,1
usb,1
radicalization,1
voluntarily,1
sorges,1
abuser,1
singling,1
silestones,1
admiral,1
samuels,1
entomb,1
etch,1
fsf,1
colonized,1
breaching,1
conceptualization,1
synchronizes,1
cancelling,1
midcf,1
ghostform,1
altversa,1
laudably,1
exe,1
ballast,1
eica,1
sophwix,1
librepoengine,1
aster,1
pilgrimage,1
correctioning,1
kisima,1
recursiveization,1
semitism,1
hypertext,1
130,1
jermalloc,1
pu,1
lurid,1
antichotomy,1
piel,1
scalpelosis,1
reemergence,1
libre,1
consultative,1
jaded,1
sessions,1
shantell,1
sackcrab,1
impactor,1
trusting,1
alannah,1
devious,1
yupaos,1
flimsy,1
analytics,1
malakka,1
gainfully,1
spins,1
uncharged,1
solidative,1
jank,1
frontal,1
malicious,1
digestive,1
torpor,1
stanatics,1
urethra,1
approxlessly,1
rindex,1
diel,1
plateau,1
miuk,1
rotted,1
dewiden,1
regressor,1
songist,1
recusability,1
frustrated,1
surgoing,1
synopsesgue,1
blastzerkas,1
rawness,1
reversecultural,1
witchland,1
ashman,1
semiregular,1
capitalisms,1
conjures,1
promises,1
implosion,1
preisomorphic,1
exploitative,1
adjusting,1
intel,1
ashtraction,1
withering,1
overerror,1
conected,1
relicensing,1
bodacious,1
cursor,1
diversification,1
annihilated,1
implants,1
homoerotic,1
micromessage,1
crypt,1
acidic,1
failurearyainment,1
libryption,1
incarnate,1
checkpoint,1
acci,1
selflearning,1
corporate,1
alliances,1
sophism,1
imprecess,1
deceleration,1
banquet,1
resonate,1
rafting,1
toast,1
siginia,1
medicated,1
frackery,1
ognostic,1
ressentiment,1
moash,1
ripness,1
deepbreaker,1
trabalaga,1
acolymaul,1
eaten,1
sophistorically,1
prejudice,1
tomasee,1
fx,1
brainlessprofoundness,1
midwifery,1
rode,1
waterfall,1
buffered,1
precondition,1
uremental,1
relicrogramming,1
hypercorrection,1
imitations,1
juvenile,1
attacking,1
virtimetry,1
solans,1
transplanting,1
intestinal,1
quoteed,1
absolution,1
psilocyphy,1
osseries,1
composure,1
aval,1
uneasiest,1
qcrash,1
kompe,1
rasea,1
tritorian,1
estuary,1
sanged,1
seraph,1
pheus,1
1w,1
mikabishi,1
domynamic,1
bermovi,1
mundane,1
apex,1
homage,1
freelandbrk,1
massalins,1
autoboxes,1
hemodynamics,1
mytro,1
omp,1
questioning,1
debutance,1
percentage,1
litemerien,1
resonating,1
inexplicable,1
malind,1
transparent,1
hysteria,1
17486,1
soulet,1
39008,1
pledges,1
prosperness,1
convergentymmetric,1
shortsearch,1
briefpaced,1
decoding,1
semashrontology,1
loneliness,1
docchain,1
trademark,1
banal,1
supervision,1
cvars,1
raisons,1
cacophonous,1
artisans,1
kate,1
sequenceaken,1
inversewise,1
reformatting,1
thurs,1
straightway,1
insteadad,1
function2,1
landaus,1
wouldong,1
caddyshack,1
broodactyl,1
kreiselarck,1
odonoghue,1
demigods,1
dealingaken,1
conquerors,1
decked,1
justifiably,1
geheimnisse,1
einfahrungsommenskrammer,1
ameliorate,1
transmutable,1
homeostatiable,1
travellingakened,1
8r3,1
ofms,1
fortran,1
afterallyallyveryostove,1
upd,1
marat,1
marould,1
nada,1
aboutbypasses,1
sprint,1
6ocfte,1
ostallyper,1
oghond,1
kess,1
formalityitism,1
wakeup,1
damag,1
raunchy,1
afterallyally,1
fich,1
ove,1
kee,1
majh,1
itright,1
unmoving,1
bo2,1
moleons,1
ofeii,1
arrangementversion,1
engagementissec,1
whaticagoth,1
theirakever,1
playecict,1
artind,1
coce,1
xpd,1
intuitionical,1
727,1
6ast,1
iecimper,1
howoc,1
howost4ond,1
cesveryperost,1
lperh,1
quh,1
tierish,1
lec,1
underove,1
oghberable,1
ghveryed,1
beroc,1
unalgebraic,1
vacancygb,1
wraith,1
tenancylation,1
shroudrobin,1
sirroversial,1
incompetence,1
shroud,1
lackdaddy,1
bordsuccessfullycheon,1
slappingrobin,1
giantulbut,1
bpdr,1
slackness,1
moonbase,1
germane,1
indexable,1
didsthe,1
lull,1
hungryalg,1
purchasing,1
krist168,1
aston,1
beastriv,1
lanesfriendlyighty,1
eyeaucbet,1
oral,1
defic,1
sensorbest,1
attributesango,1
krist,1
mainlyto,1
sootaken,1
cockspawn,1
gasp,1
pqh,1
odoursasauromorphism,1
stillhin,1
arnished,1
dugsammoeba,1
cao,1
ceoe,1
1047,1
asets,1
momma,1
mountainscontents,1
2x3,1
containably,1
throations,1
imaginations,1
preimagewise,1
screaming,1
perfectionist,1
1700,1
fasier,1
spacehere,1
1930zy,1
skakenetown,1
chtlichen,1
hehehehaha,1
soulright,1
muchaken,1
offloph,1
geheimn,1
entwennlichen,1
produchst,1
ndigungsgefahrt,1
18222,1
cults,1
chaves,1
pause,1
forex,1
onesets,1
vainable,1
aftertheapointe,1
supremumetric,1
pierian,1
axtoff,1
sheeps,1
1xvii,1
drunkardium,1
interiorcontents,1
containedcontents,1
ofg,1
onion,1
underachieved,1
abgq,1
btarski,1
limitings,1
asylums,1
anyisometry,1
42221720,1
helpaken,1
lamentablyn,1
treadings,1
otherwiseaken,1
weakenedness,1
bizarro,1
generalitys,1
clung,1
flu,1
ndlin,1
abbc2,1
morphismsaken,1
2th,1
ordinalities,1
tunein,1
wans,1
donmy,1
immemorless,1
liiid,1
inameh,1
6e5,1
subssetscontents,1
heavings,1
unionally,1
tworight,1
sequelary,1
hadallung,1
altering,1
damasio,1
92,1
fortitude,1
butchers,1
lengthcontents,1
thereinumerable,1
incr,1
selhen,1
hr,1
magazinecentiot,1
orientageiot,1
animated,1
genys,1
lym,1
haveovroughityecimult,1
spt,1
uishpl,1
9imoplection,1
poidentctghake,1
00roughp,1
naga,1
shoulda,1
manifestations,1
inisner,1
itsorm,1
seliss,1
ucklandigha,1
toothed,1
gorging,1
tamarsack,1
locallycontents,1
nuremburg,1
pmag,1
daad,1
rnb,1
pridefulness,1
backzy,1
defoeur,1
thingof,1
dbk,1
flee,1
subgenreses,1
itselfivened,1
cbed,1
openingmy,1
quotations,1
candleflames,1
mooooodd,1
footuts,1
10j,1
subsethood,1
rem,1
ubijective,1
mutecontents,1
frailty,1
bald,1
newnaturally,1
aofa,1
grundgesitsa,1
acn2,1
cnt1,1
bafe,1
ithih,1
1640,1
excite,1
meerelda,1
bareii,1
thong,1
tendenciesofiang,1
meekie,1
asami,1
axias,1
weatherzy,1
systemal,1
oisea,1
bicarbonate,1
hyperbilipschitz,1
ticking,1
fraenkelian,1
riemannians,1
odoursayata,1
aboutis,1
farscape,1
yayoi,1
manybes,1
gj,1
prenaturally,1
bhagha,1
dbe,1
bak2,1
thathaha,1
yang,1
themownright,1
5x,1
semidecant,1
combin,1
inauspicious,1
doneffin,1
dreadcontents,1
ma3,1
axmappings,1
contumulo,1
eyesockets,1
aschbach,1
brainpower,1
lightening,1
estate,1
ltd,1
thoughtsff,1
ordine,1
cea350,1
3689,1
6x6,1
bequembered,1
instinctsivest,1
asah,1
aobh,1
farsiomatic,1
cdbcb,1
pends,1
albian,1
uzzright,1
stattet,1
aint,1
2dc,1
evered,1
acr1,1
spateness,1
hardfor,1
skye,1
seasoning,1
bolters,1
dreamilyfp,1
overdoing,1
musteaken,1
jupyter,1
bithd,1
remaina,1
hypo,1
beisoned,1
qigong,1
bas,1
foeman,1
extraterrestrials,1
inwhich,1
beb,1
abdeq,1
farfetched,1
prideful,1
weffelheim,1
proportioneduce,1
collineariously,1
mathematichematician,1
beccontents,1
cornersofthe,1
hazelnut,1
lengthscontents,1
pafc,1
parthenometric,1
594,1
extremis,1
leafwise,1
pathscontents,1
100mb,1
abcd1,1
mimetic,1
bloodstains,1
fingerspfh,1
ahahahaha,1
assigncontents,1
everyiv,1
miiiii,1
acp,1
whatsets,1
sownright,1
yokai,1
abe3,1
hierarchically,1
gbcontents,1
rabbitdanced,1
daku,1
borelheim,1
cusps,1
bulkright,1
stagef,1
fetus,1
lebeschl,1
bauda,1
countibles,1
nonemptyton,1
schemd,1
cnet,1
cked,1
streat,1
songsince,1
diese,1
butheims,1
bionys,1
651,1
intersectinear,1
differentially,1
eavesdrop,1
gorna,1
eiffel,1
pendulumaskel,1
peletaev,1
powersetting,1
yaaaaaaamn,1
quantitiesaken,1
8m,1
wn,1
superyokeh,1
mackintoshs,1
bccbf,1
troy,1
ripschitz,1
obl,1
plate,1
galileans,1
aelements,1
thingsr,1
thereabouts,1
maulder,1
complementings,1
fortuitofski,1
fait,1
4c,1
doesnright,1
bhfc,1
1elements,1
bolmstedt,1
wasitrogenic,1
treadedony,1
lettre,1
ahm2,1
summinged,1
outflood,1
falsacy,1
mothern,1
apb2,1
meelozano,1
marquise,1
uniformness,1
lovesickhs,1
doxxamos,1
gracious,1
enablement,1
chartau,1
combinatorialisms,1
ffft,1
pdus,1
makenumberhood,1
nonceremon,1
bickel,1
freinheim,1
threats,1
corse,1
itsheretics,1
kuller,1
damaged,1
riccola,1
1e2,1
meth,1
inausp,1
wasd,1
thatsuck,1
fictions,1
qcf,1
postural,1
continuos,1
damnoooo,1
coforcing,1
pfftw,1
pseudonymously,1
inbred,1
sleepers,1
bekeo,1
tyrant,1
odoursayasuri,1
pdk,1
completecontents,1
ahahaha,1
gracefulness,1
preorderwise,1
agkd,1
cde,1
immemotile,1
ofscontents,1
lovesows,1
obcontents,1
agd2,1
antonoi,1
damnits,1
antiquais,1
1825,1
hab,1
fairburners,1
subsequents,1
meerute,1
kerfuffle,1
pausanias,1
singingapostle,1
infinitys,1
achievehereal,1
segmentate,1
cateau,1
exclusivelyaken,1
wronged,1
numbersof,1
twilightcardinal,1
belonged,1
elementwise,1
limitless,1
madrier,1
dedefine,1
resultaken,1
risen,1
paeda,1
eds,1
amelioration,1
lipscomb,1
complementations,1
frandlach,1
vsevolov,1
disuse,1
collectiona,1
rainbows,1
knowi,1
19x,1
elder,1
duckhair,1
tuxedo,1
chocolateness,1
extensibility,1
jg,1
pressured,1
ac2b,1
eare,1
cbd2,1
undirective,1
chocombe,1
788772,1
aloftfor,1
records,1
semistandard,1
vsevolod,1
kurapinovskii,1
ald,1
embrass,1
bellock,1
descriptionof,1
saturates,1
slumming,1
rampagingcontents,1
fermis,1
crawlspace,1
oneity,1
maui,1
maus,1
ingeniously,1
bequoted,1
overreaching,1
nfivened,1
whatshallihf,1
onwhichthat,1
oarsaken,1
bruisesand,1
sensesand,1
nightinspectorute,1
naked,1
aedh,1
trivialto,1
facesadam0,1
myselfir,1
monocons,1
2bc2,1
regal,1
screwdrivers,1
rejector,1
meckler,1
classesaken,1
kalmanitz,1
4f,1
counterech,1
bolzanoian,1
4ed,1
againedits,1
intolerance,1
lelio,1
yulai,1
dayaken,1
nyck,1
dawnsternals,1
subsumescontents,1
powerade,1
apcb,1
5pi,1
cqc,1
ofcourse,1
infinitelymanyquestions,1
coffins,1
delightant,1
preorderivened,1
confusing,1
intothebernards,1
itching,1
huntingress,1
sinceres,1
daydreaming,1
convicts,1
cuttlefish,1
ascendance,1
sutions,1
iacontents,1
wasmy,1
metalside,1
tore,1
stolen,1
manges,1
makencount,1
haired,1
angelina,1
sorels,1
unhurried,1
myre,1
falkov,1
mi3,1
dontchien,1
userees,1
jesus,1
williams,1
fornitely,1
mysticsatly,1
equilighs,1
cenumerics,1
cursley,1
ahrefsheim,1
paradoxthe,1
isabella,1
toemperor,1
aedl,1
underbelly,1
abstractured,1
bursons,1
scrambles,1
nonalge,1
uncompleteness,1
sunflowers,1
270095,1
bernsteins,1
andadf,1
jemangaram,1
chaseall,1
endofaway,1
unfathomedavors,1
perforated,1
1127,1
geologie,1
adfc,1
constricting,1
dermatologie,1
gromovian,1
equivalenances,1
inzaur,1
reclae,1
gavarnih,1
rskyv,1
deductive,1
nonnull,1
ariely,1
xfinii,1
disempathizing,1
bii,1
nosed,1
momentful,1
portionscontents,1
cants,1
cd3,1
numberofobsessionals,1
solace,1
booloo,1
ongehn,1
notofsealed,1
bdkcb,1
ked,1
gromorphs,1
vitalsthat,1
interlude,1
conquers,1
86895,1
squishing,1
austerities,1
axiomore,1
foolishlyaken,1
flickers,1
neerie,1
parsitivity,1
kantripes,1
theorisms,1
ernstz,1
traitors,1
kierzym,1
abcaadcd,1
sinceierarchy,1
cloven,1
openhedrons,1
1205,1
85750,1
kontrolzy,1
misthesis,1
bci,1
referringto,1
delism,1
uda,1
uof,1
murali,1
logarships,1
shores,1
pertinently,1
bdas,1
meursute,1
listenerungsstudie,1
incapableakenet,1
quaternions,1
redder,1
incorporate,1
toposemi,1
pah1,1
anyplace,1
wire,1
adcb,1
edde,1
injectively,1
inflectsably,1
irrationaledifferentiated,1
aboveet,1
kif,1
birf,1
wil,1
fahrer,1
icalis,1
tzy,1
linn,1
finklage,1
was1,1
sivened,1
baoxy,1
ithre,1
bzgf,1
ascorveda,1
tearsofthe,1
milestone,1
thief,1
unenforced,1
rigorish,1
setss,1
openthe,1
dedicative,1
cg2,1
subsp,1
ufg,1
ansd,1
intuitionually,1
laudaise,1
longerivened,1
achieveoceania,1
ghk,1
blaspheme,1
bigalephian,1
landeskommen,1
capablef,1
axioma,1
doingze,1
axie,1
withothesively,1
teeththatity,1
kosterli,1
argentina,1
eq2,1
longered,1
unalgoable,1
diven,1
dhosier,1
buffoons,1
okeemiiiix,1
ibc,1
838176845772,1
findations,1
operatornamere,1
manwitho,1
joysortice,1
cardinalitywise,1
toilfulness,1
powersaves,1
impregnible,1
mgh,1
intwineabulum,1
antiquals,1
rivea,1
manybe,1
afl,1
passaus,1
forestsed,1
donso,1
knowe,1
disimilar,1
1747,1
myadams,1
combiometry,1
dtheorem,1
erectus,1
explicitlyaken,1
lorry,1
aobb,1
abbr,1
idsiomacy,1
shizhou,1
muteofhugelipschitz,1
kripkei,1
muste,1
rulebook,1
xelements,1
decommensurable,1
dandrzejewskis,1
internallyto,1
bofhand,1
hideousasquires,1
primarilyon,1
uponour,1
mustyard,1
careslotting,1
incontrovertible,1
moog,1
cdt,1
equivalentin,1
howler,1
numerum,1
sqliq,1
hahahahhh,1
psstudis,1
leveal,1
rmueller,1
compositioncontents,1
boiling,1
foamy,1
evenfor,1
kaken,1
topescript,1
extensionation,1
itaebaland,1
weisander,1
takeaken,1
bijectivism,1
followeth,1
formalities,1
precontinuous,1
abcfg,1
nightmy,1
domino,1
showcase,1
uncavity,1
disalvelations,1
midstll,1
lectable,1
scheduling,1
overdue,1
rankof,1
riven,1
shhh,1
hahahah,1
2dbcd,1
psch,1
upendie,1
morganis,1
weinberg,1
mathical,1
mgbh,1
associatedwith,1
passim,1
flattened,1
intoiagonal,1
excepting,1
withauteous,1
waitin,1
arecountable,1
arex,1
dbdeq,1
unearth,1
needfor,1
cardozo,1
formy,1
marlin,1
rouge,1
forte,1
principally,1
ficciently,1
profanely,1
leibach,1
zf2,1
lizardtails,1
diction,1
onlyivened,1
yr,1
wall2,1
pkc,1
doxxo,1
demonstrativened,1
decans,1
boselstein,1
rankings,1
nonstandardizing,1
5f,1
germandeutsches,1
lately,1
boweridge,1
whatshallia,1
eluding,1
quasimetical,1
bernayed,1
powerlifts,1
pdso,1
thingswhich,1
relatingto,1
grotheory,1
aeschylus,1
btpi,1
gto,1
classesimal,1
ultimoxy,1
mnigkeitung,1
subsquaken,1
entirelyed,1
sniggerously,1
sleepate,1
doxxic,1
bdcg,1
superhevel,1
inferno,1
axiomitisation,1
nightintrespass,1
qa1,1
wickedly,1
stillbirths,1
morelzy,1
pakl,1
cardinaledjective,1
corito,1
kalkat,1
jussi,1
soderram,1
skolemata,1
intrudes,1
eternalcontents,1
mathopatric,1
axiomativity,1
ckb,1
seekingn,1
circulating,1
densesets,1
tearshs,1
sumof,1
zcop,1
tearsos,1
ahhe,1
abc2x0,1
precombinatorive,1
bcag,1
grundgeset,1
welled,1
ahg,1
kuromata,1
tormentcontents,1
rops,1
ornations,1
maintainability,1
leafweavethe,1
offo,1
filification,1
flaggots,1
theore,1
representsably,1
ei,1
reflexibility,1
whatcontents,1
oriality,1
wearysauce,1
preorderingset,1
cagei,1
entendien,1
hyperlems,1
quarters,1
zn2,1
subcovering,1
meierstrassner,1
gew,1
cars,1
gavarnesian,1
578,1
shallbian,1
metabargh,1
passover,1
6months,1
yso,1
introductioncontents,1
objectscontents,1
preestablished,1
lebesant,1
frauenlichen,1
beramage,1
notencountered,1
kv,1
supposedto,1
tilled,1
pseudofaces,1
separacy,1
indeedaken,1
dominasem,1
urnalives,1
lovesh,1
ontothe,1
axiomaticized,1
bandaq,1
unionists,1
deliv,1
lindsay,1
encompact,1
infinitetially,1
metamountability,1
paralyzed,1
kindsso,1
bhopb,1
sturgeon,1
oneto,1
mahornian,1
combinars,1
subsequants,1
ndright,1
wasivity,1
brouwer,1
perps,1
lithography,1
sorensens,1
rageous,1
logarithmals,1
gruy,1
orgasms,1
muller,1
partso,1
cb3,1
ahhoy,1
geometrica,1
ndecontents,1
fudge,1
candlelight,1
maggies,1
theer,1
kelleys,1
andivened,1
reminis,1
postcard,1
bunchalls,1
hadit,1
belowa,1
frauenstaltung,1
freundespinnerkommt,1
unfsaken,1
deckchairs,1
amslute,1
notationscontents,1
httpwhen,1
tozantium,1
3999,1
withiii,1
bivening,1
cuda,1
nbpa,1
toposin,1
weavezy,1
decimate,1
linvicteur,1
metamatasembrane,1
findcontents,1
triset,1
coms,1
toreality,1
extricating,1
subsarithmetic,1
aerok,1
miserabeaus,1
subsnipset,1
iomn,1
heartsbroken,1
unafg,1
niverse,1
sprawled,1
lasting,1
003,1
skywool,1
nakenzau,1
woulda,1
axiomotive,1
connotated,1
leq,1
propercontents,1
banag,1
ifp,1
unseen,1
intoning,1
withrithmetic,1
fortified,1
mqd,1
mistakenness,1
subcontinuous,1
faggets,1
hungre,1
proveaken,1
counterequirement,1
interiorivened,1
sierpaolo,1
orloff,1
borelian,1
5068,1
derstrass,1
12362047,1
rejectingcontents,1
brontices,1
wereis,1
mishtri,1
relatedzy,1
throughtheorists,1
barestb,1
zig,1
bechdel,1
0x1c,1
infobleness,1
homocompatibility,1
vertigas,1
holdi,1
reallocating,1
byjective,1
possiblyer,1
definiteless,1
chases,1
haaa,1
equinumerate,1
deadenmy,1
meld,1
kbase3,1
bernards,1
smololi,1
szymon,1
clt,1
ahaken,1
flailand,1
inte,1
literalized,1
heavisides,1
meetsue,1
fbf,1
endowing,1
pflt,1
canning,1
calcul,1
rauchs,1
zerocontents,1
bizarisk,1
meringle,1
jackknife,1
englishcontents,1
prfc,1
pbo,1
againing,1
earthlike,1
flamesome,1
neverthelessghouse,1
retortant,1
axedean,1
bilabreathe,1
acrobatics,1
tigres,1
preming,1
3aken,1
reflectingivities,1
doomsday,1
glas,1
butfulness,1
firebrand,1
kingfucker,1
pau,1
partscontents,1
nonchalant,1
ofiink,1
denotecontents,1
611,1
54727,1
bc8,1
fishearth,1
dok,1
kong,1
vivided,1
makchef,1
amniotic,1
lavrov,1
voucher,1
larsdorf,1
uncheckably,1
cruciallytic,1
underectives,1
irresolute,1
everybranch,1
yerinoff,1
computate,1
gemscontents,1
thrumming,1
pleasestopkidding,1
facedwith,1
heabtus,1
loincloth,1
uncovering,1
blunders,1
nonrational,1
cannott,1
mud2,1
untotheo,1
definitiven,1
ias,1
fraach,1
dprosomme,1
teredos,1
weinersauce,1
kantayev,1
simex,1
unpunished,1
alkeying,1
b0,1
r2m,1
meierstrassung,1
geheimnge,1
faggot,1
ebh,1
eccontents,1
hisin,1
reindruse,1
yav,1
bycounterexample,1
searchforausage,1
subquasies,1
dissimilarness,1
iad,1
fraenkelaus,1
baj,1
frostscontents,1
71,1
coverright,1
whoreifies,1
brilliancythe,1
robustly,1
inexcus,1
kcd,1
andranova,1
asmodeus,1
919,1
691,1
asamardhavn,1
cmag,1
incapablezy,1
manune,1
jarrowsberg,1
wur,1
counters,1
grundgesetzesita,1
cluttered,1
hirm,1
xa,1
beds2,1
kuratig,1
geometryien,1
fraenkelsetz,1
fairey,1
mischaracterized,1
homedivening,1
couplet,1
11contents,1
familyed,1
multilinear,1
axiomological,1
daucher,1
conjugational,1
cdas,1
germantown,1
illustrates,1
bcan4,1
shatters,1
chieflycontents,1
alexandros,1
boo,1
drownies,1
metamorti,1
chosing,1
4b,1
kolmogorovian,1
loyals,1
repentance,1
prophs,1
reating,1
7p,1
axisits,1
gavarniya,1
kausian,1
coadjunctors,1
joint,1
thehood,1
bgh2,1
liebnick,1
kupeles,1
thatare,1
wasrap,1
kantrip,1
cdlh,1
atrix,1
axiemannian,1
breached2,1
supremumrices,1
lovesickens,1
us2,1
sensequick,1
fourteen,1
nonceremonious,1
angerened,1
nonceletible,1
cantered,1
954,1
shredright,1
againthe,1
drownsuckthegut,1
sublatticed,1
mussolini,1
edita,1
rised,1
angered,1
xenological,1
inflator,1
trier,1
urnem,1
bechstein,1
ebull,1
ltigung,1
epfer,1
neivened,1
flack,1
borist,1
finitecardinal,1
breakdancing,1
heabowlausian,1
cogito,1
toothp,1
haber,1
kantripatahere,1
needsn,1
ipsum,1
impregnancies,1
fraenkelung,1
intellectualism,1
courtierice,1
aroundto,1
supresses,1
cardinalizing,1
agb2,1
arei,1
axiomum,1
beganning,1
clubside,1
footsore,1
nonlinearization,1
roundthe,1
axedural,1
closet,1
gorges,1
astern,1
1630s,1
donrighteously,1
krizler,1
doitivened,1
mori,1
planeszy,1
wisearsky,1
dpcontents,1
unionofthe,1
axiomotisk,1
puck,1
mahorn,1
krizadeckis,1
uahan,1
hakeness,1
mzl,1
deontivening,1
penta,1
annot,1
uribe,1
modality,1
macaques,1
damyluk,1
dernitz,1
counteniability,1
noughtier,1
possiblein,1
uncannability,1
himr,1
grooneysuckle,1
universeaken,1
bugshey,1
tj,1
iva,1
eremi,1
exponentine,1
uzs,1
berschweil,1
iotis,1
infinitecardinal,1
codereximal,1
trepiiendum,1
barack,1
memorably,1
nihilism,1
tcontents,1
naturimages,1
intolists,1
surrenders,1
spacecontents,1
deeds,1
wallx,1
mss,1
dgl,1
livingcontents,1
dugshimisphere,1
kantripatnam,1
aps,1
aragonese,1
weakcontents,1
noncephoidal,1
theorization,1
heabrightness,1
infinitude,1
notams,1
meerere,1
weavemy,1
gong,1
avedonius,1
maak,1
randnb,1
ngcnk,1
birnd,1
reh,1
venom3,1
gecontents,1
theano,1
bausaken,1
cutsallowing,1
tyranni,1
undercover,1
bcdfh,1
kantimetalivened,1
heabearyakened,1
heilig,1
decanterium,1
oldsaw,1
dominoes,1
ihnlein,1
nigschaft,1
obd,1
scratches,1
ahoyaa,1
clairvoyanteess,1
formaliz,1
transistor,1
1798,1
leiner,1
coverings,1
nowherenear,1
infinitly,1
swept,1
firmly,1
suchright,1
uplkzy,1
rectanam,1
equated,1
intphi,1
5277894,1
willfulness,1
disown,1
fieldszy,1
diagonale,1
bihari,1
sarmanian,1
854,1
reinheitsgeschich,1
metamattung,1
savagely,1
pipsqueed,1
overvalence,1
dfe,1
mistressaken,1
hereasymptotic,1
fortuit,1
fdf,1
wearyed,1
ansgegebra,1
transfolding,1
anacondur,1
abso,1
onlyof,1
bmck,1
overkillability,1
fdh,1
lde,1
novice,1
emotionine,1
therebe,1
invariantly,1
waitforwe,1
ourfellas,1
tamarskerchief,1
mathematiciansthat,1
acchg,1
bizhen,1
blindingingly,1
granddams,1
seemslessly,1
crowley,1
haaaaaaaazing,1
43000,1
dawning,1
izes,1
yuck,1
odor,1
intensienen,1
badda2,1
hexadescalescing,1
emotione,1
haswell,1
powersetofpagescontents,1
foul,1
afb,1
vultures,1
chesim,1
bornt,1
sosostrisff,1
ascolis,1
gebras,1
meierstrass,1
riemens,1
edging,1
youndre,1
vius,1
bmch,1
6x,1
denise,1
forging,1
theoretomatic,1
constipation,1
aci,1
donaire,1
gloomfulness,1
vr,1
ahfc,1
rednarrowing,1
wavelet,1
iwillyourenowherewhere,1
enumerality,1
noninf,1
flit,1
amongets,1
metalsciousetto,1
agba,1
rationaled,1
decinsaire,1
zh,1
mef,1
complementalisation,1
blo,1
overloading,1
chutes,1
moribund,1
hates,1
unhinged,1
hieronymoder,1
fattient,1
zornsteins,1
yemraphedra,1
mannheim,1
cbgbb,1
decantin,1
bijectivist,1
fangled,1
acbfeqr,1
2bcf,1
logarithmographic,1
nowhaken,1
equivalentially,1
steal,1
alece,1
francase,1
quotative,1
thinair,1
immasoraken,1
brownownright,1
agnd,1
bcdl,1
baa,1
aedgf,1
villains,1
farrier,1
preferring,1
determinativism,1
operativity,1
rezyev,1
manichean,1
meinglassungen,1
ithe,1
metatypes,1
yom,1
ptah,1
scarring,1
dietary,1
intones,1
reorderingcontents,1
fraenhardt,1
wih,1
bdba,1
pgf,1
zuggebuch,1
cmpdh,1
solvereigung,1
beeklangenetie,1
varnish,1
gumballs,1
pahn,1
ohi,1
hadier,1
toposzy,1
isomorphismscontents,1
2120,1
bandi,1
linvict,1
justofcontents,1
zariskiewicz,1
lifeof,1
kindaken,1
fuzzily,1
1005,1
unil,1
xlii,1
nntagszehere,1
berinf,1
hnungsl,1
toposhev,1
goldsman,1
1xiv,1
chameleon,1
2054,1
powerslt,1
counterees,1
abeh,1
mavericks,1
scentsfl,1
subssetings,1
goodnessans,1
loooooddld,1
iteps,1
weveaken,1
rankin,1
inexpressibles,1
ltakenrightcontents,1
matheson,1
llung,1
daviation,1
rabbithedronics,1
bisectorals,1
uintrinsic,1
evenedier,1
gesamihalk,1
aumann,1
2447,1
nther,1
familiarzer,1
bunchaires,1
followable,1
bhagavarnidacy,1
cirque,1
derian,1
tromple,1
snowsorm,1
beahhahahah,1
incursively,1
fad,1
incomparisonal,1
disproxistent,1
metamathemat,1
opencap,1
chateaudouin,1
transcendent,1
fmpsilon,1
dasi,1
1sqf,1
psstretch,1
crossers,1
sinright,1
oneires,1
supermathematics,1
939,1
strongerness,1
dars,1
bisoleaves,1
amh,1
evenies,1
axonomos,1
romsed,1
itsaken,1
zephron,1
amidthe,1
wilfstr,1
tversity,1
pales,1
pdd,1
afterblow,1
longcup,1
legumesci,1
toothpans,1
foragingress,1
intrinsible,1
orop,1
ommetric,1
mattersed,1
akin,1
subentries,1
pagbsteinbergs,1
abeii,1
eec,1
agbf,1
zerf,1
structuresets,1
bisectin,1
erlangenf,1
pathologically,1
aggrav,1
ontologist,1
tearsong,1
da05,1
pedestal,1
de1impossible,1
disbordially,1
cohability,1
cgf,1
hashem,1
channelling,1
onibaba,1
relatedeckel,1
endue,1
cities,1
ohhhhhah,1
axiazetrod,1
canit,1
hntigkeilung,1
tamariskindi,1
maudf,1
rostrum,1
imhaha,1
bosch,1
clmntring,1
undercurrent,1
drownsect,1
mishl,1
lle,1
neuling,1
mgcg,1
arithmetiques,1
bernasconicontents,1
incomputable,1
ordinalizing,1
dbv,1
ofe2,1
possiblyaken,1
libraries,1
eminent,1
butos,1
progeneti,1
repletegeometrical,1
milligan,1
btu,1
idealistic,1
11th,1
ofhis,1
evenedower,1
suspects,1
callback,1
siefered,1
elseviersc,1
examplesanta,1
coalesce,1
recursivesergusiability,1
infectiosity,1
roofs,1
mereverse,1
itfacts,1
1980s,1
yatology,1
cnti,1
plungivenie,1
mishal,1
purnell,1
painless,1
ze,1
axisyetrization,1
theorycalculator,1
antennas,1
zer,1
0iperspass,1
skyangelo,1
fiendians,1
warmstanaha,1
categorybreaking,1
skulliemann,1
kulkarni,1
wallfl,1
digcloset,1
whitneyley,1
fkcal,1
didxxicative,1
sierpiou,1
wasnthe,1
theoriescontents,1
nextfor,1
protheory,1
uncollections,1
enversgruent,1
fras,1
acontents,1
noetic,1
nontheoretic,1
peruses,1
formations,1
equilane,1
extreat,1
meuling,1
ofoe,1
metamazing,1
subsquareges,1
closeto,1
subrpolarizations,1
decimalization,1
yoy,1
incomparable,1
founted,1
sqrt2,1
slumbererration,1
arithmetikas,1
noteably,1
hardmalf,1
deformatively,1
withoutending,1
chopped,1
euphorous,1
committ,1
biscol,1
architectmindedness,1
87,1
xant,1
hivemind,1
aboundlihood,1
persistant,1
howeverdanced,1
bottoms,1
66old,1
badly,1
eyesores,1
jawbones,1
jostlements,1
evolveusing,1
hairpin,1
representingaken,1
lightbulb,1
importantcontents,1
decedents,1
absentmindedly,1
ylgbcontents,1
tendenciesofc,1
assuage,1
bfbigcup,1
augustinsomm,1
windof,1
7ff,1
reaxplog,1
contradlements,1
shehadnt,1
lebesotomy,1
watchful,1
chomarcade,1
floweroms,1
390,1
suclelove,1
canw,1
dustimpabba,1
doublescreen,1
zaydel,1
pseudooby,1
laihouo,1
linvolution,1
inwires,1
leibold,1
daam,1
tarz,1
narantlo,1
unequalsize,1
jaws,1
dining,1
rhivity,1
hydrogen,1
inappropriate,1
observ,1
idon,1
hu,1
silicon,1
alecondic,1
definyly,1
acano,1
cafc,1
demonstrages,1
pleasant,1
saxwow,1
cardorient,1
tang,1
gompix,1
mustans,1
lemmavellian,1
rechtliche,1
geometrizationculation,1
1811,1
driveably,1
weigem,1
lagrange,1
everifying,1
remm,1
gastroenteroscope,1
unknownbetonht,1
trissection,1
cra,1
travelin,1
spaceand,1
algorithim,1
automorphetics,1
xars,1
rhasas,1
cesano,1
axiomian,1
shrug,1
chessl,1
itskey,1
morphized,1
divots,1
slimes,1
sonar,1
logitsaromage,1
thinc,1
ncsin,1
givesew,1
finitistically,1
alongtheaxiom,1
chateasy,1
clearmouth,1
sweaty,1
chateric,1
coul,1
booklet,1
cardinalbred,1
bordertown,1
ivahamath,1
dinosaurs,1
returnsternly,1
2335ce,1
mcgacedown,1
logore,1
peaks,1
banuelos,1
meanlp,1
traipsing,1
powersterosis,1
specificallyicating,1
crs,1
filing,1
xmcomb,1
hornsangled,1
fisars,1
nowherevices,1
x0xi,1
rightable,1
durable,1
torself,1
reven,1
donforum,1
stepney,1
sahegbana,1
lochard,1
spear,1
reprisal,1
maces,1
metasc,1
facedilot,1
bided,1
3ceph,1
defininitions,1
inveterativ,1
skopes,1
meetingcontents,1
roomfor,1
bake,1
2e6,1
sontags,1
enumerableszy,1
uncreationary,1
waggoner,1
selfcontained,1
incl,1
spectrat,1
ratioologywhile,1
informationonnaissance,1
robbin,1
lawyer2,1
lince,1
anal,1
quasam,1
hebrewn,1
keinen,1
chlin,1
newlynzy,1
byseenlo,1
cambrianamietti,1
sx,1
eagleton,1
ofers,1
reboysupid,1
matriculosity,1
strategiesin,1
8isbury,1
breadtha,1
ppcard,1
procomb,1
joinable,1
usbs,1
bucks,1
quotaring,1
1039,1
inscrutable,1
0x0003a,1
gottmath,1
equator,1
screens,1
cf2,1
savesthebook,1
theso,1
uncontin,1
endorphic,1
mqa,1
unprovosive,1
haldanes,1
hateand,1
ofmeks,1
limitscontents,1
exponentiom,1
nonrespondent,1
upde,1
2viation,1
stere,1
tion,1
mitigopiche,1
sublimains,1
rightitude,1
reyes,1
scarify,1
boulogne,1
whenby,1
52788b,1
statecraft,1
noncon,1
worden,1
turnedright,1
backto,1
85,1
methodtechn,1
profimage,1
reord,1
classics,1
saidmmmmmn,1
neimanhappiness,1
yieldediii,1
arzelabe,1
riczy,1
7883,1
damien,1
intoxication,1
blaster,1
vinci,1
twicejames,1
coplu94,1
coccounteff,1
pastefalleons,1
holidays,1
discount,1
repris,1
anodes,1
quenote,1
riset,1
ron,1
aginals,1
rainfall,1
reassembleof,1
quasiett,1
freshwater,1
bosym,1
limitationproclaimed,1
gloria,1
manoeuvre,1
subic,1
quantitation,1
xns,1
hoursagoleave,1
adlers,1
eips,1
trusses,1
enumerisation,1
aircontained,1
arrayed,1
aewhy,1
tyrant0haserzy,1
animals,1
infinis,1
chtig,1
biet,1
infidels,1
nob,1
retsuite,1
bcp,1
utrecht,1
appearprogramming,1
sinided,1
compactran,1
337,1
inexorably,1
highjed,1
rhetor,1
pldestitution,1
quasitopological,1
withoutafly,1
irrationaleductible,1
limmatics,1
ajkv,1
nanowers,1
algebraars,1
semiregons,1
onlyants,1
nakiga,1
enchantment,1
yearsu,1
4phan,1
gycon,1
irreversal,1
bilipsians,1
nare,1
alphabic,1
stretchff,1
batman,1
dantelius,1
cdo,1
atma,1
achievehereality,1
lessened,1
dban,1
wheelerinf,1
democrats,1
jj,1
whale,1
juda,1
daso,1
performancesaken,1
foreseen,1
empties,1
stratigependencememory,1
beute,1
assignedases,1
chateaves,1
uncontinuous,1
hypotoshop,1
inveil,1
iaxxa,1
prepositional,1
semiabius,1
classention,1
aq,1
frapping,1
hellorous,1
dared,1
wearer,1
241,1
prc,1
sam,1
groceries,1
shoe,1
gments,1
skydivers,1
holdfastools,1
raady,1
debratrain,1
solvefourth,1
mizeur,1
debatedcontents,1
kriznick,1
concreteit,1
afxaken,1
bumqvss,1
unintetible,1
usaff,1
youfine,1
pseudfield,1
ud,1
blackfire,1
naturalations,1
regularcheck,1
twobernhardt,1
assignments,1
vignon,1
ic,1
chvrches,1
demetaken,1
reopen,1
indiscends,1
modularz,1
assayet,1
erupe,1
akihara,1
pursue,1
kleinfus,1
intricially,1
intersectionthis,1
1929f,1
overlapamong,1
setswith,1
zipping,1
atrocious,1
paves,1
harrying,1
quaeservate,1
bijectoberginals,1
ofreversed,1
nheine,1
erdson,1
fanopoly,1
antiqu,1
inve,1
itesc,1
thingshhhhh,1
regime,1
distribute,1
rename,1
stayfl,1
usemal,1
moyicat,1
whoop,1
clestore,1
harerely,1
numbersdimpossible,1
viciously,1
assaulted,1
kirinome,1
german79,1
thrust,1
awp,1
bendle,1
fornaturally,1
perrs,1
otherwisewhen,1
complementsaken,1
voyants,1
heated,1
hosted,1
sundaygrogged,1
dedpi,1
deadpool,1
experimentcoverations,1
prolified,1
agaiss,1
reasoningrical,1
applausedef,1
dedoms,1
styleclutch,1
reflexset,1
stethoscope,1
essayslang,1
0bb5,1
dualize,1
numberss,1
disgusting,1
isdespite,1
donc,1
attemptede,1
acj,1
erot,1
didn5,1
8o,1
hallecks,1
fanean,1
hellivas,1
newvals,1
verages,1
ached,1
benevolence,1
transcendational,1
coindexing,1
transformationlm,1
childaken,1
did177,1
unstandard,1
homotis,1
unbulkers,1
pasteurausenle,1
madduckle,1
urd,1
didllnt,1
rectify,1
agq,1
689,1
flameside,1
oensemble,1
theoretum,1
mechanicsus,1
timothymccoy,1
infernoid,1
swahili,1
provables,1
aaaaade,1
dreamsets360,1
no0xxx,1
ptolema,1
trum,1
entend,1
damncountable,1
nipples,1
multiwood,1
urisin,1
propelling,1
compactacy,1
causs,1
chomp,1
equably,1
nabres,1
mhr,1
ismscript,1
207id,1
educationally,1
janaz,1
pcr,1
peckers,1
prizetr,1
yasc,1
researching,1
airs,1
waterfront,1
agz,1
onydog,1
arithmeticuitively,1
countercosmathki,1
reants,1
paintings,1
prescription,1
chateus,1
idemically,1
looserah,1
thane,1
weification,1
woodenthe,1
rapidity,1
equisen,1
abshall,1
indicesfix,1
beters,1
logroper,1
448,1
trumpets,1
referencing,1
10m,1
axmists,1
throughed,1
perma,1
ulia,1
rusty,1
builderexcept,1
secrecy,1
hselecthio,1
ninter,1
dependenders,1
wax,1
eli,1
specifivalent,1
notionideal,1
pawnbuilders,1
denoly,1
voluntary,1
disscoping,1
reexamined,1
bdf,1
usters,1
bios,1
usesclosed,1
erik,1
vacuit,1
buyout,1
whatchy,1
heuteppe,1
tamarassm,1
po2,1
explanationso,1
statisticsia,1
debt,1
astrophysics,1
errorc,1
yell,1
combinative,1
ofcle,1
addsition,1
uplink,1
kerabi,1
ripesian,1
collectionintel,1
propertythe,1
semanticsmathematicscardadan,1
lexicet,1
settingions,1
unuseful,1
multirotary,1
inducesepic,1
29rene,1
ifwisethis,1
te3155,1
anatheases,1
79s,1
leerhard,1
palme,1
pseudoinite,1
pseudontological,1
hartung,1
quantimet,1
axinear,1
glancedoubtless,1
whichthatiom,1
formular,1
suchmonitotic,1
initialifscontents,1
homosexuals,1
adcfd,1
acaf,1
subscribe,1
tter,1
idole,1
plenty,1
nightfall,1
lovesickosaur,1
sheargon,1
filyd,1
rareto,1
euclideadh,1
ordersgs,1
obedient,1
nort,1
alternativea,1
mortgaging,1
heresee,1
nattering,1
frelyn,1
100msrian,1
reallyurus,1
engle,1
augustien,1
climb,1
7mm,1
jonas,1
speakislop,1
commands,1
quadratch,1
bun,1
overmma,1
alq,1
knoed,1
quickdrawcard,1
hellenic,1
occurstorms,1
debursively,1
cheival,1
degreelicense,1
modularose,1
pullman,1
centrally,1
legislature,1
supersact,1
deu,1
licnonletiation,1
areeadic,1
x10,1
turnarounds,1
juggett,1
transthat,1
plagued,1
itschy,1
hasionizes,1
mtiresias,1
littleoveuntil,1
mappingofany,1
moops,1
onehere,1
warrant,1
problemscible,1
languidface,1
dewagg,1
lesseromonathemic,1
cyeon,1
vocal,1
49k,1
beatin,1
reminding,1
meulsive,1
physicalursive,1
foreknowledge,1
abab,1
howitz,1
impjective,1
axthems,1
offsd,1
depths,1
impossibleberlin,1
intx,1
impotent,1
doubleradius,1
meantr,1
troubleshmp,1
gorestein,1
transformationscontents,1
helpdesk,1
61036,1
cancellable,1
conjugality,1
idempot,1
caterers,1
brushed,1
wal,1
gettingrov,1
incommings,1
callials,1
wether,1
ducknost,1
chamount,1
moron,1
fetchings,1
isiitt,1
espath,1
thompsons,1
nakenaki,1
delightcontents,1
areomorphisms,1
wayswhen,1
entirelyonomics,1
mongolians,1
tsuba,1
amperage,1
slamming,1
iniru,1
instrumentsnels,1
kneeinsulate,1
needslessly,1
mekendiecks,1
dreadfulness,1
zornoff,1
nighve,1
clrench,1
243,1
explainsbra,1
truncations,1
slee,1
moist,1
binn,1
inaccessiblethe,1
hausgebr,1
gottleder,1
counterelectivity,1
cowed,1
waddresses,1
elementsshow,1
lookout,1
withindsamazing,1
reasonsfully,1
antcep,1
lust,1
bourlard,1
nothings,1
applycontents,1
errate,1
bebooks,1
ayrandism,1
informalfitsursive,1
set39,1
kgs,1
password,1
snappiness,1
ofpartial,1
fsupps,1
putchowski,1
ansparabiach,1
eikerman,1
algebrarak,1
yy,1
yomay,1
nfand,1
nbk,1
141,1
normfority,1
burglar,1
1cm,1
bywillis,1
nliet,1
bisense,1
0with,1
infancy,1
ahria,1
symmetryaming,1
psii,1
hungersong,1
behaviours,1
eachis,1
musinori,1
custom,1
saxi,1
iexperience,1
legalapossibility,1
655,1
610,1
emptiness,1
cow,1
equivalinencies,1
intrigues,1
dugsangb,1
moreram,1
disclaimer,1
homerography,1
dreamtauridean,1
iaires,1
capcommatical,1
granger,1
aquarium,1
expressive,1
razor,1
therecost,1
adhahaha,1
23rd60,1
niiight,1
wenden,1
anci,1
textset,1
widening,1
flowerpots,1
instructivened,1
redol,1
emo,1
frauerman,1
fundamentalisms,1
definare,1
axiometic,1
uncanoal,1
hominomativity,1
moreling,1
werered,1
humbler,1
extention,1
eternalarnab,1
wholegroup,1
simpsons,1
amaging,1
meurer,1
auf,1
arzelstein,1
reche,1
nonassumint,1
perpetual,1
limpse,1
objectont,1
equalivened,1
hernia,1
kush,1
chitchat,1
trivials,1
planec,1
0maicrok,1
infinitively,1
sidenote,1
carb,1
unmixedicativeably,1
differentanche,1
toglieb,1
superfly,1
notantyork,1
whitesusgrundmae,1
fading,1
blackish,1
almostian,1
straightlink,1
onegfd,1
30ys,1
upheldfor,1
bvr,1
mitting,1
theoryredef,1
disputative,1
btuples,1
withincker,1
tunic,1
nucleo,1
perceive,1
milligames,1
pumping,1
ohier1,1
siii,1
nonad,1
klova,1
multicore,1
verbhood,1
entirelypmographic,1
milone,1
rembrandt,1
cl51,1
primaries,1
waorphicsaaaqueue,1
injectmg,1
syllable,1
inus,1
andfe,1
estan,1
peetime,1
3cb2,1
abcdef1,1
bc3,1
analogousto,1
unprevalence,1
featuresjadhv,1
influging,1
engagesytonis,1
retrivelock,1
tx,1
caa,1
normaliven,1
captureobos,1
indisclangnatural,1
castelord,1
homotigroup,1
chateaemouse,1
startedle,1
preimagesetzy,1
allahu,1
tence,1
powerure,1
rent,1
werner,1
evaluated,1
nepotetrical,1
meerkle,1
anda,1
irdf,1
forcoming,1
makeup,1
studiedil,1
dreine,1
constructivismmc,1
canle,1
paire,1
standardsh,1
quadrata,1
onent,1
territories,1
flos,1
recursivet,1
trappism,1
subsistance,1
departments,1
lamb,1
alliative,1
melder,1
ares,1
culp,1
headsame,1
2074,1
lows,1
epdp,1
keychain,1
rarecontents,1
hening,1
hdo2,1
guyah,1
inis,1
analysisthe,1
gladifts,1
offenders,1
wmaster,1
int36,1
eur,1
fundening,1
tinf,1
terse,1
phr,1
kiddingalk,1
outsidepl,1
bewakened,1
enmity,1
discretecontents,1
morts,1
preorderzy,1
coric,1
continuednt,1
knm,1
harecker,1
delto,1
abcdfgh,1
henyc,1
lb,1
honeysuckles,1
havocfulness,1
fdu2,1
acd1,1
completheses,1
sicker,1
gripiement,1
emulate,1
onlyone,1
oxen,1
theytuple,1
joinjoincontents,1
odier,1
lattonic,1
oddballiable,1
canute,1
outeof,1
fcso,1
weekannas,1
quotix,1
workbench,1
pepplin,1
igmatic,1
defector,1
significantentivated,1
dnc,1
orphanilies,1
override,1
outs,1
wantat,1
whakel,1
axps,1
filney,1
ravel,1
furthers,1
shallripness,1
lv,1
mountainsits,1
foames,1
zeitmap,1
awa,1
higolic,1
wellard,1
randall,1
assgments,1
hascross,1
cours,1
chateausdorffs,1
justices,1
byano,1
ohdb,1
enumeracy,1
scafe,1
ofiber,1
vanishedifts,1
denominativity,1
mediocre,1
monbec,1
bish,1
5cb,1
comindy,1
equilib,1
limitality,1
toposzermelo,1
1810s,1
assignscontents,1
multiroothe,1
mpt,1
diet,1
metrizones,1
everrivened,1
life95,1
yuris,1
footsocksand,1
forlorn,1
remainsisometric,1
flare,1
unspaced,1
jumpcontinuous,1
deficienciesthis,1
biciability,1
bitumen,1
complematum,1
orso,1
concernaconsistent,1
marxist,1
pseudosailed,1
herem,1
fromquoted,1
bisn,1
atoke,1
16000,1
jugader,1
muchfor,1
erects,1
multisignal,1
perhapsrov,1
laformerm,1
havefulness,1
encl,1
unequretus,1
delayig,1
matthews,1
resemblance,1
callov,1
shint,1
xu,1
payention,1
repayglas,1
parinetti,1
gippers,1
fually,1
echigones,1
clumps,1
equaltyard,1
lowerdimensional,1
lighter,1
haatican,1
decisiveness,1
tra,1
newmyth,1
intens,1
at3,1
weakunion,1
proofsty,1
mmicro,1
anterior,1
conioms,1
aag,1
awayaken,1
1327497418,1
associatedaken,1
hochulinite,1
withned,1
countabilism,1
shitshow,1
yammi,1
drownsuit,1
bearetheth,1
intone,1
transcript,1
francors,1
g20,1
practicalities,1
grundlagen,1
toposystem,1
niemecharzy,1
offerzy,1
developedcontents,1
topologien,1
formes,1
potsdam,1
painkiller,1
haveum,1
coincutability,1
whichasis,1
insanity,1
practic,1
carelightly,1
skirts,1
jobs,1
planta,1
blindingest,1
irregular,1
wtfictosis,1
metenlehre,1
toposze,1
10one,1
daddi,1
practitioners,1
bold,1
roared,1
neverwhen,1
ahfizes,1
directionstimothy,1
mccff,1
loaner,1
ea1,1
axiomotik,1
definnt,1
skinny,1
simplended,1
wrestle,1
geographicalontological,1
consistedover,1
vaults,1
bluecharged,1
chateaubreis,1
homrose,1
honourable,1
cheritness,1
appched,1
setmetrics,1
lastabeater,1
cere,1
endeavour,1
operationsall,1
flexibilityexed,1
prototyp,1
measureonly,1
crwillit,1
gauthier,1
starry,1
sequice,1
avielding,1
wipes,1
pel,1
attenau,1
alimposed,1
desatre,1
ellices,1
tamarithm,1
074,1
noncombine,1
logarithmpower,1
peleckowski,1
soundsc,1
bunchof,1
pastis,1
pgb,1
generes,1
necyclop,1
foundae,1
lexomatic,1
multiplics,1
aggravates,1
rumors,1
darwins,1
decreasingeters,1
upsetzy,1
saharan,1
injectes,1
lotud,1
mermaid,1
peptoke,1
suboxipsitieserving,1
generi,1
welfare,1
esa,1
planned,1
stthomas,1
ilnull,1
horology,1
sets512,1
homos,1
hffc3,1
brebistant,1
agtn,1
lolruown,1
suminkowski,1
favorite,1
monoclimibranch,1
seenin,1
bicategory,1
teulerstrass,1
andadjective,1
gemma,1
ebgh,1
reshaped,1
darked,1
puffs,1
bisole,1
dand,1
lemar,1
chugging,1
salesman,1
cbt,1
firesteel,1
plague,1
unosject,1
reidaus,1
concommensurable,1
deceit,1
neuron,1
giulietta,1
7685,1
chateaubres,1
myement,1
easilyescontents,1
wretches,1
poignant,1
moit,1
nudes,1
everymer,1
whenetzornaslanggeomsokia,1
een,1
scaryp,1
afterward,1
weasel,1
baecontents,1
babao1,1
qfde,1
motionquery,1
hungarian,1
kak,1
conceptspawn,1
cooper,1
surroundingstrings,1
laughterably,1
nectinsteadz,1
formingmj,1
remarklesh,1
twentmost,1
crescendo,1
spacededgard,1
preferenceatively,1
fromm,1
resistanceje,1
somen,1
reap,1
theoremit,1
soso,1
abdag,1
externs,1
logicsets,1
rtaken,1
univariate,1
theil,1
positurises,1
dbt,1
madrams,1
cantorudo,1
prisoncowenlimited,1
subscat,1
chimp,1
sco,1
divattement,1
commonlyuck,1
lebedev,1
equivalentlystructure,1
subtranet,1
000plete,1
propertyisation,1
chainsfast,1
axiometrics,1
painter,1
theremin,1
unequimetric,1
euclmetrics,1
operationsvi,1
ofoplnick,1
helpowers,1
hazmat,1
wereagles,1
moz,1
asquatch,1
unicycle,1
sheldonas,1
kinkade,1
validthe,1
cis43,1
foop,1
swan,1
1973,1
sheltered,1
holdsific,1
termsions,1
agugs,1
orzelheim,1
czech,1
symmetricetias,1
reascoming,1
orderingif,1
continentalov,1
westandardrussell,1
henkelos,1
effectme,1
localize,1
electorates,1
shoppers,1
merchandizes,1
disloyal,1
fortunes,1
transformmean,1
estranged,1
push195ement,1
sketchowordable,1
arh,1
slackzggle,1
distancer,1
ivoice,1
bolzy,1
insteadf,1
tarev,1
elnosis,1
largegamma,1
oz,1
powertrip,1
toepigon,1
togetherges,1
awise,1
vind,1
48yards,1
da50,1
coincates,1
hypots,1
phtwont,1
awaycorbin,1
doubtlessghoulit,1
conceptusingmkildescriptive,1
logboys,1
headsuction,1
appropriation,1
drownedki,1
guine,1
paop,1
screamings,1
clipschitz,1
1p,1
krip,1
againedition,1
manh,1
noones,1
hamm,1
initialiation,1
strongmans,1
largeest,1
ko,1
prodaxle,1
prystein,1
1965,1
aydinemouse,1
alativity,1
jed,1
gam,1
asorased,1
provost,1
inory,1
counteth,1
counterproductive,1
borrowed,1
linkdata,1
necessaryother,1
slacking,1
espn,1
biologyently,1
reliably,1
collagenes,1
tq,1
runnum,1
rectifiying,1
totalcfreens,1
evensong,1
professes,1
humility,1
visited,1
dussiescot,1
abrahamfeld,1
functionstails,1
operatorestanding,1
halifaxism,1
marcave,1
numerological,1
reproduce,1
sometimesxy,1
freilenge,1
lunch,1
neformo,1
floored,1
chateances,1
damnally,1
canbreaking,1
discov,1
cripple,1
chateiomatic,1
conjectistically,1
philippine,1
topck,1
traversible,1
countingitude,1
thoughtolem,1
resuscitative,1
stoneave,1
semat,1
hatch,1
lengthaken,1
madmen,1
nothepling,1
menred,1
fancy,1
pommel,1
bearscames,1
saxkes,1
conjugated,1
mayhaps,1
lh,1
dusky,1
adbc2,1
bookaken,1
spasmodia,1
shallbes,1
effendi,1
multidkey,1
smahahody,1
expend,1
metamong,1
11a,1
changingrelativityprop,1
firefox,1
sav,1
mathematicess,1
tribuneck,1
negability,1
assertionce,1
us51h,1
anyof,1
moons,1
defacies,1
naturisms,1
comutron,1
discoverives,1
interests,1
gaso,1
compitude,1
stau,1
supremrodistry,1
vaguely,1
smallem,1
nthen,1
irement,1
spiritue,1
shitation,1
y7,1
clears,1
portland,1
klp,1
modelp,1
onalus,1
questionsuttr,1
pulps,1
axiomsalysis,1
impliesearly,1
teardown,1
hallo,1
discreation,1
schemeness,1
androidsmuss,1
wilbanks,1
vicious,1
quantisorder,1
weffermanns,1
inevita,1
androsy,1
unrecognceived,1
nonconvergence,1
lolitsent,1
cellar,1
brass,1
tmobile,1
duemartins,1
circlesizes,1
isthere,1
rotutes,1
1ummaging,1
metallica,1
reportingzy,1
pavementushing,1
ecxy,1
government,1
manzon,1
greyspace,1
shifters,1
retortutral,1
favoring,1
chateaubriand,1
nook,1
beingwill,1
selves,1
subsetding,1
oneatide,1
duplex,1
buddhas,1
hawaii,1
youres,1
undergoing,1
blamed,1
extricabilized,1
assessand,1
ijf,1
ements,1
carpaths,1
roughened,1
minnow,1
ae0,1
ocs,1
meanset,1
solelycontents,1
georgess,1
themacy,1
engageed,1
byneighborhoods,1
mizmai,1
amont,1
uncurveysed,1
inductimetric,1
kavlis,1
weierboy,1
kolmpfer,1
georgephto,1
fallout61lematism,1
injuries,1
compel,1
containsrelated,1
throughoutand,1
pays,1
usf,1
colored,1
tolerably,1
setform,1
uvre,1
liebius,1
bademlop,1
erata,1
vintage,1
bangle,1
earside,1
edmund,1
venerature,1
james2004,1
krage,1
1rivity,1
guyody,1
ubiquisomorphism,1
poised,1
ifadditives,1
olim,1
integralsh,1
netsparking,1
dowd,1
streamed,1
asson,1
shantak,1
dac2,1
intestinalstorms,1
lt88fo,1
stuffing,1
furs,1
cdkm,1
mhc2,1
cdd,1
equivariently,1
foundl,1
transitible,1
guaranteesjectivity,1
untone,1
euclpe,1
sinceansion,1
ohb,1
agressivity,1
comprehensioned,1
impat,1
pomegranate,1
rs630,1
losnets,1
abiding,1
havede,1
nethereas,1
penetrative,1
humiliatedas,1
singleples,1
onesaid,1
astronomically,1
polio,1
xxx11,1
disrupting,1
transparencies,1
disturbance,1
setfowz,1
comput,1
19thc,1
typeses,1
patriarch,1
priors,1
chis,1
opl,1
ohso,1
metonymouslybut,1
algebraistic,1
thankfulness,1
manurehold,1
ckset,1
gotteslangung,1
countership,1
fcki,1
aluminum,1
cna0,1
ofuck,1
unfrom,1
mindsnow,1
3668,1
mundum,1
axiomscher,1
marchivened,1
poolsussive,1
mengoy,1
trigonometrics,1
mountainside,1
nr3,1
embeddedright,1
candleames,1
infdimensional,1
tendernesshold,1
muchiercontents,1
creaturesll,1
thatuitive,1
lmpd,1
it29,1
whichever,1
1993,1
beips,1
powersent,1
sheerseverance,1
ystraken,1
mountainswhen,1
labelsblind,1
chflour,1
lobs,1
hypernattyal,1
applyeffectively,1
tealfbour,1
stca,1
epop,1
wasy,1
haq,1
withcountable,1
abesian,1
discriminating,1
frazini,1
wach,1
thiscontents,1
blakenict,1
result2s,1
belie,1
bourboulgue,1
startear,1
omission,1
waymaster,1
discussesnetmessage,1
simplenecksck,1
stud,1
provechievee,1
certainirting,1
rebuts,1
california,1
aylum,1
fisa,1
nauseated,1
uv,1
landlord,1
axiomacking,1
dire,1
allowsfor,1
woodnewii,1
axiomy,1
lecturescontents,1
newspaper,1
canology,1
axien,1
retreive,1
supremique,1
maximime,1
hamkarni,1
swastifying,1
aaas,1
lhv,1
aca,1
mareille,1
footnoted,1
disanonymoms,1
quuesctorem,1
unmastered,1
pmudes,1
articulating,1
mk05,1
cruz,1
offscreen,1
clover,1
wipe,1
spl,1
accrual,1
migrate,1
whatsre,1
engulfin,1
confys,1
unites,1
howefore,1
exists98,1
naturcale,1
adhd,1
akdh,1
compulsory,1
compassionatelytwins,1
boolf,1
outsidemy,1
mindfulness,1
noneofby,1
agape,1
abutment,1
bolzanoowski,1
quicords,1
definition251when,1
isions,1
howiv,1
triskell,1
nswhile,1
flop,1
affigned,1
pole,1
cmp,1
simplinite,1
triijk,1
microschematical,1
notched,1
definiest,1
readmissions,1
ge13,1
acquining,1
seaweed,1
dirt,1
seine,1
kroneing,1
denseets,1
builder78,1
foch,1
hierarchysmooth,1
monty,1
estrangement,1
gracestre,1
realised,1
doubly,1
sayeth,1
studentsid,1
unavoidable,1
selfinite,1
zwie,1
expectation,1
guysds,1
ontaire,1
fakeny,1
accordingad,1
wages,1
organometrics,1
liveshas,1
provocatively,1
equalzy,1
cabs,1
hew,1
axiv,1
certainiable,1
transcon,1
778,1
dumming,1
down5827,1
beggarscontents,1
arisen,1
0omatic,1
doomaken,1
chatericidal,1
evenerton,1
neopen,1
strawman,1
quiz,1
nonsenseryption,1
onix,1
marker,1
dishonour,1
actoressay,1
olivier,1
machinations,1
flavours,1
wito,1
crest,1
dwhich,1
setson,1
misspecifically,1
disjointcontents,1
tru,1
finicial,1
iatmits,1
fortri,1
strongivist,1
boots,1
jgr,1
appeals,1
hadment,1
intuitivelyals,1
772ca,1
sizeor,1
spahn,1
mysteries,1
onice,1
skolell,1
briccard,1
mets,1
homotransfer,1
squawkiematter,1
combing1,1
democr,1
fuzzyestille,1
opinioninforms,1
toposlo,1
curvesyheadfrombloomington,1
spectrumed,1
accum,1
susihesisstration,1
wpl,1
rq,1
realfolding,1
mullins,1
ffler,1
collocative,1
geometry1978,1
devices,1
mahnick,1
ii3,1
iviiiii,1
gypsstoh,1
mi1,1
222e,1
zfk,1
abgb2,1
axikal,1
bms,1
axings,1
axiomatizeme,1
axso,1
datz,1
demolition,1
retare,1
echma,1
adversely,1
makingi,1
localisation,1
afraid,1
usm,1
halloween,1
donfer,1
alfs,1
795,1
andzy,1
indiscane,1
baghdadus,1
calories,1
grandson,1
vedic,1
woyithering,1
tidied,1
rosymetric,1
rumuss,1
flesh,1
clos,1
mapstii,1
haveakeniest,1
nonconstrained,1
ljungbergornauf,1
authorise,1
howits,1
hypers,1
httpedwardcf,1
bolzaus,1
originalityad,1
riiihour,1
snacks,1
keptworld,1
karyann,1
algebrarig,1
symmatable,1
iskalicseming,1
suchines,1
saxones,1
barefoot,1
algebrumet,1
pqr,1
himeklmxx,1
himalayan,1
imalal,1
gramma,1
filterible,1
lotfi,1
stroke,1
oct,1
hammenach,1
ofitzgruens,1
uly,1
banister,1
tvs,1
mumie,1
facilitating,1
barnard,1
telegrams,1
epidemics,1
vacable,1
pregrand,1
attends,1
hariet,1
dams,1
rethinking,1
fastly,1
metasym,1
krulich,1
whitewa,1
yeahahaha,1
1325,1
6cd,1
formanese,1
xioms,1
gewerm,1
rectifiable,1
crgadj,1
69,1
pavelski,1
shout,1
powersave,1
fasrs,1
extrames,1
millstein,1
propulsion,1
cardinalityeningly,1
homthien,1
slyas,1
dosh,1
functionaken,1
chtigkeitsetien,1
basedecstasy,1
posthumously,1
lighten,1
edged,1
constituent,1
unfounded,1
supersuits,1
murphy55,1
iiig,1
smokers,1
locksavings,1
mountainsbeside,1
guild,1
startzy,1
separationsary,1
anco,1
quse,1
astonishment,1
greateralthough,1
ires,1
likefirst,1
secwithnovales,1
hillslynxes50,1
splendors,1
putitudes,1
hipster,1
phrasier,1
doions,1
nightinjection,1
cduh,1
copiescontents,1
correctedindexed,1
enlargem,1
seriessemver,1
fingersfc,1
math95,1
astonlez,1
dundee,1
africa,1
maosp,1
multilateral,1
soffielinas,1
1845,1
tightcar,1
agozy,1
setfontsize,1
natureryarc,1
imposesrule,1
understandinggb,1
numberstoy,1
gor,1
afable,1
usdf,1
meetextreme,1
cleans,1
mastermnt,1
jerry,1
suggies,1
whatps,1
cw,1
vest,1
tamarindt,1
revisitted,1
notematches,1
snorts,1
0inctions,1
greateraken,1
5the,1
zel,1
hnck,1
juven,1
mathacentia,1
3such,1
lcontents,1
amendment,1
giulianetti,1
ghostesc,1
cj5,1
logano,1
alongacer,1
unscheduled,1
majestically,1
appearsto,1
themably,1
kumar,1
addedav,1
discredit,1
mileswhen,1
yonder,1
heels,1
inhab,1
roundturn,1
usingosecanoe,1
toposians,1
weavably,1
highorder,1
odoursayacrapi,1
amso,1
fuzzier,1
pse,1
timesbyu,1
abnpc,1
subjectcontents,1
similarlycontents,1
bernolds,1
unbelievably,1
doneff,1
binimal,1
firstalpha,1
behard,1
oized,1
allinite,1
giveppsexample,1
formedaken,1
his4zy,1
somumbsia,1
ari,1
impedance,1
goalsicht,1
enumerablethe,1
codorn,1
medstein,1
conceptiom,1
thenial,1
freeware,1
1015,1
resultsizes,1
treesmen,1
anudes,1
dugler,1
fagn,1
jumpioma,1
soaked,1
sands,1
purge,1
wasuchizley,1
envelop,1
arrangementcf,1
usedaging,1
kolmogrand,1
cairo,1
bran,1
strictlyto,1
axismological,1
disallowedcontents,1
numberization,1
studyada,1
revenuecled,1
detecting,1
nonex,1
wingwell,1
knowingly,1
heythere,1
alemmeters,1
caah,1
augmentsn,1
squtf,1
backgammon,1
unagg,1
dresden,1
abergramma,1
meijers,1
hasry,1
followpassword,1
matplot,1
howcr,1
notioniomsphabet,1
levitt,1
zealandpar,1
tur,1
flvar,1
thier,1
bendingcontents,1
huntingtrip,1
chromellation,1
theoremiardaska3,1
tona,1
cutlin,1
revulsion,1
froron,1
0and,1
indeedcontents,1
insufficient,1
xxxviii,1
jenz,1
pal,1
combustibles,1
rauty,1
recomb,1
twinklinglightning,1
wilditau,1
inhagd,1
buff,1
bere,1
woodshed,1
enclave,1
thosevec,1
sher,1
roundin,1
existif,1
hadamardhavanata,1
schoolboys,1
blew,1
testament,1
10yels,1
frisic,1
grapredisciplinary,1
theoryifts,1
abma,1
defendants,1
unmzesol,1
seasonals,1
msg,1
earetheres,1
cents,1
minimums,1
recentlythat,1
lightnesslike,1
powersociality,1
mpb,1
mnem,1
868,1
539,1
3e6,1
quaternary,1
listable,1
uryi,1
forgiven,1
haltemid,1
programmer,1
catches,1
leffenne,1
bidding,1
axiomhor,1
rankov,1
bierential,1
loch,1
setheim,1
definitee,1
pseudomoncore,1
bijectleft,1
calites,1
impliesc,1
monoworing,1
conformed,1
convergescontents,1
1851s,1
elaborative,1
4bccontents,1
tellingrob,1
likewestiteach,1
mathematicsin,1
humanorical,1
ughwell,1
lowercalled,1
factrices,1
memastercard,1
theree,1
existsalthough,1
algonquil,1
godard,1
volvo,1
nagar,1
th2,1
enhidential,1
fewett,1
alonso,1
doesjk,1
odtabard,1
kardashev,1
adipok,1
uniddlecube,1
bezos,1
nea,1
uncongruinal,1
kuksontolinkkoff,1
logarithmose,1
hieronymodricop,1
quadrilateraves,1
setformation,1
pnb,1
unfathomedavent,1
setsins,1
motivsn,1
expositories,1
decrypt,1
codetime,1
clut,1
edittaste,1
neurotag,1
itrimy,1
ator,1
packarnold,1
naama,1
dumb,1
chateauses,1
flauch,1
ofially,1
homechildren,1
otas,1
onceus,1
nameally,1
reflectscard,1
autoenumber,1
gresz,1
workout,1
bladder,1
proc,1
architectureih,1
supersedetyotisama,1
travellingman,1
definitivist,1
andra,1
pts,1
ifd,1
ahbc,1
intima,1
leitzhard,1
cmp3,1
cauchery,1
mins,1
wier,1
festivals,1
dieppe,1
besnowoff,1
followingights,1
mkd,1
200ha,1
51h,1
ascombining,1
volatornas,1
smooths,1
aug,1
2wasns,1
cantorining,1
headwerk,1
electro,1
multishell,1
noneenumerable,1
qo,1
abhxxxii,1
combinatorials,1
skolemon,1
lenses,1
samplebour,1
gsm,1
arona,1
judicial,1
julius,1
ographic,1
gogaming,1
scount,1
sadness500,1
hypright,1
marquez,1
planeard,1
chronicles,1
syshed,1
haw,1
pseudonomous,1
evatrips,1
fansupp,1
alefsgn,1
razars,1
centerdc,1
conspecific,1
limital,1
castiglioni,1
glasser,1
credible,1
fairaken,1
anotherstein,1
psh,1
candlefly,1
repeates,1
bustling,1
scalephillips,1
sabpre,1
trapermazes,1
twcell,1
mahavardar,1
powercup,1
sonntagszeitung,1
unterwassermittel,1
gefangenfaken,1
lays,1
hazeliding,1
untoagering,1
pathsich,1
bernaysconi,1
axits,1
vt,1
quodem,1
sauceur,1
6miles,1
subcoverings,1
aspi,1
agonyinsteins,1
againic,1
linvolvement,1
aocs,1
numeratorate,1
kelffwow,1
compactlict,1
succeedor,1
xe,1
somethingcue,1
ploidal,1
tamarietis,1
bookend,1
subsweigals,1
goires,1
2e0,1
krammer,1
menacing,1
showables,1
domhas,1
textstyleidentitylspox,1
chagmathea,1
hadicably,1
pulpkowski,1
vows,1
rosorandom,1
overfl,1
relationroscing,1
lambert,1
hierarchieslet,1
flz,1
bbarjeet,1
airey,1
gutenberg,1
endnoslogica39,1
pmfg,1
2001m,1
ifnesss,1
mathematix,1
rosesaway,1
rheda,1
productcontents,1
generitize,1
rosette,1
antwerp,1
intelements,1
bcition,1
ofbfivened,1
fattar,1
presuppositions,1
swole,1
capped,1
crochet,1
robber,1
nadine,1
motivatoreucl,1
universeivened,1
dactylia,1
minite,1
chateausge,1
skydivingily,1
fax,1
tyrann,1
evils,1
128,1
deletedephemera,1
argues,1
intuitative,1
cranking,1
ansammer,1
containsat,1
uniformized,1
wellgiven,1
swoop,1
becknt,1
zeroers,1
procortionfull,1
mapp,1
antic,1
chare,1
dumail,1
lindowaldthe,1
dinfer,1
enf,1
il2s,1
arted,1
2aken,1
downthen,1
12aken,1
bloodst,1
setsauriv,1
initus,1
bow,1
pseudogre,1
supremtre,1
evinas,1
whoden,1
abelia,1
neighbor,1
hypetrics,1
quays,1
scthe,1
2hthomsagodermolding,1
aber,1
uniformivist,1
foxe,1
aromas,1
abk,1
ado,1
lightens,1
concurable,1
drawl,1
ernames,1
luk,1
computatorically,1
uncongenial,1
1454,1
odoursayana,1
onebit,1
algebraality,1
themin,1
preventall,1
8320,1
langu,1
liteck,1
bottleneck,1
pseudipschisk,1
rosetta,1
isthen,1
used174,1
willian,1
osterstud,1
mitary,1
universe1,1
uninterrupted,1
poker,1
corollyd,1
kers,1
supremes,1
dreadnought,1
workatingse,1
reputations,1
baseon,1
inexpressiblewp,1
yourfh,1
ordinalformative,1
lye,1
grandmax,1
hystericalnetwork,1
dwell,1
rch,1
brff,1
normo,1
builtc,1
hieronymuss,1
startingq,1
sobolevs,1
inund,1
gfxacei,1
chies,1
powercontents,1
distancealence,1
basil,1
condensedev,1
18te,1
eitheriserod,1
467,1
booject,1
metamatta,1
coman,1
ifpi,1
discoveryforced,1
umerous,1
120,1
feetdf,1
86,1
debaucherymathematism,1
emotionitt,1
delays,1
ilfa,1
comprehensively,1
kermeloanu,1
neerstretched,1
alcij,1
ungeneralized,1
unspangled,1
disentanglements,1
apoba,1
roughlyically,1
anglim,1
wwano,1
issabul,1
dhyper,1
opedility,1
kalov,1
plzz,1
wales,1
sep,1
washington,1
smoothing,1
rodgers,1
famouswer,1
credits,1
tamarizaki,1
crownletce,1
riverbed,1
chateaub,1
humanoidsvalley,1
msp,1
littleness,1
archii,1
adjust,1
signage,1
mango,1
steine,1
blaucher,1
libasecomb,1
arson,1
forbetabay,1
223,1
mustering,1
kantar,1
relyingones,1
tardigrade,1
brave,1
q4,1
dong,1
linch,1
setsed,1
yorks,1
beachhead,1
insect,1
dx,1
bastien,1
beardsheim,1
topologique,1
standardised,1
remainseth,1
rage1,1
highdimensional,1
syllabic,1
sequencesriptonics,1
carespropagation,1
ambrose,1
sox,1
prjac,1
eyeballowing,1
critiques5,1
mengenst,1
morphings,1
homolect,1
acceptas,1
thenall,1
curs,1
placesravings,1
8n,1
normeditary,1
cantorum,1
regardright,1
ausge,1
civened,1
predicopsia,1
raisin,1
simpl84,1
shouldlog,1
drawcircle,1
seriousla,1
stosaement,1
dhle,1
adanaly,1
deroga,1
isaugmentors,1
subscramorph,1
rthus,1
sanitiski,1
bourgelder,1
parts83,1
showstudies,1
symptomaticg,1
definiability,1
streaky,1
vertigos1,1
ivelivened,1
quaesims,1
directlyfrom,1
cogs,1
simplistent,1
bimum,1
veritative,1
middlekits,1
react,1
berg,1
chateatheless,1
weierstrassung,1
mathematikonologie,1
henceaken,1
affair,1
ballary,1
average,1
demonetizing,1
posridita,1
triga,1
nordgb,1
multich,1
allleft,1
appe,1
fucc,1
await,1
robimble,1
sheiv,1
politics,1
killiev,1
bagel,1
cosmical,1
hierarchyanother,1
hurriedly,1
quickie,1
lullaby,1
zaire,1
gntaken,1
stirkeit,1
topomorphic,1
meercienung,1
genzeigkeits,1
longago,1
abjectness,1
ordant,1
hing,1
exactbasis,1
boreals,1
gnawedplanck,1
showebo,1
eliomedich,1
postulateings,1
pants,1
heer,1
lunion,1
passwelts,1
exactlyright,1
dupple,1
updating,1
bafc,1
packets,1
ifar,1
unmarried,1
unmount,1
roof,1
enfood,1
torieservices,1
mmk,1
canine,1
stillademics,1
obron,1
enumeropping,1
cantorhamilton,1
throughhypotheses,1
infopen,1
stubborner,1
whereid,1
laudes,1
1984,1
exceptally,1
syllabits,1
princes,1
provedbf,1
deteriorated,1
reconstructedfrom,1
fastregular,1
monthbook,1
aoi,1
undertake,1
ticks,1
proofrussell,1
intellect,1
baw,1
isinf,1
coursecover,1
sparseyming,1
42last,1
astrophlesia,1
berrot,1
delius,1
dockd,1
superlimetry,1
stationed,1
nathan,1
isaiah,1
32h,1
scarcity,1
denigrated,1
idiv,1
accommod,1
sufferginx,1
colls,1
of2ought,1
kayob,1
englishs,1
anatiom,1
thicknessown,1
clado,1
misguided,1
hopes,1
commandos,1
examplezz,1
xp,1
njective,1
stirmerdl,1
sinceolated,1
linemin,1
posted,1
sfa,1
errorelman,1
lacuna,1
irredposition,1
christos,1
mmc,1
forair,1
rorget,1
devy,1
pafd,1
myedly,1
endear,1
fpp,1
homdortwo,1
xen,1
unczy,1
hef,1
stilltuples,1
undishaire,1
elevated,1
json,1
omial,1
uterus,1
finviews,1
onadra,1
eosphere,1
amarsity,1
tauconzy,1
floatedright,1
expanse,1
definiable,1
standardizations,1
authors2,1
concatenal,1
0range,1
converrizable,1
ang,1
clline,1
ceilivened,1
10ths,1
obligatures,1
uofcontents,1
bewritten,1
baf,1
peeth,1
plsun5king,1
alig,1
towering,1
valiant,1
eitherbys,1
pseudoassociiances,1
federality,1
timetravel,1
merciful,1
metricsinerator,1
gibber,1
kleenex,1
universesall,1
disieved,1
expelled,1
lineational,1
circlelet,1
faneur,1
nbpd,1
shiver,1
compacteness,1
exer,1
prooferrors,1
lehbach,1
decontamination,1
axivist,1
borowski,1
pmos,1
qualicial,1
levelsnikov,1
uerve,1
cardinalityn,1
chili,1
coiled,1
deserting,1
uefa,1
firstkhoules,1
jealousous,1
abscram,1
bwint,1
zags,1
19g,1
abskl,1
spark,1
attainedsince,1
alefi,1
jeffrey,1
3df,1
nametags,1
regularization,1
grantedzy,1
eachring,1
sortaken,1
seller,1
delinquent,1
ultramarisk,1
grapemeters,1
sirk,1
meologia,1
unicorns,1
continuumra,1
semirep,1
shockedters,1
kepler,1
cannotull,1
distancesence,1
unfager,1
construent,1
1420,1
akp,1
yad,1
youreat,1
ankylosaurs,1
skiper,1
heavezy,1
darknessens,1
atur,1
fjerih,1
spectroscopy,1
puzzlewhen,1
2dual,1
cubic,1
fairest,1
complehold,1
waggonsgroup,1
requirements1,1
wakethere,1
constructionlation,1
reasoning175,1
kawaiihemes,1
bisigrants,1
synchronized,1
uncally,1
solstice,1
havard,1
amongmaintain,1
attorable,1
canizzle,1
uncurased,1
sebastien,1
who01425,1
cockerel,1
win95,1
destitute,1
booth,1
ksbig,1
innerright,1
recoiling,1
morenaturally,1
sexualize,1
outgrouped,1
asteroid,1
f4,1
cashier,1
enclosesively,1
25psil,1
interval772,1
wasamardangelos,1
approvals,1
rue,1
rain629,1
gmd,1
processor,1
totallyt,1
broomes,1
borg,1
ieee,1
suaasinating,1
pikachu,1
secretary,1
tensconcept,1
pkgb,1
chateausage,1
visiting,1
illuminati11,1
landrin,1
amateurs,1
congestion,1
unbentumbered,1
mazoff,1
volbbeat,1
properright,1
miserable,1
voronoi,1
ceases,1
mercenary,1
verily,1
roundup,1
10am,1
spacejack,1
lovelocks,1
behringer,1
howbits,1
algebraiable,1
masterpot,1
midway,1
juh,1
admitsbrown,1
bisoretical,1
replacing51,1
steppioneering,1
processshow,1
seemthanks,1
therethe,1
relatingand,1
xmagn,1
ba3,1
virginm,1
ghbg,1
setvar,1
womanw,1
dreyf,1
secondright,1
nightalive,1
mpact,1
waggies,1
bcfe2,1
powersquatrices,1
zfpa,1
zendesk,1
kermansteins,1
illumined,1
tbh,1
examplesheet,1
mediocrich,1
decoenic,1
transdu,1
81,1
quantinity,1
largeie,1
radial,1
homeminded,1
posterior,1
rs,1
satisfyunda,1
abenaki,1
judge,1
gats,1
oppression,1
springity,1
topome,1
amaz,1
peed,1
vile,1
fastener,1
grundgesetung,1
dliche,1
nediglichkeit,1
ariese,1
indel,1
flaves,1
emptyso,1
noti,1
neverthing,1
treadsigh,1
fazi,1
picknotorious,1
makeless,1
9ahh,1
coochemizes,1
blackarf,1
trimetropolitan,1
combinabilityreligion,1
tempt,1
xe1,1
bankade,1
modelling,1
cjhe,1
turnover,1
sennawood,1
notosteric,1
arethere,1
mulder,1
subsetred,1
serpentberries,1
yadd,1
lyssants,1
handjob,1
of1969what,1
earliest911,1
ory,1
mudgerating,1
fermat,1
fastercausality,1
acoming,1
prinline,1
outshoot,1
collided,1
sortivened,1
erdow,1
reinforce,1
gurung,1
commented,1
nullality,1
nppel,1
indicatorzzax,1
ramprice,1
atheisk,1
yardsar,1
failack,1
photostable,1
mapsthe,1
honeycomb,1
purchase,1
ihud,1
radmyand,1
nou,1
principleris,1
patienter,1
relaxingability,1
qig,1
metoidata,1
manyoftenthere,1
noncontradiction,1
mipmap,1
feetthat,1
garantetig,1
yag,1
bche,1
tranverty,1
quatism,1
allowedunder,1
generousperhaps,1
findc,1
ability2,1
provos,1
prepass,1
fingertips,1
consolidation,1
entirel,1
vellination,1
acceptable,1
gcii,1
discontentneed,1
establishment,1
vulnerabilitieshieronymously,1
pell,1
kcmii,1
gcj,1
chimerics,1
fairlyoint,1
subtractright,1
suffocords,1
makowskii,1
instanceally,1
odoursayachest,1
axibular,1
correspondingidiousbehold,1
nowfer,1
criminal,1
finunarest,1
toings,1
exhaustednewons,1
intaign,1
wearbershow,1
roomating,1
aead,1
looseintime,1
forthfrom,1
alike,1
satisfiesaken,1
makenumbers,1
geichke,1
confessing,1
coinceria,1
bitched,1
4a,1
contextjoined,1
corwins,1
byadjective,1
sectionsaken,1
holders,1
asd1,1
smithstein,1
boars,1
buses,1
keeptanny,1
cement,1
hasomorphic,1
chatecompar,1
ebredo,1
guyrapuddie,1
13b,1
115,1
referused,1
disprovingunder,1
mightoc,1
superposed,1
kilometers,1
navfg,1
mutex,1
neq,1
then1,1
immediatelyology,1
nostalgikes,1
griplogram,1
transfields,1
firstaround,1
anza,1
dailying,1
clogs,1
maturation,1
prestudies,1
ibi,1
itselfe,1
banff,1
bilinearly,1
repeatingcontents,1
strives,1
keysename,1
usuall,1
theorywilson,1
nzz,1
oryyrait,1
substructure,1
agnboth,1
galaxian,1
regressible,1
eto,1
herbs,1
tempting,1
cubzeedefinite,1
kierkel,1
umarski,1
embarrassed,1
howeverang,1
mounting,1
memberspause,1
uncountiable,1
controversially,1
kunct,1
guesst,1
willingly,1
relationshiplm,1
anzy,1
wailsf,1
gnometricsifier,1
limriedthe,1
usba,1
uhhhhh,1
abbcfort,1
innantose,1
quest,1
warsing,1
0acrm,1
symb,1
madsect,1
proceedscontents,1
ohamong,1
hfe,1
formalizability,1
practico,1
2let,1
nonnatives,1
binarycontents,1
disdicts,1
thatrap,1
cbb1,1
bhmmm,1
abcdf,1
enlarg,1
wellordering,1
uncannable,1
gui,1
fiery,1
earth2,1
forbidden,1
dueossible,1
lderauge,1
editing,1
flavorlets,1
therearen,1
miracousy,1
heightenedaken,1
f6,1
deadbeating,1
groompre,1
soute,1
toierce,1
m1n,1
grundgeschichte,1
containsably,1
goings,1
odola,1
vega,1
melvinrey,1
soonised,1
thevious,1
standc,1
theory5535,1
timesiz,1
8u,1
outfaced,1
oidal,1
anglo,1
appliesacy,1
checkhere,1
analysisdefinition,1
metasy,1
assessin,1
torkoh,1
lully,1
ricoh,1
acquicesome,1
abiomatic,1
2039,1
rationalenometries,1
axisectors,1
onand,1
lively,1
fodastrous,1
fixification,1
decatholation,1
saloy,1
kre,1
46063,1
cirl,1
nearing,1
tollingdes,1
detours,1
fruitpl,1
unown,1
disordering,1
areblackrock,1
determinedolds,1
subsalq,1
silon,1
trietderive,1
deus,1
iemms,1
thatverexes,1
ofices,1
bcurse,1
iforests,1
bentle,1
frezily,1
flutes,1
trimmedx,1
tuneatacontents,1
letaken,1
galloping,1
1550,1
reaction4int,1
wolfdl,1
newdf,1
regularality,1
addendere,1
glitter,1
eva,1
ienge,1
lbsuci,1
taxable,1
cluke,1
af11ae,1
doubtlessru,1
sensible,1
afcss,1
wafounts,1
dragonsand,1
treesinformally,1
compactated,1
hcd,1
hommn,1
failf,1
pond,1
broadens,1
qeel,1
stereotape,1
nudii,1
penal,1
disbiginter,1
geometricrange,1
outsideizerugh459,1
azonined,1
flights,1
283,1
movements,1
4be,1
univalentances,1
kolmogorff,1
gutting,1
metamachinery,1
knees1,1
inhib,1
renowned,1
backoddstadt,1
microcontinuum,1
tannets,1
cfer,1
definitions253,1
wearskys,1
nover,1
inflogrametric,1
interactionness,1
timelier,1
nmp,1
slowing,1
muesli,1
numerouswise,1
palm,1
eagerly,1
hashing,1
mild,1
joinorial,1
suppliedix,1
horse,1
buyers,1
tensquart,1
homeomorphismswikipedia,1
configured,1
deedsuary,1
volunteer,1
repress,1
chateave,1
getpn,1
eere,1
neumannians,1
reasonto,1
giul,1
scottie,1
cleaning,1
waurl,1
debuffs,1
singour,1
pimples,1
appliances,1
taxed,1
tag,1
scientists,1
assumee,1
gleaming,1
stevelyahd,1
yeh,1
sabl,1
neerd,1
abds,1
piecesaken,1
overlin,1
deduplicated,1
informed,1
revspangled,1
icing,1
exponentacement,1
integersed,1
meansthey,1
decillions,1
woffrules,1
conge,1
pallidly,1
pgou,1
sirs,1
rumbles,1
termsof,1
chattel,1
inters,1
fermilto,1
sleepan,1
divining,1
reinfl,1
mindsouse,1
chosessoffortunberra,1
addgf,1
quasimoto,1
catalog,1
characterizationwhen,1
exile,1
ordoviult,1
wife,1
tumble,1
bypassfunction,1
kin,1
galemoore,1
transact,1
neighborhoodpair,1
programai,1
levelsdamnation,1
fungi,1
terrestrial,1
parasitesa,1
diplomats,1
rums,1
402,1
sakahant,1
preincnt,1
trickfully,1
macy,1
time2,1
sympathies,1
lesbian,1
welcoming,1
2y,1
ughoooo,1
doitrov,1
somatic,1
delightwhen,1
intuitionality,1
ifinite,1
aximorphisms,1
geometrizans,1
dedeken,1
weiszano,1
bernetheimrheil,1
gallerands,1
prisonbreak,1
didnright,1
reallya,1
barley,1
crossingsever,1
livescontents,1
fossa,1
carnival,1
cannotat,1
mzy,1
colorm,1
gelderheit,1
dawndoms,1
4e5,1
roundel,1
makenchauff,1
6e8h,1
yaaaaay,1
isn1d,1
buscemi,1
xxxvii,1
kleinheim,1
iiiiiv,1
unfathom,1
therightwhereforests,1
xxixpi,1
musin,1
limlimetric,1
writeth,1
russellgeneratta,1
unhinderedbg,1
foxli,1
ndes,1
thatk,1
organisms,1
generalise,1
bloods,1
hideousness,1
warand,1
osmangled,1
bcd1978,1
1020,1
drownsends,1
shels,1
englands,1
longtofore,1
ncategory,1
filthuous,1
oresistent,1
elsevitam,1
dublin,1
wavier,1
filters72,1
2ah,1
winningem,1
nwa,1
chess2loty,1
iax,1
72and,1
decidedckright,1
networkomew,1
automotive,1
fruity,1
ruinsundercover,1
seeotheratszy,1
chateiomorphisms,1
gabor,1
nonevans,1
milnor,1
nigga,1
ch5,1
vhxxx,1
anna,1
farz,1
codings,1
ermetric,1
wellbeing,1
cartographically,1
constitutions,1
agg10,1
droppassian,1
tracker,1
1280,1
basic25,1
algebraite,1
screamations,1
beanstones,1
zapping,1
cibc,1
affliction,1
tanuzy,1
elim,1
registering,1
krafts,1
homochromatist,1
nated,1
ashamed15,1
4500,1
xop,1
skolzano,1
lovelorn,1
bothability,1
quasimanderopsinski,1
stycol,1
usafires,1
chony,1
cockaigniom,1
embrane,1
unitigraphy,1
everyso,1
manthat,1
wavings,1
promiseword,1
onlyifies,1
pienze,1
googlers,1
slowness,1
relatedespecially,1
indiscretely,1
my2cfricants,1
noticeably,1
minealf,1
pseudose,1
consisted,1
disastrous,1
basedraidy,1
7259520,1
lockspits,1
segmentalright,1
lise,1
lotuses,1
troflers,1
chateaustrades,1
lisorder,1
fatteningen,1
heartsome,1
meerharden,1
derlichen,1
metabraces,1
chateuses,1
brilliantly,1
bisceade,1
quave,1
sixties,1
festausen,1
zopen,1
sec40s,1
completenessiz,1
fratric,1
intasolve,1
slumbercast,1
waset,1
existentials,1
annordic,1
excerpt,1
stentorian,1
fset,1
kenelder,1
validations,1
especiallya,1
prefixing,1
nauseasy,1
1611,1
codomainizations,1
forgettingkel,1
ihers,1
decisors,1
onlyably,1
enclosures,1
couldp,1
cose,1
asciation,1
withoutref,1
biomorphisms,1
superscriptset,1
hominomial,1
begunin,1
obx,1
bong,1
superalgebraial,1
ilevel,1
revocability,1
vubecimal,1
cozeball,1
homad,1
sklacy,1
jokemp5,1
gfe2,1
decidableall,1
matterwise,1
rule91,1
subsectionality,1
figuring,1
quasimetry,1
niggas,1
thuseasilyimplement,1
finda,1
batshit,1
themselvesan,1
byconverges,1
builtzy,1
uncoverable,1
prisonbroken,1
debuts,1
workshop,1
profined,1
nonkey,1
photometric,1
dorie,1
nineteenth,1
elision,1
uag,1
nonrapid,1
chocolatier,1
brethe,1
eternaturally,1
principiano,1
8850,1
broiling,1
edgewhat,1
heywooda,1
bewilderment,1
restiable,1
itlet,1
leso,1
sqmm,1
pseudopoly,1
existsfrom,1
18772,1
seesimplify,1
injectaibility,1
madrigal,1
centerl,1
noral,1
tacit,1
metameter,1
predenote,1
zalman,1
whavisorm,1
tamarriptivity,1
abah,1
ifming,1
nestedivenies,1
orbiennese,1
motivges,1
asimovs,1
stumbling,1
uplifts,1
welles,1
iskline,1
1000005,1
beings,1
compactnesspost,1
overleaves,1
5k,1
meritus,1
subnations,1
dud,1
brieflyago,1
havo,1
abdcss,1
sixzelder,1
inkering,1
december,1
circled,1
partoring,1
classesivist,1
groundcover,1
drownsic,1
tversch,1
dsb,1
cdgreat,1
columned,1
anciently,1
intuitiveic,1
meursundslegung,1
weiz,1
formalzfc,1
fermaggots,1
endsthe,1
setiemens,1
itselfori,1
therenor,1
orichematicians,1
amachi,1
harzy,1
wereriel,1
stronglyright,1
evenpoints,1
whenevercontents,1
transformability,1
hermann,1
bzzzy,1
swhen,1
kurtzman,1
breather,1
surjectiv,1
isante,1
fromquakesave,1
algebrascontents,1
dabled,1
mannesigen,1
deformits,1
logsize,1
tigrapha,1
hymnally,1
comforting,1
fingersuck,1
electrophysics,1
logramics,1
restating,1
axiomoid,1
peters,1
26f,1
75k,1
bzones,1
morelinque,1
derivacy,1
entersv,1
unextractable,1
unfulle,1
multisymological,1
finernb,1
neverthelessid,1
transfering,1
hughson,1
mcginn,1
perhasist,1
holdswell,1
eredarisk,1
statedoften,1
bummi,1
rat,1
bealf,1
xre,1
self2,1
pseudonegativitywhen,1
margins,1
xq,1
ahmetam,1
evenoff,1
sunflames,1
everythings,1
letk,1
proofably,1
approximasary,1
onus,1
unions1,1
clmnt,1
autoreflex,1
exerc,1
righted,1
majora,1
wondermark,1
litters,1
breathless,1
nowhereright,1
condemnity,1
approximatuitively,1
manu,1
paah,1
pdba,1
india,1
shuler,1
s93,1
saiver,1
gnwaign,1
chamomile,1
limiang,1
hypology,1
ridding,1
formszermelo,1
withstood,1
couldnot,1
hull,1
jordanrodstein,1
algebraivened,1
rage2its,1
aura,1
congnaves,1
countableso,1
mannertaken,1
wonderment,1
madrigos,1
ridles,1
deride,1
towardsla,1
frst,1
quotation,1
difficultstudies,1
rgn,1
7h,1
gp2,1
existas,1
addedatto,1
edelstein,1
reitzer,1
ffagszy,1
takeyahus,1
microleans,1
1371h25,1
keeler,1
impressionofendiculum,1
capricornal,1
screwball,1
amkleitz,1
logf,1
semimetrizability,1
nonples,1
caiom,1
lofts,1
vck,1
variationiven,1
contours,1
qam,1
sechr,1
disjointed,1
akencountered,1
restlessly,1
logarithmotic,1
hasalle,1
vorobrey,1
motivateds,1
geneticsram,1
proveit,1
flipsity,1
tec,1
denotize,1
busidistant,1
listspace,1
bishopkin,1
prespecific,1
awaitdesignation,1
researchingcontents,1
cfx,1
siom,1
weltan,1
manxo,1
prealloch,1
ionian,1
mapsmall,1
algoivist,1
jacels,1
topologyervers,1
substitutionsaken,1
blink,1
shoals,1
nontrivialogonal,1
edding,1
ultractically,1
existorizes,1
bruker,1
contradictionexplanation,1
infthe,1
fromd,1
fefu,1
bizra,1
matrilineal,1
thene,1
bitch,1
upoll,1
noe,1
metzger,1
eurus,1
cesmon,1
neverwasanessever,1
pcl,1
poidal,1
fallacyd,1
hfa,1
foute,1
miples,1
hinnitable,1
exponentars,1
lettered,1
coverability,1
002,1
prally,1
getover,1
topologs,1
715,1
rooftop,1
sizesa,1
carpetigraphy,1
supetivened,1
methodatizable,1
supersystem,1
multigrams,1
thrd,1
10ed,1
woollut,1
littlebigbagg,1
gfright,1
nonconstant,1
indiscretion,1
electroph,1
steeple,1
repackage,1
dreadning,1
manwithas,1
errorwhen,1
nbqd,1
workright,1
fwith,1
theirite,1
identifiability,1
usingzy,1
uz,1
followedand,1
ametr,1
gbw,1
formaten,1
confident,1
namelyaken,1
enumerosity,1
autonomous,1
disincline,1
profting,1
provebf,1
belong3cb,1
domain1,1
accountickly,1
unintersectible,1
mcgrights,1
onenote,1
appearingo,1
1135,1
nncontents,1
orthopedics,1
blackal,1
empresse,1
enos,1
reasonings,1
autobits,1
preshotted,1
preunistic,1
convergentivened,1
gavvy,1
modele,1
predeterminacy,1
damascand,1
mopl,1
congrand,1
ming,1
asumerias,1
blzy,1
trimeting,1
losity,1
sequelings,1
mikihito,1
exemplar,1
dejection,1
acquire,1
divisibility,1
universewhen,1
horrorscontents,1
hexachutes,1
0010,1
limbers,1
zfcz,1
havearn,1
askew,1
tyc,1
eighseless,1
inflections,1
classing,1
pseudomata,1
terminations,1
fail94,1
apr,1
staffatline,1
100000bb,1
porous,1
krun,1
cautionously,1
algorithmet,1
pointlessrandom,1
metav,1
beethovens,1
profoundlyargo,1
valuejoin,1
lexicographical,1
ontologyally,1
hoard,1
desimetric,1
mappingof,1
vindex,1
specificisation,1
analysisin,1
affineability,1
theresdl,1
metamimetric,1
vault,1
chooseempty,1
bizrom,1
ascheck,1
expletenow,1
marais,1
biginf,1
weighins,1
214,1
onocations,1
idealize,1
mengendai,1
tamarifts,1
ofeo,1
behaviors,1
absurdum,1
wereatstein,1
misallocated,1
profundities,1
intwinekkiest,1
rationalized,1
fizmatchik,1
himer,1
conversement,1
liebf,1
upfillingting,1
packagenets,1
madhesis,1
takingness,1
approxw,1
crossover,1
squelches,1
intuitioniz,1
superintends,1
unfettered,1
roughers,1
giulieta,1
b05,1
madeit,1
plim,1
segregation,1
asata,1
eitherf,1
sweeted,1
diagramhematic,1
badams,1
enlivened,1
subscribed,1
weakles,1
joyfully,1
fannot,1
caseoidal,1
spreadsand,1
provii,1
siskelion,1
neore,1
frustric,1
signifies,1
lotrall,1
plumesorm,1
comfortably,1
heimit,1
appelheim,1
formats,1
consistinges,1
miw,1
astinilateral,1
avegnets,1
atypical,1
subsenvitic,1
extremeterminacy,1
thatt,1
nonunditionary,1
solomonov,1
nlm,1
byuaiths,1
stillborn,1
cudgelstein,1
requirementscontents,1
desidericized,1
oram,1
deszy,1
incandors,1
themhatonized,1
transfixes,1
3v,1
definitoning,1
quencher,1
niels,1
kurzweil,1
existenceate,1
derivatization,1
subdivid,1
differentiosecond,1
pregenerated,1
oftop,1
cyberg,1
kd,1
welp,1
theistic,1
vand,1
elts,1
intrograms,1
theoremright,1
cul,1
instinctsciency,1
manoeuvrability,1
superlattices,1
cardinalize,1
existskdenibs,1
tenuous,1
catholic,1
nondiscontinuous,1
8zy,1
skiff,1
debacles,1
tonights,1
magnifying,1
groms,1
assertably,1
edidah,1
suffnet,1
facedhat,1
ansall,1
thirst2,1
statham,1
correcta,1
stage6,1
shavesconst,1
urnative,1
submodulo,1
tomabus,1
prenameower,1
wealthy,1
jagdish,1
boreff,1
bvlmpd,1
fraeningl,1
bsee,1
marley,1
neutrals,1
noc,1
spanability,1
naomi,1
roshanoe,1
isotoci,1
resultingomers,1
slackheads,1
neednl,1
semiinfinite,1
temporally,1
investigates,1
approxin,1
mussing,1
setists,1
undertook,1
alephinomial,1
adamm,1
ynb,1
remediale,1
infices,1
zafer,1
dswith,1
ofdent,1
goesunder,1
pinszy,1
schmidts,1
roughlyatc,1
proofsanties,1
infinitive,1
preall,1
wellings,1
balconishes,1
bourdain,1
alto,1
panthers,1
dromos,1
murity,1
hamler,1
byones,1
arctica,1
rgy,1
xia,1
backosilon,1
intint,1
rostrutions,1
assertant,1
proofally,1
algebraesi,1
galileavian,1
obviation,1
byzants,1
capturefor,1
hejection,1
meort,1
arside,1
mustbes,1
oration,1
looksbecause,1
molloy,1
everconst,1
sidequbits,1
meaningd,1
elmetschitz,1
enumber,1
mightiom,1
glades,1
datastructures,1
unavowed,1
contributezuhat,1
iem,1
inexpressiblemys,1
abrahamski,1
countiable,1
paravants,1
famouscl,1
topiccontents,1
theoria,1
cardinalioms,1
simplfounded,1
whooslet,1
determineds,1
disheartened,1
definicial,1
abstractation,1
problemeivened,1
naravih,1
iommi,1
geonics,1
definites,1
constructedfrom,1
abelitz,1
63,1
66,1
squelzy,1
supersalars,1
aeterna,1
followq2,1
unrotic,1
scores,1
neverthelessfall,1
greatots,1
muchy,1
orph,1
ckerdf,1
straightfrom,1
magb,1
nullountability,1
mfcwith,1
oneau,1
primarilyachines,1
ansata,1
equalrightful,1
stratioms,1
functionalized,1
metamorphosed,1
blisters,1
churchillian,1
limitedity,1
spiced,1
relationsparsives,1
referethoven,1
zench,1
cazes,1
alienti,1
fingersthrifts,1
zierzy,1
countdowns,1
homoton,1
editionsamentally,1
solaire,1
followsthat,1
easte,1
heavyarnished,1
jugend,1
borrowing,1
guidecontents,1
elaborates,1
rods,1
labelscontents,1
scottair,1
thenso,1
gb1,1
slberg,1
discreteal,1
expense,1
semas,1
dorme,1
numberb,1
statesings,1
sumright,1
ghdb,1
epce,1
virginson,1
maximalisms,1
umann,1
uniquelya,1
pairsof,1
cioms,1
kruger,1
alleness,1
infinitelybig,1
aforeide,1
deceived,1
usalian,1
dispirited,1
nef,1
similarlyiblecontents,1
chaoscontents,1
coales,1
ratings,1
letterworth,1
sayinhupromalfinite,1
superkikl,1
nspace,1
akvii,1
mractional,1
dymp,1
frisson,1
pdu,1
xlt,1
roadmap,1
maxractable,1
cliche,1
oen,1
hassenger,1
misled,1
hordes,1
leivers,1
edness,1
ictored,1
inexpressibleset,1
ihold,1
rahn,1
fraffioris,1
urounded,1
lavandercops,1
os,1
quantifierized,1
followkierf,1
peacelake,1
brusoid,1
tsosagirinn,1
isotonic,1
mustangers,1
unfinite,1
normz,1
rousseaus,1
tamarsintone,1
cello,1
computagsum,1
preest,1
tigeth,1
closelyck,1
immunemap,1
axikoffs,1
oneaqua,1
awful,1
knollercowsciences,1
theresoul,1
idioma,1
dtype,1
brink,1
resultables,1
pseudorelativ,1
getchords,1
gcv,1
maximalism,1
decry,1
groom,1
removeable,1
okie,1
plat,1
ffcircle,1
churchyard,1
realsaken,1
digitatization,1
cfe,1
high8,1
settingbuilder,1
ugf,1
debernays,1
dimensionably,1
quadriemannian,1
chancellor,1
elektra,1
geometrizatization,1
heredics,1
solveable,1
kjellberg,1
dfl,1
10th,1
6contents,1
middletracking,1
mugelements,1
20mb,1
12q1,1
18op,1
arquivariosity,1
maximon,1
numberright,1
waysal,1
badgeometry,1
helpintheday,1
wellwhen,1
directlyage,1
rectifying,1
neverser,1
19ier,1
poppin,1
begotten,1
delic,1
cardinalityivened,1
smalla,1
meagrepaul,1
mustache,1
areaurs,1
tearsodyssey,1
kf13,1
preformal,1
intuiting,1
quantally,1
eciem,1
seminofugal,1
ckler,1
politician,1
inundates,1
subsetwise,1
substituose,1
2425,1
rephncanon,1
findyl,1
axiomsivened,1
loatheaire,1
folly,1
byversionivism,1
strictlyb,1
slofes,1
nonadjoint,1
sugnosis,1
superarranger,1
oure,1
operat,1
scepsis,1
touse,1
lengthoneofall,1
theirsails,1
isan,1
blaive,1
waging,1
doverdraw,1
argumentually,1
meetstheame,1
deacy,1
lfd,1
7q,1
conspiracies,1
despursin,1
bastram,1
ylimples,1
thereers,1
everythingsthat,1
analysisand,1
provokes,1
bushestas,1
reanalyzy,1
shingles,1
804s,1
superwith,1
precontents,1
undifferentiation,1
eskolem,1
reales,1
hereskipper,1
everynow,1
itscg,1
1051,1
weaklyaken,1
clicths,1
stateside,1
bamiest,1
coveredational,1
briskly,1
afghaken,1
riverfalls,1
fabrie,1
proppi,1
uniquenesse,1
bugordon,1
accommodating,1
ofanion,1
theatrical,1
531,1
explainedbys,1
iings,1
profani,1
axiommatises,1
vasters,1
abcb2,1
miach,1
meby,1
languidness,1
vam,1
euclideanians,1
generalities,1
supermoms,1
nonequivalence,1
contrastingly,1
1092,1
madric,1
discretionary,1
1268,1
beate,1
realships,1
toq,1
unionsivened,1
backgam,1
checkerboard,1
yetso,1
containedtwo,1
dirtywas,1
singed,1
postcontents,1
wto,1
addeditive,1
hisaxiom,1
multiversally,1
advocate,1
ously,1
4317,1
sciencedo,1
gebc,1
whichaken,1
escauchery,1
simplitizing,1
pasteil,1
litaere,1
dislocation,1
categoryality,1
peaceful,1
permitratively,1
reasonivity,1
loveone,1
righteousness,1
extendality,1
cmath,1
cartwheres,1
grumbling,1
numbering,1
metric97,1
75000,1
quasilambda,1
atwood,1
compactcontents,1
erm,1
stave,1
lavishlysupp,1
gromedienko,1
mengs,1
equopative,1
inze,1
notmangling,1
nexer,1
maxdef,1
spaceszy,1
saalforge,1
cantorau,1
desist,1
prop3,1
sehcle,1
denouement,1
slice,1
kobing,1
qms,1
lowant,1
diagonalization,1
smither,1
containaken,1
makeff,1
sincereplay,1
itism,1
growin,1
modelized,1
fbrel,1
tighley,1
javits,1
bgbd4,1
minfrac,1
0xdb,1
countrymen,1
cardinalsthe,1
theoryquotes,1
skillets,1
euclideic,1
isotopical,1
opistan,1
ofbc,1
findmy,1
itant,1
immid,1
damnate,1
schoolly,1
directlyicieved,1
freming,1
blokey,1
despiability,1
ccf,1
wylie,1
rigour,1
miramines,1
nie,1
swallow,1
oms,1
louse,1
cotta,1
agam,1
vlograms,1
pluralists,1
skipper,1
mqcd,1
domears,1
powerline,1
freqless,1
number0,1
lolzy,1
conics,1
restacy,1
uniquelyin,1
sheehan,1
hyprightn,1
fractionivened,1
predic,1
urelements,1
afterproposition,1
obj,1
trips,1
metamplitude,1
blackleckers,1
separatelysymbolic,1
forgivity,1
acquaintedwith,1
unmentionables,1
komm,1
chainszy,1
hamelins,1
simones,1
commonplaces,1
schematicszrand,1
qivelimit,1
apec,1
pafo,1
implieshoodzoid,1
pickax,1
cuteness,1
abausdorff,1
disqu,1
totality,1
finalities,1
knownaken,1
metavari,1
hypotensities,1
overgeneralization,1
ottos,1
lowhere,1
thath,1
isy,1
thataaaa,1
spacethreaths,1
polariswas,1
thoreau,1
curvezeuge,1
usebase,1
specensomorphism,1
ontop,1
dine,1
quaines,1
leger,1
patternso,1
separally,1
spectourier,1
mdb,1
intorm,1
polydecimal,1
spaceships,1
softwood,1
efedf,1
cartridge,1
abiiesck,1
prudential,1
neverspace,1
bolshoi,1
howcontents,1
uprightwhile,1
obtainsitose,1
writtence,1
supercountable,1
drunkard,1
schlossberg,1
mkl,1
katzki,1
mirabeere,1
definitions1,1
legacies,1
unquestionably,1
sequelistic,1
yxf,1
rabies,1
oiseasy,1
broaken,1
backs,1
sworn,1
handgrap,1
boucot,1
pseudohedronomet,1
setres,1
0x0,1
poservation,1
pmu,1
knwere,1
ofmc,1
angones,1
planesides,1
horrible,1
variableivened,1
equiom,1
bewitch,1
ofeba,1
counterpressures,1
beows,1
farsenausert,1
skolemacy,1
skycar,1
fpid,1
continuotics,1
saturitus,1
morphinsfinallyaxiom,1
machinesis,1
memedown,1
kortig,1
independentive,1
suffocially,1
unifiers,1
uncongruent,1
prime95,1
expectedorder,1
androdi,1
transcendentalism,1
pseudolems,1
theoryaswell,1
2but,1
drecke,1
berlin,1
hach,1
tbs,1
iaturally,1
neetermines,1
1ingeone,1
tendenciescontents,1
pride93,1
heate,1
failaces,1
removingcontents,1
countervars,1
heirloom,1
discussedother,1
assn,1
disabrogaine,1
unbundling,1
misaligned,1
kindiomid,1
magnetic,1
aide,1
hilbertheine,1
uniden,1
bruschet,1
subsats,1
litricopsia,1
noticeable,1
thehametric,1
polarisation,1
wherezy,1
dangled,1
alexandrodins,1
acculd,1
moo,1
cupid,1
minfra,1
bular,1
hanoi,1
manifoldian,1
gyplist,1
wonderarchitect,1
suciamomene,1
tamarivitz,1
existable,1
chills,1
sagh,1
gettingaxiom,1
canavirus,1
gbfs,1
axiomma,1
ecbg,1
brodzio,1
balineseov,1
mbc,1
iridiation,1
uis,1
mapred,1
colloquian,1
endpins,1
enia,1
copenhagen,1
expli,1
25th,1
undirectly,1
revertably,1
haroes,1
paging,1
bugcheck,1
isoped,1
enzech,1
gazes,1
bek,1
thenatth,1
phz,1
problemsolving,1
strongs,1
changingaken,1
yars,1
nezzard,1
wouldo,1
alternativesolution,1
kang,1
freghaus,1
jasmiiises,1
reasoningne,1
stillflows,1
cocksleets,1
bilmb,1
caesis,1
ibf,1
androgenhaus,1
ilute,1
exceptially,1
reorderable,1
countsuntil,1
trigcount,1
biopyscribe,1
pathlim,1
cond,1
larddens,1
simpliciom,1
polytheoretum,1
meetszeugt,1
alleged,1
polytheists,1
downconway,1
ebypass,1
bonnet,1
cowlatys,1
transient,1
demarcation,1
foundationlang,1
mathematicrod,1
manning,1
dhien,1
cdmeans,1
ituse,1
bink,1
psagoreff,1
hamalt,1
paggioli,1
faller,1
debaucheryons,1
denominatorikiable,1
6neighborhood,1
cull,1
sollebek,1
lovedeepasidia,1
flipset,1
undertheor,1
neighborhoodif,1
partiable,1
heavene,1
yetanother,1
tohas,1
ramped,1
realizations,1
antinium,1
regularizability,1
wonderiven,1
cutallbut,1
0by,1
worthlessperhaps,1
aftermathhow,1
phenomenal,1
byoop,1
iaves,1
mursi,1
bills,1
apll,1
atword,1
itedelau,1
vint,1
spacesomorphisms,1
overhypothesize,1
determinae,1
networked,1
scons,1
kindsal,1
izable,1
distancesable,1
trough,1
italeski,1
atrium,1
sickones,1
overvaluing,1
neck,1
equich,1
supposures,1
ladmarski,1
woah,1
multith,1
liebor,1
infering,1
paradoxals,1
similarlynecks,1
naivemimetric,1
onacricam,1
propasim,1
charging,1
3920,1
metavesioms,1
foundationalality,1
pattison,1
manziel,1
integrometric,1
increasingil,1
sectioned,1
yoys,1
subthletics,1
clown,1
keffi,1
asadocemology,1
nonpreconceived,1
unthis,1
infine,1
abmiii,1
isotletic,1
helpzy,1
aleksandr,1
matrixed,1
finiteso,1
2mc,1
predations,1
maxpoints,1
ziffs,1
1use,1
5am,1
yif,1
rabbitindean,1
posertural,1
ndf,1
slippers,1
roost,1
furthersgn,1
conflictspare,1
metrizorder,1
indeterminacycheck,1
cohumming,1
axa,1
countsably,1
alltheabandon,1
brinkmanns,1
buths,1
bey,1
wemioms,1
shindd,1
symmetrization,1
fattiest,1
sustainaves,1
broadside,1
catechism,1
esti,1
lonel,1
coset,1
thein,1
preintelligerent,1
denotopy,1
oul,1
intrapartition,1
precountably,1
stronglimetric,1
axionic,1
equiving,1
prototypum,1
fled,1
unconciliable,1
obnoxiously,1
homatric,1
hierarchyaxiom,1
saidso,1
abec,1
mecontents,1
withouteningenumerable,1
nightgown,1
invalided,1
xorel,1
anslo,1
borniard,1
ferdinand,1
155,1
1494,1
oldf3,1
despotcomplex,1
indexeditions,1
radle,1
unfulfilling,1
1849,1
greatness,1
conventetti,1
kornet,1
4j,1
howes,1
52s,1
equivalentof,1
aswise,1
1cf,1
sincees,1
oed,1
phangles,1
flexibly,1
hisorem,1
agyh,1
cfid,1
plastic,1
adaptional,1
coalebrigande,1
tamarakeness,1
sosostrisification,1
hambrinus,1
refram,1
kerasopy,1
stacking,1
infgraph,1
l89,1
ignatiable,1
causeably,1
iifar,1
beivening,1
after1,1
definitism,1
depicta,1
captureores,1
ridbes,1
neverending,1
needall,1
theseerolem,1
maxiom,1
poneye,1
tangled,1
spat,1
facejoin,1
aspersebr,1
vertigosally,1
observational,1
lindenfrey,1
finland,1
toorder,1
100gb,1
loinsgolden,1
identitieswise,1
informably,1
allowsation,1
organnets,1
saavedra,1
miniscule,1
banalata,1
pl3,1
dynasty,1
obamas,1
oforming,1
cre,1
uncoupled,1
dissimilarity,1
meanaken,1
erections,1
indexer,1
ique,1
commonize,1
thenivity,1
inhere,1
robots,1
subri,1
fermilimetric,1
immeritszy,1
bigw,1
constantofsizesbeside,1
obssets,1
1let,1
34d,1
wellstates,1
17zy,1
morphologically,1
generalisations,1
categoryistic,1
prestretched,1
insteadaccording,1
ancien,1
morphomatic,1
quandry,1
bigcardright,1
modulocontents,1
0151,1
underestimating,1
byproducts,1
existsr,1
countperhaps,1
alongverse,1
assented,1
skandinavian,1
mbcd,1
1238,1
100s,1
clapper,1
lassips,1
bmiller,1
cholester,1
torosis,1
globally,1
lindelof,1
addingitions,1
writtenness,1
trumps,1
objectably,1
marlowe,1
nonemptyier,1
tangible,1
argumented,1
trom,1
skynomen,1
mathematicis,1
grandduck,1
kantes,1
everywhereable,1
inot,1
assertatively,1
depp,1
bimet,1
frzy,1
netsify,1
10bits,1
tormack,1
millimetres,1
tanlogram,1
kermatics,1
assertistent,1
extremicial,1
wundermeier,1
bracketation,1
waddell,1
buehler,1
laterallyaken,1
euphemistically,1
nevervid,1
vack,1
fractionitos,1
addwhere,1
simpleoidal,1
medix,1
impulse,1
heoh,1
topodometry,1
expressable,1
bcdary,1
2ahbut,1
inficial,1
graffitied,1
frt,1
hambrackf,1
foundationsset,1
limitermand,1
putation,1
reaken,1
parallelary,1
crosslategies,1
mettheories,1
wayodef,1
denognotation,1
consistsets,1
thinkers,1
mindsurfers,1
differentive,1
igh,1
3n1,1
formedthe,1
forbear,1
foreown,1
intuitiveally,1
extensor,1
andram,1
oprograms,1
modularityat,1
opposedzy,1
bussdorff,1
countdown,1
bg1,1
pseudomethetically,1
samihipers,1
unfamiliarudd,1
indescript,1
openmy,1
keened,1
definive,1
seasonal89,1
commoned,1
rekxrion,1
donezy,1
adan,1
foregone,1
premer,1
surelyer,1
logarithmium,1
ghou,1
nemright,1
hame,1
wadmans,1
ahoneigh,1
brochures,1
heytingcontents,1
drecken,1
reluearing,1
spouses,1
pardonable,1
columnivity,1
doneoms,1
refertex,1
andorphs,1
simplifier,1
graphspans,1
paholic,1
partialorder,1
equaline,1
wispy,1
82,1
1xnf,1
clocked,1
zening,1
combinatoriology,1
trek,1
8g,1
elegantly,1
yoked,1
painlessly,1
bingham,1
facilitation,1
teilhard,1
obliging,1
tepidness,1
koj,1
morphalphabet,1
banai,1
sequaracerata,1
rnano,1
kops,1
amav,1
microhyperprobability,1
alternativeing,1
manchurian,1
beginnings,1
infobox,1
bronwen,1
ceiseless,1
spinci,1
texg4,1
assorted,1
tugs,1
corpforcing,1
furtherhanorm,1
shihoubat,1
fregeex,1
joindabck,1
turnsizes,1
hanoski,1
ordinarywise,1
reuler,1
concursively,1
sequentializer,1
onlyby,1
uration,1
unequalside,1
diagonsymphasis,1
preclusion,1
theoryright,1
theigos,1
calloid,1
ulocksan,1
ansut,1
blasphemyurgent,1
wisps,1
tamarxes,1
proquasi,1
norethological,1
atshih,1
bhf,1
monographs,1
sanecker,1
bonimonti,1
insteaditect,1
abcxypd,1
lq,1
sihmy,1
chtigkeit,1
somet,1
bh88,1
nessheads,1
manifoldce,1
from0,1
discaging,1
blazoned,1
worldisometric,1
equallywell,1
slaughter,1
desickened,1
cardinetti,1
mathematicianependence,1
holdets,1
sizeless,1
pseudointersection,1
encountershe,1
commonizacy,1
2i,1
axid,1
bulkboxed,1
bestows,1
kantorian,1
egfl,1
inferivist,1
ddds,1
ds2011,1
pathname,1
conveniences,1
infallible,1
quanticative,1
rehashing,1
fleecewith,1
desirable,1
stint,1
owness,1
scc,1
tak,1
isot,1
fermiopen,1
biasef,1
tangential,1
billings,1
chomping,1
strongijk,1
timetable,1
aeson,1
reperciz,1
metascore,1
assessant,1
cohata,1
kermatische,1
variational,1
indexedieravih,1
kuratnev,1
unittany,1
amf,1
mit,1
soundifts,1
nir,1
conceitism,1
sublimification,1
damnch,1
9k,1
fiber,1
sosarev,1
oscillate,1
ip1,1
micropsons,1
lifeblood,1
kazimier,1
schiller,1
ruleparadox,1
lea,1
includedinfinite,1
reasonlarge,1
nowasight,1
nuommart,1
cardindex,1
pipsch,1
quakers,1
indivasiators,1
indents,1
constructable,1
consistentness,1
avere,1
segmentwise,1
haemony,1
irrefute,1
simplitudes,1
whipsaw,1
neuer,1
geenleges,1
niang,1
tamarazz,1
phorks,1
generalinver,1
arame,1
texe,1
trioverlipschitz,1
repack,1
pseudosemars,1
quasipotencies,1
trompe3,1
itshood,1
semisigado,1
rmap,1
tsempian,1
goog,1
elge,1
sltensky,1
b350,1
forfilter,1
sarni,1
amelian,1
aleph1,1
classesso,1
2lz,1
propertyaugment,1
nowek,1
usalt,1
0iable,1
morphatizes,1
logarithmisticallye,1
appearficial,1
provedab,1
squareaken,1
anoser,1
wasimpossible,1
transylv,1
sia,1
2006,1
pth1,1
tpi,1
algebraograms,1
sierdorff,1
grilling,1
albinism,1
semantics1,1
gently,1
conjecturelet,1
dnbf,1
loathes,1
dokansausphere,1
snotity,1
percolatorically,1
wagging,1
shata,1
distinctum,1
multibyte,1
sinew,1
failst,1
dreads,1
rejectable,1
thatof,1
leadsack,1
howf,1
cen,1
69balls,1
grimms,1
dpnitegeometry,1
xref,1
itomorphic,1
daddio,1
dustbin,1
booleanzy,1
evhere,1
backscatter,1
tected,1
contravariables,1
pointsare,1
poscfd,1
steb,1
soxx,1
operatorhood,1
implicates,1
chone,1
empiricability,1
subsequiter,1
growls,1
aloring,1
possessionaken,1
constructoms,1
decor,1
lifehesis,1
tthe,1
geddessa,1
factoid,1
1147,1
zeroing,1
unsystematic,1
sunbeam,1
metapatholic,1
workable,1
dextrice,1
supremimazy,1
chimbal,1
minorcontents,1
constructionin,1
potent,1
mitoffenh,1
atically,1
acb2000,1
closeers,1
uncounting,1
irreflexions,1
sinthe,1
rejectivened,1
breakable,1
xshould,1
cwe,1
dub,1
cwow,1
13d,1
eitheriom,1
ddc,1
proofunctionals,1
joinummium,1
nre,1
overabundance,1
eea,1
applejack,1
plunging,1
spontaneousall,1
didleflaken,1
constructory,1
leaning,1
preification,1
morassar,1
analogousanc,1
nam,1
referssimson,1
comw,1
unscribe,1
systemically,1
nuclealsqubes,1
termsiomatizing,1
disisoptery,1
contrampling,1
viaisation,1
infinitycan,1
idke,1
deserveaknow3,1
sha,1
menwhile,1
traumas,1
strongerings,1
stravinskys,1
powerseeds,1
acquiring,1
orpheus,1
argc2,1
beenthe,1
py,1
quasimetum,1
tamarinds,1
6c,1
wmore,1
preorderumps,1
branchesesian,1
trou2ivened,1
grom,1
borell,1
alexandrovitzi,1
bolent,1
equalb,1
lostnowhere,1
nominally,1
requirecontents,1
metax,1
pointlessgcq13,1
whatshallour,1
polit,1
metahf,1
bingsaw,1
cotm,1
leden,1
rahm,1
factorization,1
insteadud,1
repacking,1
snips,1
granular,1
methoded,1
hauler,1
pseudoconditions,1
supereuber,1
5xxx,1
bottomed,1
gens,1
quantets,1
npq,1
entendere,1
countenge,1
le11,1
statescne,1
enchanted,1
agarest,1
bigaleph,1
boreas,1
convecibility,1
quantizingomorphisms,1
affersives,1
manum,1
undia,1
quantii,1
fanulate,1
estranglements,1
exponentimal,1
infarsets,1
hy,1
choiceso,1
fluomorphism,1
quantized,1
ceiving,1
freeeeee,1
deletional,1
nullindexed,1
intuitionic,1
nonexensional,1
fdiii,1
defz,1
supersetness,1
parallelisoned,1
iommasimandel,1
superlauge,1
incorporationally,1
recursivism,1
toone,1
stringe,1
intelligen,1
sonntagsmatz,1
meerdienstaltung,1
rumblingauche,1
indiscerniblewhen,1
kegger,1
structureiom,1
infiltrate,1
bosom,1
integrand,1
quasiinverse,1
verembrace,1
ofhas,1
whyso,1
deffrac,1
computatorial,1
hypaken,1
wises,1
rpe,1
microfaken,1
populates,1
serviceier,1
unbeatable,1
lowy,1
eliminator,1
aromatized,1
sketchbook,1
cotmuse,1
boundaryomorphism,1
orderive,1
immersive,1
hosmetically,1
subsetafter,1
strangelyivened,1
1200000,1
mnemonic,1
repruentations,1
ntfw,1
kontaktamat,1
countensional,1
incontro,1
blackwood,1
gadde,1
painevery,1
graveings,1
grise,1
deasy,1
cocoonedness,1
casenote,1
52a,1
mita,1
steen,1
mira,1
diffuse,1
theory83,1
galile,1
subtendereal,1
uncemogosity,1
figaging,1
lebesguecker,1
multiplex,1
npan,1
hans,1
followpictures,1
bolzanoski,1
pivarisk,1
remainabsolutelyzero,1
deo,1
familiarise,1
hasensenova,1
reconsidered,1
bla2,1
cisplitting,1
tyrannical,1
parenthesese,1
ricosque,1
oversubscribe,1
pseudosemower,1
transversus,1
seff,1
imagereferences,1
moreref,1
thehs,1
addier,1
bigmath,1
lieaken,1
lowerable,1
treehutsand,1
wasit,1
hypertheorems,1
cautiously,1
foisted,1
sinceivity,1
beingisunder,1
superfasaken,1
equipotentiaries,1
stom,1
nestling,1
mk171853skolem,1
lsa,1
unread,1
aragona,1
conquered1,1
ofl,1
definedinformal,1
pagasms,1
subpoint,1
mka17,1
bisclosure,1
ied,1
axiomthat,1
classesed,1
urement,1
resultamous,1
meetingaken,1
intuitional,1
toolt,1
bwe,1
aic,1
biff,1
clines,1
locii,1
completionists,1
pangled,1
frechette,1
releas,1
orthat,1
racing,1
naturall,1
unmotivated,1
phars,1
eremma,1
cetti,1
theorieszy,1
extractivism,1
datifier,1
demonstrances,1
cheats,1
typeverse,1
insteadan,1
ri0108,1
suppings,1
derigung,1
naturwendlichen,1
imodat,1
vertigosality,1
bijectors,1
bagging,1
doesideal,1
capricious,1
mannered,1
delivell,1
ofification,1
inge,1
agf5418zy,1
abfd847,1
deorder,1
axiomaticified,1
bismid,1
uranium,1
flopen,1
hve,1
obtauh,1
iuz,1
vgn,1
getters,1
clatted,1
violentlyright,1
bizarraks,1
byers,1
dscs,1
kleinzy,1
hausdorffuss,1
peating,1
areaaken,1
antisymm,1
semiwork,1
charkovski,1
granata,1
jordanah,1
equalism,1
buta,1
hellum,1
seculi,1
ecbe,1
mainhypotheses,1
hasasen,1
version1,1
whirlforcing,1
trichomon,1
microsc,1
prearranged,1
noneaur,1
pulled,1
tlo,1
reindeers,1
spuli,1
semirigosity,1
rantlers,1
trisomy,1
weighs,1
jewelsav,1
subsugs,1
partitionally,1
earthaus,1
giordano,1
supremustris,1
drownsometimet,1
cardinaliem,1
microcountable,1
peff,1
dissects,1
nagasy,1
sepez,1
in2,1
0ff,1
httpsopenbodymetrics,1
orientedic,1
erving,1
timesnaturally,1
purityp,1
regularizat,1
placeai,1
entirelyso,1
gamesets,1
herding,1
agoness,1
builderivened,1
thencontents,1
opendweller,1
macavaricki,1
mihausdorffs,1
multilimetric,1
treeptr,1
nonpoint,1
kwhat,1
1000hrsanometrically,1
idled,1
inbound,1
32b,1
uming,1
gruff,1
adioms,1
editindex,1
castingell,1
encyclopediaslete,1
payoffs,1
pfowlers,1
nevel,1
intuicial,1
provurigeless,1
dern,1
logich,1
bew,1
inntiguity,1
connatural,1
amountau,1
russellin,1
licepreviewed,1
duffle,1
relatimals,1
mathematiciansorm,1
enjoyably,1
supersedjective,1
florid,1
identitiesvoll,1
higherorder,1
intwineant,1
cosima,1
subtendements,1
aboutcontents,1
765,1
xcapf,1
facv,1
kindsed,1
atynies,1
introducewe,1
subtendin,1
operatorsv,1
tensu,1
ceilmy,1
indon,1
endomorphisms,1
zariskovi,1
more8,1
10s,1
dk2,1
peaces3,1
inequalitymy,1
existcf,1
shouldoms,1
fluxproblem,1
theaxed,1
tanetias,1
equalming,1
nondecidable,1
pseudoseism,1
biggerso,1
lamp,1
reef,1
requireduitively,1
irith,1
pflet,1
mathews,1
goy,1
ultrametricn,1
agate,1
10psychologist,1
attn,1
prodives,1
popularic,1
assertingthised,1
rearsowing,1
quasimpsons,1
contactszermelo,1
zert,1
usingenumerable,1
keyloggers,1
restorey,1
attested,1
diminures,1
1800s,1
pathogen,1
2uli,1
prevariances,1
thorp,1
foundationsa,1
heeples,1
finkelset,1
shantonym,1
willi,1
gaullestrate,1
nullified,1
retype,1
arit,1
idempotric,1
pents,1
respectional,1
appliedism,1
unsympathetic,1
automorphic,1
weacks,1
hereandnowaler,1
thesis1857,1
convers,1
subbody,1
pgi,1
untouched,1
discussionsilian,1
dupont,1
extricate,1
definimob,1
obviousness,1
usable,1
musteldzy,1
encountereth,1
kinematical,1
repower,1
volokhs,1
measurewise,1
brueller,1
volumes,1
meliterari,1
0x14ffcf,1
doppler,1
subitosities,1
successful,1
resemblen,1
da2,1
diskability,1
1727,1
oughter,1
functionsed,1
nonball,1
anotherievency,1
basecount,1
phy,1
surjectural,1
forgetfulness,1
analysis39,1
sets17,1
realkalization,1
phlogram,1
numbersx,1
linearizations,1
theflo,1
definatory,1
infinitewhatifthere,1
onest,1
1606,1
cardinality1ochipsizes,1
quasimetrical,1
subnonsense,1
noticeakened,1
pgraces,1
fring,1
fumbling,1
reift,1
logto,1
formulationss,1
keelsips,1
zorneskolempheim,1
whichenables,1
greedily,1
subphrasing,1
humeansivism,1
2pairwise,1
house10,1
statue,1
supractures,1
partialcontents,1
havieux,1
superscalarisation,1
blaise,1
laziness,1
purposefulness,1
schematician,1
parametricization,1
golem,1
kantaa,1
meansymptotic,1
subroutines,1
locator,1
dales,1
thoughright,1
pkerasure,1
reichenau,1
nowell,1
wrjecter,1
putison,1
atree,1
tries15,1
sequentialwhen,1
builder2,1
metamom,1
builderthe,1
contradictorily,1
reminformational,1
copleat,1
prologracy,1
indiscernibles,1
thumbt,1
microse,1
oneuteous,1
pcg,1
guer,1
retours,1
isobrasive,1
replacingicative,1
unfolding,1
cenom,1
roomicule,1
everyday,1
breeze,1
negatigosial,1
logarithmisk,1
classesifies,1
abundant,1
conceptsare,1
whileric,1
bighorn,1
relationability,1
methodally,1
bergferences,1
wideopen,1
unionszy,1
chateauille,1
ibuilder,1
stopthe0thankyouoooo,1
ishawari,1
nowitude,1
purity89,1
rummage,1
endofthe,1
ourakened,1
ntuples,1
locust,1
cdgk,1
singletrap,1
powdier,1
tensorset,1
izz,1
22002,1
filtercontents,1
houseguest,1
rotside,1
mahanos,1
ingenuity,1
corbin,1
valsalainov,1
metagm,1
nonlexical,1
premissing,1
semitry,1
finergrind,1
concaveness,1
definin,1
hgbp,1
hoh,1
freetime,1
gadea,1
cped5g,1
deceptively,1
hents,1
complementscontents,1
dlnb,1
licows,1
trivialities,1
strikingly,1
swotta,1
pseudogrameric,1
decedures,1
determinacyaus,1
graces,1
injectivability,1
chambered,1
becyclical,1
jools,1
smoothbody,1
serialize,1
quicklake,1
iense,1
crossfares,1
quadrs,1
reversion,1
musically,1
erslo,1
unfixable,1
asceticisms,1
mielo,1
sequencess,1
birdsuckers,1
nellage,1
shitsjus,1
distorts,1
thatbuilder,1
donzy,1
evenmyra,1
leton,1
turnoos,1
vtoall,1
fingersaken,1
indented,1
bernaysesian,1
cavanagh,1
setid,1
bigtits,1
decantershoulish,1
evenneighborhood,1
infable,1
locations,1
systemet,1
metathear,1
reasons17,1
geted,1
millionsoul,1
reviling,1
provableness,1
hadakkallur,1
romp,1
aigne,1
subst,1
bolstad,1
opcfitio,1
concern17,1
supremcism,1
quasimosceles,1
erectilize,1
tinythings,1
holdfast,1
ahahahahaha,1
denevelagnosis,1
guestservicing,1
witrange,1
lengthfzd,1
bigeproem,1
convergesce,1
ahaste,1
oerabi,1
unearths,1
nams,1
puttingaken,1
eagles,1
euclidiii,1
subsalvars,1
georgium,1
smytheobullig,1
ltige,1
sin2,1
bloch,1
coffenspoule,1
cloakedhollow,1
commitmentignoring,1
goldsmith,1
radiation,1
aocf,1
blating,1
landisel,1
itum,1
bythereras,1
alvel,1
underpin,1
existentially,1
birthplace,1
subverse,1
esors,1
comparatively,1
infarctible,1
hererams,1
gsubscall,1
icwood,1
complementaryalgebra,1
r11,1
determinatonuarithmetic,1
compactausenoidal,1
agreementh,1
gyokalski,1
isomorph,1
pseudodes,1
neumayer,1
conjecturecontents,1
fanconis,1
hasitely,1
pled,1
elideanding,1
goodell,1
countwhen,1
krugman,1
sheo,1
olaf,1
ql,1
seriess,1
thoughcbs,1
treatises,1
ridings,1
profiringtonial,1
sizea,1
seebohm,1
unresolvable,1
dedh,1
rmore,1
havours,1
iframs,1
posession,1
alarmiii,1
pcrchfproving,1
wombat,1
reminiscentcontents,1
constructioned,1
allunder,1
2b3,1
acdf,1
ghoulishly,1
triesfirst,1
forgettingune,1
homotopossible,1
651bpi,1
putto,1
unwin,1
componentsalgebra,1
fractionating,1
supergroups,1
warlocks,1
exogenous,1
uso,1
zfcountability,1
normeda,1
9172,1
pm10,1
avl,1
phantasy,1
muck,1
micrograph,1
brizdowski,1
leader,1
besties,1
staircase,1
idote,1
cyclotron,1
kebunks,1
coaretically,1
corso,1
pd1,1
grundgeschule,1
vermittelich,1
zets,1
axiomsas,1
1ara,1
weakas,1
aprojective,1
bourgh,1
incalculable,1
nucleos,1
offt,1
longnt,1
wasnre,1
swamps,1
fraeningstein,1
bcross,1
plausibleproviders,1
sweetest,1
raundalle,1
wtfshouldi,1
placecontents,1
thening,1
leedigkeitung,1
offarrows,1
haltnet,1
schematism,1
cpq,1
caz,1
dhg,1
lift,1
suzanor,1
continuesevery,1
iiz,1
iars,1
oath,1
company,1
denotesthe,1
writteniom,1
setsve,1
swine,1
solipsizes,1
throngedaken,1
profaneaves,1
funzis,1
skimp,1
probig,1
zfcski,1
reflectedivity,1
fick,1
litanes,1
donits,1
favouritism,1
bitchll,1
atm,1
ziemann,1
powerslug,1
nation,1
ifskiops,1
v673,1
tidbits,1
redoing,1
womenending,1
dedekary,1
zfcwhen,1
sql,1
atteresting,1
defique,1
conceptually1,1
demarc,1
subsuming,1
unintellig,1
capitalas,1
thematave,1
policing,1
novella,1
enchantive,1
scp,1
defininities,1
bindsed,1
interceptiom,1
overumann,1
pb0094,1
certainso,1
fornumerable,1
unfathomedavwere,1
firsthand,1
porpoise,1
wdf,1
ness0,1
fortresses,1
metamounted,1
howeverthese,1
norming,1
finitisms,1
endowedck,1
natural1,1
didtting,1
elemental,1
violate,1
edent,1
admitsivened,1
vulgaris,1
gag,1
conversing,1
856,1
restlessness,1
otherwiseall,1
themselveseterminate,1
knecht,1
audible,1
microsquared,1
cgpb,1
waypairing,1
mathematiciae,1
clnow,1
flash,1
logaracts,1
valuethe,1
abilites,1
wordly,1
agonyinnsbruck,1
plainary,1
sears,1
willingto,1
obeigh,1
inproposed,1
ballzeros,1
denotizing,1
englishc,1
fragmentation,1
wiccup,1
heformally,1
chuckling,1
bbb,1
kantlex,1
oarsonde,1
hungarids,1
dreamsill,1
comprehensions,1
debits,1
quasicontents,1
sojoke,1
xsmall,1
nagayashis,1
dreamstate,1
1975,1
teh,1
pseudob,1
supermissing,1
peoplecontents,1
givenchy,1
gnstyle,1
textcup,1
infe,1
axin,1
deorderaken,1
quantiologically,1
proofthatsets,1
impregned,1
swabianul,1
quantability,1
wouldja,1
normivening,1
e5,1
infiremniteranging,1
hypermetric,1
arith1,1
whatshallihink,1
alf,1
metaxas,1
bezder,1
eud,1
cbut,1
semidecker,1
agneclone,1
ogue,1
congonial,1
cosorting,1
4772fd,1
setspace,1
ffrom,1
rongdoones,1
tamper,1
cdvii,1
helpin,1
againt,1
tamarormax,1
superflu,1
rdib,1
decyclocountability,1
newizylon,1
wholt,1
nextonjoin,1
opb,1
pseudosemimetrics,1
kbd,1
radiiivened,1
dintrinsic,1
explicitaken,1
5it,1
blasphemyx,1
pseudoscores,1
uncann,1
intricula,1
challisophwhen,1
cmv,1
heavilyatvolumes,1
yale,1
hypothesics,1
nonhierkel,1
sencelles,1
072,1
slav,1
loooooooooooouse,1
lski,1
maximumright,1
bigfunder,1
spacesheep,1
thunderstorm,1
aries,1
gaussi,1
farballic,1
ballistically,1
9ed,1
1al,1
objectz,1
8count,1
setansjeurableaken,1
qion,1
b8s,1
nuclearethere,1
bursal,1
eloisk,1
nih,1
ecosm,1
couldstado,1
skiving,1
mangledalexanderintersectionthe,1
mfl,1
avoidablyso,1
monoton,1
unpackaged,1
theoremaken,1
hugeorn,1
geets,1
wags,1
compleatement,1
gregorian,1
sockheese,1
upperclass,1
churchwardens,1
rinn,1
eratosthenes,1
capitalised,1
adjute,1
nicholas,1
alphabetso,1
languageattributesers,1
tamale,1
awakeind,1
noel,1
xnt,1
devotion,1
emsdahe,1
scatteredimages,1
couldabear,1
demingstrass,1
howeverseveral,1
redojective,1
upwells,1
possibleerm,1
moped,1
herenow,1
spaceed,1
blindingz,1
yesword,1
biglove,1
3929,1
subqu,1
infectent,1
klipsitz,1
pseudosem,1
abolishes,1
lasciviousnessii,1
tch,1
thethe,1
differries,1
juz,1
italf,1
algebraien,1
definistant,1
ansge,1
downstretched,1
sor,1
definitem,1
nettle,1
vigenic,1
aledel,1
icould,1
diaph,1
dout,1
equinomial,1
selflove,1
kier,1
16bf2,1
inductible,1
subtlicting,1
awakenings,1
finc,1
narimier,1
pickers,1
cutsinks,1
l1,1
quotientistic,1
besive,1
d9,1
brieflyier,1
rehashes,1
adduce,1
axiomoftwocaves,1
weakenedaximum,1
replacementism,1
restoreolecules,1
baryon,1
laterikins,1
codocs,1
graceaken,1
morphoses,1
afgfp,1
cresswell,1
erkel,1
nzli,1
semathematical,1
soonology,1
getshard,1
neapoli,1
amoebedam,1
riverbanks,1
grffersk,1
hehemea,1
poi,1
delights,1
dice,1
jack2,1
repay,1
fixin,1
grundgesetzung,1
macchier,1
centern,1
dp1,1
frocol,1
momenti,1
schlonecker,1
muses,1
differentaken,1
biggeometric,1
whatwith,1
electronics,1
tamarskull,1
canripes,1
blake,1
yannos,1
gompert,1
preh,1
limber,1
broca,1
interceptor,1
clarify,1
epicurus,1
agoquasi,1
basid,1
metricrization,1
evita,1
kelt,1
noneexceptant,1
endals,1
pointspacing,1
hypothesisize,1
mapset,1
harvards,1
prummeling,1
starless,1
batchesian,1
stonepower,1
relatedwood,1
schemas2,1
justly,1
3857,1
metah,1
foreach,1
encountability,1
alloster,1
trefoil,1
ptolemy,1
honorably,1
selfcountable,1
widelycounted,1
evisceration,1
musaly,1
risecylolics,1
revolutionize,1
evoke,1
perceiving,1
capablemindedness,1
9ps,1
scallet,1
captureoisometries,1
aboundspace,1
verifies,1
usedinfinityprobes,1
mathematik,1
whate,1
unionso,1
0008,1
rabbitkeepers,1
pithe,1
swimsuits,1
disountably,1
chateauss,1
71404,1
casesaken,1
szymmund,1
gub,1
afron,1
themeweight,1
azzarh,1
bigboy,1
fclass,1
symmetrics,1
seim,1
meetsunexpected,1
irinformal,1
cmmns,1
partialal,1
nonymo,1
dedetermines,1
undueviable,1
precomputing,1
monotonics,1
fraggle,1
transcountability,1
happensent,1
afterthemornal,1
theyed,1
pseudodifferential,1
jstr,1
banachiemannian,1
forso,1
quenitely,1
odys,1
edh,1
converselyimplement,1
downslope,1
gelderung,1
eveninfinity,1
wamp,1
farias,1
microfinite,1
doesobserver,1
extensionistic,1
womens,1
yew,1
biii,1
subf,1
2ff7b2cf,1
nps,1
thanin,1
planets,1
sufficientss,1
buttently,1
yagf,1
largeuple,1
conquists,1
sequentiallyiz,1
ored,1
cagliari,1
cbdso,1
easiersymmetry,1
firstally,1
sob,1
antisms,1
mstudia,1
mathematicasms,1
checkgeiable,1
comtheorincing,1
provausality,1
meaninged,1
subsetally,1
rejecters,1
outr,1
areright,1
nowjlink,1
abekind,1
bilivened,1
clword,1
roid,1
resis,1
distaken,1
unforgiven,1
9222,1
waaaaaaay,1
cdso,1
pcfques,1
dtu3,1
mathematicscontents,1
areal,1
adishes,1
fermheaver,1
dominator,1
therezy,1
impano,1
convergentrefactoringal,1
intramural,1
ricardauss,1
yeahtuck,1
2the,1
lbau,1
uaht,1
drawings,1
toonaturally,1
comparative,1
pityach,1
developals,1
010130,1
onlyivenedictory,1
noncontinuously,1
yx,1
hormones,1
calculatingright,1
alef,1
theft,1
kaur,1
eric,1
brk,1
interceptible,1
kuniemann,1
eviving,1
premetrics,1
bdbf,1
bx2,1
constructinset,1
addx,1
travaux,1
formulaivened,1
aasin,1
urolle,1
coverists,1
1000ms,1
decoy,1
livened,1
formerly,1
kalinowski,1
jumpscales,1
durian,1
dueecimal,1
promote,1
economic,1
suetonius,1
susy,1
heartsthat,1
conversationally,1
unzippers,1
supercountwise,1
withinear,1
lexisme,1
dirichai,1
lizardmite,1
steams,1
seeosis,1
removeall,1
legrand,1
beeson,1
playshrine,1
saunderss,1
orbitsky,1
bourchier,1
ture,1
nepotological,1
bentley,1
stinese,1
reinite,1
abyssesr,1
multivariably,1
geteph,1
zirg,1
rationalism,1
thirsting,1
reams,1
polyhedronbach,1
algebraiosequivalency,1
wegotthatsupposedlythosefoursome,1
readonly,1
enoshin,1
presppings,1
polythe,1
neuts,1
xpath,1
directionant,1
disencountered,1
unders,1
givenby,1
blizzard,1
bisectante,1
flinorm,1
invect,1
stillig,1
surjectably,1
springround,1
unitaire,1
revere,1
totalaken,1
multimetagenic,1
disarticulate,1
intuitiveinvitation,1
kolmogorovskian,1
definitionsof,1
glimpses,1
reffing,1
evanes,1
mavso,1
workosis,1
superemetrics,1
troubt,1
dreamsores,1
medihesis,1
vright,1
figuref,1
evoking,1
commisplete,1
bbc,1
lowsy,1
spal,1
ndhan,1
padhav,1
ansobould,1
timesalt,1
uine,1
powersetomorphism,1
6asplement,1
aloneness,1
polyhedrons,1
36d,1
yatta,1
obosaken,1
fromness,1
flaws,1
deext,1
ownness,1
pcad,1
copcol,1
tc,1
agreat,1
solipskate,1
synaddities,1
acnf,1
examplea,1
coreed,1
bsrc,1
overstepping,1
homebuilder,1
radix,1
identifiediom,1
dreadfull,1
listiz,1
rcupular,1
bagpact,1
logon,1
axiomsetered,1
mywhen,1
subtonic,1
adjalis,1
cpdcontents,1
outgootum,1
groupit,1
assumerable,1
refinedily,1
homotopyting,1
butquor,1
quasie,1
udigum,1
gladbach,1
concentratestips,1
tamarivened,1
proveation,1
wooh,1
propgh,1
13except,1
saintructure,1
mauss,1
man2dtardis,1
ju80,1
ansacking,1
findables,1
vorobrands,1
neat,1
throngmy,1
souljar,1
likert,1
yelps,1
nails,1
axinits,1
pendulumas,1
offinity,1
cycle1,1
ansbachs,1
axiomumerous,1
conduit,1
branchxiomatic,1
equinumerally,1
languidem,1
weakausistext,1
sekil,1
kapital,1
pmm,1
12nb,1
rumes,1
informa,1
buggediversities,1
extrapurity,1
ierzy,1
woodnam,1
chechoidal,1
wreat,1
poinsetticometric,1
eerc,1
mathematicallyidable,1
finactrations,1
trickiest,1
burals,1
curlyckinglocks,1
pastoral,1
statementsaken,1
kochhonghitsito,1
thoros,1
weimrite,1
infixed,1
haan,1
lulo,1
theoremcontents,1
boreman,1
thelog,1
heytingen1978,1
daguerre,1
yof,1
supersubsystem,1
netsize,1
aoca,1
induceant,1
operator91,1
specificallyamong,1
iform,1
isatrice,1
leedig,1
surfer,1
disanounced,1
decaysal,1
approximously,1
adjalinity,1
deludes,1
minlightly,1
hypreferences,1
perlta,1
multison,1
posetim,1
burr,1
trialled,1
wield,1
nonlinearly,1
intuitnci,1
assum,1
jeremi,1
queliner,1
bequeathlet,1
exponentium,1
inchespropositions,1
predomine,1
consunctive,1
approximationfraenkel,1
signs,1
spacezy,1
waterlogram,1
mediocrth,1
failaus,1
1et,1
thereimetric,1
totaleness,1
stillish,1
akion,1
leut,1
ude,1
existntly,1
zfcese,1
cardinalinals,1
identitye,1
amicable,1
branchesso,1
orions,1
yearsud,1
clothesism,1
zariskid,1
researchb,1
doability,1
subcapore,1
susanovski,1
repig,1
funded,1
biv,1
parametrizations,1
hasselmars,1
insets,1
aggh,1
johnsson,1
deletable,1
wisethe,1
foundationscontents,1
minmi,1
mown,1
rectitudes,1
badu1982,1
erwas,1
7796,1
algebraology,1
perez,1
metamappings,1
satisfiesably,1
topimetrics,1
enrelated,1
formesian,1
poops,1
preentite,1
nive,1
vbc,1
trickulate,1
signinatorial,1
mavis,1
concantril,1
fundament,1
derivativatio,1
abrasing,1
semiaccurate,1
saa,1
convincedations,1
approximizations,1
meaging,1
my5th,1
seasonsanners,1
abthe,1
linv,1
codetimetric,1
goebohm,1
powersize,1
backsize,1
pursuits,1
cowards,1
evenso,1
informalized,1
m3,1
mb0,1
monoting,1
rodavents,1
czbf,1
superchiral,1
curvy,1
ledible,1
kric,1
elmsfeldt,1
coperm,1
whichally,1
conversionso,1
siangfounded,1
enoclerisches,1
fregein,1
himself2,1
dewering,1
hehehm,1
ehaha,1
52ms,1
21974094,1
quercus,1
debg,1
thembesides,1
multiplyinset,1
permissible,1
hypatizes,1
elephantine,1
applauseworthy,1
biseed,1
heinevelt,1
bookmascots,1
dental,1
arbogast,1
wrongs,1
epc,1
oho,1
endears,1
attests,1
recapitulates,1
sausewitz,1
hisn,1
codepen,1
copature,1
frazzling,1
hcl,1
bfrightarrow,1
thecontents,1
brohle,1
untersuchungen,1
downology,1
2ca,1
utilization,1
morose,1
chagall,1
dightsed,1
brownfields,1
tomorrow2,1
motivatesuitively,1
determinally,1
differentually,1
theiveningthe,1
unme,1
topologicalzy,1
construed,1
gavarnas,1
scatteredmmarch,1
representationary,1
elliptical,1
subscreeching,1
notionrarord,1
lerd,1
outsized,1
sequeled,1
leibnizcontents,1
mengelstein,1
oursaken,1
ofd2789,1
numeros,1
me1,1
safek,1
qably,1
greateroft,1
omissions,1
zorin,1
golipsky,1
duemination,1
decompositionright,1
combinatoriom,1
arithmeticcardinals,1
thanahoda,1
logomial,1
bigalright,1
frothekelspace,1
tamar0f,1
irrefriend,1
encounteredaken,1
ceilically,1
w3,1
zl,1
alleluy,1
mengers,1
rivtained,1
1925xi,1
hfaire,1
mature,1
suprametricmap,1
early40s,1
semverses,1
nonprovable,1
andirreflexive,1
clima,1
preregularity,1
8e,1
numbere,1
metamatism,1
feelid,1
whooshit,1
antleredge,1
voyageighard,1
oudchakov,1
1484,1
connotes,1
churchhouse,1
fragehre,1
cid,1
sorta,1
evaiivist,1
connectools,1
orderwhen,1
adorning,1
waverepositions,1
dioits,1
papa,1
imposition,1
arening,1
chatter,1
consistsskip,1
2001when,1
miskiyou,1
used78,1
musterumps,1
theory81,1
equippedde,1
inconsistenteven,1
hasslehardt,1
validate,1
cffnehject,1
fgf,1
zoomindex,1
toexterminator,1
delaygetslast,1
arin,1
segmentedar,1
leerdo,1
elegantcontents,1
docounted,1
limitivening,1
urnon,1
thousandse,1
ahcd,1
secondcebr,1
aspect,1
quadrids,1
holduniverse,1
fractiona,1
discoverywhile,1
zfcen,1
banalities,1
cbb,1
rosesthe,1
foreclosed,1
badminton,1
columnsaken,1
qbk,1
resultsbf,1
vehemently,1
dislikeible,1
assre,1
nursing,1
strategieszy,1
seemson,1
pliningham,1
qb,1
aif,1
chainsheets,1
carryingedpezium,1
theoryelements,1
tensorized,1
nonindexable,1
pc95,1
quenute,1
operationsi,1
roboy,1
narrowing,1
mediate,1
infinitezermelo,1
generalistic,1
gyro,1
hanger,1
fw2,1
fzeros,1
assivened,1
brightened,1
zheng,1
trisecting,1
bia,1
arski,1
bj,1
kmfg,1
xermelo,1
cineaus,1
fef,1
worthlessive,1
cadfpe,1
ilfu,1
blokeysh,1
itias,1
disputations,1
repuli,1
4rds,1
whirlsp,1
mountainscape,1
glazed,1
antler,1
infinitez,1
axon,1
johndiologram,1
paragraph,1
bothsize,1
gehere,1
linenschloss,1
dbcf,1
wellkell,1
seekseth,1
upscaled,1
willpower,1
metasolve,1
hale,1
abcso,1
suppmod,1
1050,1
graphal,1
rosterede,1
domo,1
onlys,1
dozf,1
needpoint,1
studyably,1
farbiga,1
1220,1
mapsth,1
concountably,1
mergeswhen,1
achieveableby,1
spinoz,1
1804,1
unional,1
metametrization,1
multiplesimetless,1
multidecal,1
11n,1
atal,1
fam,1
forcingly,1
daucheraire,1
azez,1
manyhood,1
dimensionsaus,1
resistancerespectively,1
unittel,1
semizz,1
corcor,1
assertsues,1
tamaritz,1
blockname,1
duckduckface,1
explan,1
limitinite,1
attaishing,1
everychet,1
00079,1
bld,1
intarsiative,1
asidate,1
torquoise,1
obtusezy,1
coderatically,1
dconstructible,1
abilitystacked,1
ultiset,1
freball,1
witnesses,1
flog,1
disobeyed,1
supremisoms,1
humanism,1
graphrizable,1
divant,1
draws,1
amaysit,1
debaggots,1
amstein,1
himdo,1
aliomatis,1
dummiescontents,1
subract,1
redas,1
fastening,1
yindex,1
suffixes,1
calrasion,1
roleeax,1
intuitiveappings,1
lpi,1
evidenced,1
disabel,1
neces,1
joules,1
motivans,1
vastchitz,1
disguises,1
doesle,1
nullwise,1
dcfu,1
blindings,1
kolmpi,1
dgg,1
axium,1
kierksen,1
vmark,1
reformq,1
allkernel,1
posestible,1
rtg,1
ros,1
enumerateall,1
ufh,1
sombre,1
pmbc,1
shoulderinks,1
plots,1
demarest,1
mapv,1
motivatorsaken,1
ischaes,1
rangeed,1
georgi,1
beanow,1
bourass,1
identifiers,1
directsight,1
foundet,1
habe,1
subloop,1
logetric,1
krizlowskis,1
polytheneal,1
maxeductively,1
rudman,1
courtesabium,1
upsilon,1
soluetrics,1
findurable,1
2o,1
babe,1
physiological,1
unpacksimilar,1
paeas,1
maxindex,1
cofane,1
wanir,1
legolds,1
deleuze,1
closedset,1
prudentum,1
contigjection,1
1419,1
pbkg,1
cdgb,1
unclosed,1
erlangenk,1
cume,1
siphons,1
brok,1
2e2,1
taketo,1
mapstew,1
minework,1
subav,1
eternities,1
bisectes,1
rides,1
snowploitation,1
hemi,1
ological,1
ocupucci,1
teague,1
brageless,1
hamlin,1
stoneic,1
caledonia,1
voil,1
disoperati,1
preamp,1
wendys,1
hexata,1
tightly,1
othernor,1
hyed,1
quantites,1
makinson,1
enhancing,1
provingable,1
wayspietskowski,1
sthere,1
wearso,1
beliefin,1
updatethis,1
uncor,1
olbm,1
ideasores,1
conformance,1
agglomeration,1
lightly,1
cfcard,1
randomperhaps,1
gand,1
odious,1
promontory,1
bisectic,1
pseudiable,1
bimplement,1
bijections,1
recounts,1
manipulative,1
tensorably,1
absolutezero,1
usedmathiously,1
eys,1
ioh,1
weremp,1
inequalitythatgreater,1
pressible,1
rash,1
combinatorimal,1
blockmap,1
methodsant,1
codawriectorian,1
byed,1
spolem,1
monotones,1
httpszy,1
demosthenes,1
bing,1
quentum,1
incantua,1
equipsus,1
dayflowers,1
agaisyphnet,1
unifier,1
metamass,1
formthe,1
tanck,1
passkeitmeroid,1
captured,1
newzy,1
invent,1
addong,1
murris,1
metamate,1
bridegroom,1
asph,1
10uous,1
qualify,1
evidentiation,1
ringsberg,1
del83,1
inlet,1
flooooonz,1
perioper,1
kalamos,1
allocentricimage,1
redum,1
subscenometrywhen,1
elementsb,1
uniqueto,1
edelsteins,1
closedloop,1
nfaken,1
knuckledocks,1
entailed,1
mathilda,1
tanners,1
unomorphisms,1
10l,1
mdimensional,1
reproduced,1
bernaysum,1
ckym,1
cfeh,1
insteadoenable,1
insightient,1
serializable,1
levines,1
sawtooth,1
rodger,1
pkb,1
enactments,1
gf09,1
limn,1
fastenedaxiom,1
eqmy,1
rejectivism,1
supremumality,1
uniformization,1
macropostulate,1
tidbit,1
saidle,1
blundels,1
verveumer,1
interlocks,1
cheerio,1
6oy,1
lattitude,1
differenceheine,1
7pb,1
9f,1
littlebehold,1
heinelder,1
usemathematic,1
sickly,1
rednfax,1
blaming,1
asada,1
foundallex,1
holdwhen,1
meditations,1
qwerks,1
againphishing,1
hardlier,1
edgeless,1
ahzskull,1
googol,1
manuscripts,1
aorata,1
findone,1
tractates,1
amounten,1
opopano,1
observers,1
abn1,1
laughably,1
canisknih,1
baed,1
onzy,1
frown,1
195,1
hane,1
aptn,1
spokers,1
simulby,1
brodel,1
ataraxisy,1
analogwell,1
shuffly,1
murakami,1
frodd,1
xcould,1
balled,1
profice,1
designata,1
posninite,1
dujective,1
reclusive,1
counterespidence,1
limp,1
multiagg,1
upcastors,1
3509,1
1gn,1
355036,1
symbolical,1
andavistic,1
itstitched,1
letos,1
ballat,1
heydari,1
theonomy3,1
starzy,1
systemsically,1
shizue,1
theorem5,1
foundations84,1
statementifier,1
correspondence89,1
obtuseffortional,1
kashentops,1
han,1
mooresian,1
systemantics,1
modifiers,1
dwarves,1
camarader,1
neery,1
imperossible,1
mycomplete,1
5rd,1
constituentscontents,1
soon68,1
unicef,1
bloat,1
mathcalate,1
posten,1
fzzage,1
stringification,1
comma,1
limestars,1
amelgment,1
ananta,1
definice,1
makenumberaus,1
atasm,1
typhiens,1
tryharded,1
mathematicssausdorff,1
workaroundsso,1
logeois,1
logarithmacys,1
angust,1
suppositional,1
theoretists,1
equilisacy,1
keynote,1
thoughthe,1
subhyp,1
inemphalpsy,1
offpoints,1
dosomething,1
righte,1
mathematicae,1
aufgrundliche,1
ltigkeit,1
antich,1
gbg,1
och,1
whydnt,1
tan1,1
6icomatic,1
credo,1
tranced,1
slavisms,1
kaliningen,1
theoreticized,1
partc,1
unscaladset,1
debawere,1
diatoms,1
kleiners,1
abian,1
pyds,1
commonprinciples,1
hfb,1
meys,1
methodses,1
gattasio,1
waltz,1
abilitiesed,1
dowser,1
pizarro,1
objectification,1
unbelievable,1
nivenings,1
itumber,1
variantic,1
trivialized,1
cointhe,1
chowlo,1
amountsuitive,1
17or,1
definibus,1
subaton,1
bests,1
elaps,1
colloidal,1
1919,1
ornaments,1
ubiquiased,1
subramak,1
mooreaire,1
emboded,1
spectrically,1
derium,1
successorhood,1
superatten,1
finitismary,1
principle4,1
shownipsar,1
autocorrelated,1
representothetic,1
togetheraken,1
precomplementism,1
evenbeen,1
forthcoming,1
chiveau,1
containedata,1
suffjective,1
tangentially,1
shouldbe,1
sleeves,1
chainsaws,1
liveaway,1
fdgbf,1
bpbcaken,1
propcontents,1
particle,1
exponentiate,1
lisps,1
chateaurants,1
camarisk,1
extrication,1
tue,1
kirk,1
fadsah,1
overcasts,1
bowl,1
andute,1
nephilite,1
formulii,1
ese,1
gapswhat,1
geld,1
mathematicom,1
saxony1,1
commot,1
6a,1
havingchaken,1
entprend,1
anyx,1
enumeratedancedness,1
shins,1
httpcontents,1
efg,1
violentlyaken,1
aos,1
bookwith,1
segmenting,1
awakecht,1
havelt,1
vordung,1
lieh,1
changesaken,1
gracedanced,1
agod,1
logotional,1
whirlpoollone,1
dedektig,1
gotch,1
preordensets,1
instinctsiv,1
30ms,1
couch,1
hairdryer,1
stanzas,1
groupsifier,1
theoryzk,1
consequent,1
finites,1
neccessary,1
customization,1
disassociating,1
attobox,1
multiverseatics,1
boseman,1
40k,1
boltenberg,1
humiliatediii,1
xic,1
stwe,1
upmap,1
foriddles,1
redounds,1
thathkaki,1
smurf,1
givening,1
numeratorational,1
cutasimetrics,1
concord,1
toff,1
leersoilungen,1
pointe,1
unpack,1
ofitude,1
2adj,1
pickn,1
7cf,1
plateaus,1
ofkantos,1
finitisimality,1
weatherites,1
alphante,1
inf3ulate,1
feelings,1
haplographs,1
algorithmsonde,1
spectrolabe,1
cattleams,1
retchistsad,1
ideacontents,1
covinatorics,1
greyberries,1
periomatic,1
planarizations,1
goodhart,1
gcda,1
pset,1
dlsa,1
waysyoull,1
combustion,1
ringserlangen,1
cryingoops,1
fromthat,1
zenith,1
mergence,1
conspirici,1
lechery,1
grothendieckian,1
guideway,1
nonexpelled,1
unfurnished,1
disdainful,1
calih,1
subdist,1
resideate,1
beginglo,1
sufficiency,1
addant,1
entangling,1
reentering,1
xnograndithmszy,1
fdk,1
combinatorietvually,1
discontentrelches,1
liebig,1
adjategies,1
eriks,1
traumatically,1
caustic,1
prevails,1
simpson,1
itselfcd,1
shales,1
erectis,1
startsle,1
quarter,1
effed,1
misconstruedto,1
jliener,1
cess,1
dozzier,1
fadebeating,1
repealed,1
nonperform,1
hamptons,1
muchling,1
metaach,1
disarray,1
broding,1
uses93,1
tdm,1
trisectorality,1
conveuct,1
subsatik,1
trent,1
kleinmas,1
inights,1
10c,1
tynthesis,1
frontings,1
monomolecular,1
volta,1
swetti,1
tamarsky,1
bedams,1
losscontents,1
compactible,1
ciiner,1
bellsanding,1
minifitted,1
bfs,1
kaufman,1
badfor,1
heuge,1
fbfcs,1
packages,1
torii,1
cp69,1
superfallaces,1
42k,1
robbed,1
nonesuchus,1
againto,1
onesquareness,1
restrictionivened,1
interoperate,1
differentlyable,1
bitrary,1
castigating,1
truthin,1
tensorbernstein,1
minidrametric,1
bermelo,1
ego,1
innitanced,1
crespi,1
quasimetries,1
skins,1
exhaustible,1
enterszy,1
archons,1
mmp,1
caseologically,1
setsm,1
dualtheory,1
writtenowski,1
has2uloprove1,1
leafy,1
gagettis,1
concantensals,1
flanked,1
ipb,1
2897,1
completionthe,1
mcgh,1
deadly,1
ultrainfinite,1
pseudointuitive,1
codeps,1
existorjust,1
tamal,1
ultimatative,1
microinformalization,1
disdition,1
ap3,1
morganaire,1
fag,1
naiveen,1
limitkant,1
vorobendienst,1
illung,1
derlex,1
bolunder,1
continuedh,1
renata,1
directionless,1
hungari,1
groupinquivalent,1
gez,1
agoine,1
fascher,1
whichcontents,1
meereret,1
pubmed,1
blacklisted,1
passimat,1
pseudocommensurable,1
busierorder,1
plumespa,1
astrolabe,1
zzski,1
mozendian,1
equiangulation,1
waraken,1
normsc,1
fib,1
pfag,1
plusones,1
skyview,1
bezel,1
requiredilling,1
superfluizability,1
knowcd,1
suping,1
belowaken,1
deciphered,1
abaa,1
predetermin,1
arks,1
conceit,1
failugestid,1
productgiven,1
yaha,1
superqualified,1
countant,1
hammingsc,1
clave,1
trueall,1
ceiligan,1
slapheads,1
teabaggers,1
vx,1
honesden,1
coproluster,1
delightingcontents,1
shallxfrac,1
abda,1
bulssbcfu,1
becausezy,1
cq,1
sentitively,1
39m,1
stateized,1
supercomputer,1
betweenamazing,1
aved,1
eahn,1
zorna,1
kaliningradnaya,1
multisettivism,1
hos,1
sequencex,1
includesesbits,1
lso,1
impossiblehood,1
squelch,1
gcn,1
snallctormyra,1
metamax,1
loloticalcontinuous,1
wendyaken,1
elsewhereaugment,1
encolab,1
polytheism,1
dialling,1
flic,1
riiq,1
modelability,1
problematization,1
dayadhv,1
leavese,1
bugen,1
pipeline,1
tooling,1
axiomhood,1
formssspik,1
as1,1
kbausdorff,1
fasterets,1
clustw,1
g2,1
nonreflexible,1
myjookiesontterrorscontents,1
birthnaturally,1
volopen,1
autorels,1
hieronymoch,1
underwhich,1
fym,1
brodeston,1
enginebuilder,1
rediscoverability,1
dictator,1
minister,1
succeedown,1
slaped,1
prudence,1
intracticably,1
orderible,1
computes,1
functionwhen,1
afterimageshein,1
tsbst,1
coextract,1
equipsments,1
boundedomial,1
rampne,1
brontique,1
photomath,1
skredekind,1
schriff,1
yeahhaha,1
stateset,1
dcfs,1
distributivism,1
woeeee,1
positivist,1
determinary,1
tryalling,1
improvisn,1
mumble,1
nampl,1
preequivalently,1
integram,1
fastki,1
unenlightenment,1
exponentity,1
hierarchyquizzes,1
theoriesgorithmic,1
stainedkites,1
gild,1
worseat,1
encephalets,1
quadrack,1
lqattock,1
thislder,1
fermier,1
frills,1
varyingau,1
macf,1
iding,1
laplander,1
richesge,1
unabridged,1
kmdef,1
chorographically,1
theresh,1
sso,1
ida,1
livingah,1
h2,1
aeolian,1
everyiable,1
dhe,1
1893suppose,1
mardim,1
2d3,1
largeoted,1
o1,1
vardoch,1
arp,1
boundedset,1
ellwood,1
ofic,1
pseudoravariasing,1
arvanishing,1
sreconstructed,1
slantaken,1
hely,1
hausdorcker,1
subdashes,1
anomalies,1
loinsert,1
dedel,1
hallows,1
nonexp,1
soc,1
enumerationcontents,1
transflecting,1
zerosif,1
itemate,1
codone,1
infinitables,1
useor,1
membershipacy,1
orgger,1
creategreat,1
smack,1
malice,1
frequentlyacking,1
underclassified,1
peatinghausdorff,1
fraedich,1
hakenheim,1
exponentati,1
judging,1
replays,1
lambnon,1
spacet,1
cantorz,1
ofingarten,1
pigeons,1
compress,1
metapack,1
selfindex,1
hartwig,1
closeens,1
cpfc,1
laurents,1
signiterability,1
repet,1
aiomatizing,1
18t,1
100n,1
neighbourhoodships,1
argumentators,1
ohloyes,1
easyso,1
erexplanets,1
weaklycontents,1
commensually,1
infineif,1
breasts,1
ital,1
lightsaber,1
duel,1
trainability,1
nowbored,1
kata,1
glistened,1
sveen,1
qiu,1
quintuple,1
eveniomore,1
intxes,1
isenpages,1
curvesness,1
tunguskapien,1
zahn,1
haii,1
lul,1
toffler,1
enthuses,1
correspondant,1
repeate,1
naturalization,1
schopenbaud,1
irreducibility,1
superimposes,1
acbg,1
loweriable,1
walkers,1
incidable,1
irre93,1
relationshipshfor,1
joiningzy,1
multiplesomorphisms,1
subslicises,1
bigbf,1
ortoff,1
haviers,1
fingersthugs,1
mavrokoy,1
voyaged,1
izons,1
premodes,1
couldivened,1
quadright,1
hyperb,1
noneof,1
tilland,1
wreathss,1
substratum,1
asmettin,1
cmf,1
legurier,1
dbfg,1
explainings,1
fave,1
theoremsuppose,1
ceiluminosity,1
cauchyianschaften,1
idiomatical,1
posinities,1
inequalitycontents,1
pseudoimposed,1
emptyu,1
boundsality,1
properinals,1
chinesreos,1
acgbd,1
izelet,1
binaryrams,1
havelab,1
nephilistine,1
delquad,1
gded,1
ps13,1
onesquat,1
snugs,1
partials,1
semiplicative,1
meteors,1
tamaroff,1
proclaimy,1
teachable,1
trius,1
answerswell,1
sandboxes,1
unhitched,1
monofinite,1
adjste,1
relativeumption,1
discreditingive,1
subsituses,1
arvo,1
muchaing,1
hierarchiesin,1
encyclopediaalphabetoclet,1
regardredge,1
whatsberrymn,1
bexiology,1
relativized,1
wg,1
funnaturally,1
pdis,1
backcyclemorphism,1
clarseness,1
omatic,1
momentsy,1
choiceant,1
ifsets,1
trefoils,1
deformably,1
origan,1
pkh,1
chick,1
convescence,1
typesics,1
tod,1
ntr,1
impleringness,1
despute,1
cofthru,1
qfor,1
extramarinescing,1
failafe,1
bags,1
thoracicke,1
tiresizesitz,1
alis,1
twenge,1
wereas,1
quenks,1
wadges,1
definators,1
frainge,1
positionally,1
conlog,1
goats5,1
lewontin,1
indexeditude,1
writet,1
abbg,1
constructionructure,1
fofthe,1
nontrivials,1
gen,1
ordinalsacy,1
chuck,1
kurzelnick,1
unpredicose,1
axiomarchim,1
jgf,1
overrightarrow,1
thoughtorial,1
bolzomatic,1
iain,1
predate,1
ezeanu,1
pklexclusivity,1
subsetiom,1
sublike,1
infinitiv,1
lengthly,1
klevel,1
codomainwise,1
partitionsarithmetic,1
inates,1
dragonsodown,1
nanosem,1
logallthe,1
isnivened,1
lebesarks,1
vajarnis,1
aedg,1
cobe,1
misko,1
cozying,1
thiswhen,1
acne,1
nymphed,1
promisingness,1
tuitions,1
doesking,1
reasono,1
supremacy,1
busiem,1
geschitz,1
newcomerc,1
ordersheets,1
marlog,1
afghaninite,1
allright,1
terminusiskirt,1
postulatejection,1
fairlywhen,1
hde,1
tfies,1
warps,1
frtoo,1
omon,1
dicalx,1
decan,1
incheslt,1
manyave,1
weekly,1
tso,1
erring,1
locu,1
logarithmites,1
forma,1
aggravariations,1
powerlot,1
combiners,1
krizioni,1
backstretch,1
branespink,1
hdgh,1
castorelograms,1
susannas,1
howlin,1
surimating,1
quasimetricning,1
quadrilateria,1
quenescence,1
overdream,1
mathematicsic,1
monkorm,1
moonbridge,1
dermetric,1
organal,1
evinci,1
bemy,1
dealingihuge,1
apas,1
0x10n,1
andhow,1
boblins,1
jacks,1
unexpectedly,1
injectionation,1
dbfd,1
occurright,1
lei,1
introducedprov,1
correspondenceality,1
sogiven,1
suffuces,1
awakegh,1
pcp,1
iogon,1
ofary,1
proviencing,1
ieberg,1
1rightokeline,1
toothpick,1
cardinalitiescontents,1
asiu,1
footed,1
quasiequivalence,1
carcio,1
proveauillettes,1
maint,1
hererector,1
snobification,1
nowby,1
benedikt,1
cordero,1
allonymously,1
pickle,1
upperm,1
leavingaken,1
unendliche,1
batha,1
largeitudes,1
crowd,1
supersensitivity,1
footpaths,1
brands,1
pqc,1
erdington,1
did5how,1
dof,1
elt,1
roomname,1
vollenden,1
sojourner,1
groupaken,1
blount,1
togetherwith,1
belowgiven,1
fingersbehold,1
onwhose,1
gravita,1
appliedivism,1
roud,1
shaming,1
lawm,1
sinentare,1
openets,1
nivenement,1
unquent,1
aieronymo,1
bezzer,1
divor,1
bter,1
gracecontents,1
performers,1
subthorough,1
ordinalal,1
intending,1
nian,1
countableoften,1
amthe,1
powersfrom,1
pucker,1
eternalating,1
writene,1
complementive,1
travellingonglass,1
undoes,1
danish,1
emptys,1
fhts,1
clustish,1
latticereentrant,1
ordersings,1
mme,1
gfermelo,1
spacealgebra,1
bothered,1
shapelifts,1
binaryata,1
theyals,1
carpetongrelch,1
fatteningupon,1
joyrides,1
continuumm,1
approxmersion,1
upin,1
laces,1
infinitylets,1
macintosh,1
vect,1
normalso,1
constructf,1
buildgh,1
wffker,1
countidable,1
decochs,1
abcdl,1
definities,1
pitlike,1
massed,1
steeds1,1
agkzag,1
correspondencegebraic,1
repartition,1
formhlerism,1
numbervalued,1
ethere,1
pliband,1
pudding,1
weakbut,1
jiiiii,1
scb,1
ra2,1
wirthright,1
anisies,1
chebyshevic,1
swami,1
gc2,1
shantelac,1
byline,1
stayseth,1
peculiarity,1
ofso,1
rampollutory,1
elursion,1
ruefully,1
moosey,1
dozzie,1
joinzy,1
prescribed,1
ongb,1
pipped,1
classbook,1
angebras,1
tremblingproving,1
lastistics,1
themselvessuch,1
wayhead,1
specieset,1
anioms,1
illusionaken,1
kjfc,1
sk20,1
primum,1
whortle,1
problemgbc,1
wgb2,1
homehypenets,1
spit,1
kto,1
subsphatches,1
clanging,1
onkelstein,1
inaus,1
integrally,1
aligos,1
3by,1
gausszy,1
sivening,1
0420,1
bisectability,1
kolbogen,1
hof,1
goodnight,1
streamzy,1
goesright,1
indexofa,1
auld,1
syne,1
pseudonymate,1
inordium,1
zephpress,1
ignatii,1
nperm,1
placer,1
flattery,1
stata,1
trifles,1
cardinalh,1
monotrope,1
byes,1
pentage,1
unencountable,1
bilateralic,1
transtherization,1
blueorkid,1
overgeneralizes,1
powerrightzorn,1
exponentiatedsets,1
befetish,1
protecting,1
conicrary,1
chainings,1
withage,1
wilfried,1
defina,1
mecklen,1
arithmeticsischen,1
smoothus,1
iamdefined,1
susplic,1
dugabian,1
lugs,1
ansiffe,1
briges,1
predicativity,1
linearizationskipping,1
propertiese,1
sply,1
evossible,1
proentate,1
prineorphic,1
premit,1
applicationspace,1
driveand,1
battered,1
nonbijective,1
putarrow,1
someton,1
abeg,1
primarilycontents,1
reindent,1
superbdb,1
gummarss,1
proofscheckeriest,1
xets,1
opof,1
oopen,1
2034,1
followfrom,1
subcomplexed,1
limitated,1
adjunctions,1
formates,1
quadrifts,1
indeterministic,1
keffrovine,1
reviation,1
ahhhmann,1
macdonald,1
804,1
directlyelements,1
sievers,1
knotwise,1
lmgb,1
mclumberd,1
justice3,1
collinearif,1
metacontin,1
ordeal,1
ultraviometry,1
combinatorally,1
thinning,1
qbe,1
lecyclic,1
grindsmyinsightidle,1
connexion,1
evictively,1
decorators,1
univers,1
capric,1
involvement,1
underspace,1
byf,1
bitcoin,1
frege23,1
upkeaning,1
hitler,1
sosostrischiato,1
visionless,1
doit,1
lettermet,1
ethic,1
contrapass,1
riemannan,1
tamarindave,1
convercivism,1
soh,1
raichles,1
kwn,1
antihieronym,1
lamella,1
rustol,1
qubes,1
saidy,1
augusti,1
thanii,1
4aus,1
thereop,1
notesvfc,1
wad,1
againare,1
relatik,1
apad,1
yearbook,1
ceda,1
mehr,1
barnfl,1
unspam,1
lengthless,1
rtd,1
worksan,1
everyaken,1
boreregular,1
ienumerable,1
opsty,1
anonymos,1
frahlin,1
penitent,1
cozy,1
defenden,1
reface,1
leglano,1
multisector,1
finitum,1
partitionsof,1
amari,1
fastenstrate,1
volal,1
subtractives,1
setset,1
tamarindig,1
itsomorphism,1
volokh,1
ahl,1
peaph,1
nonecimal,1
delft,1
denselets,1
couplely,1
cantorstrass,1
sobelbach,1
gamsberg,1
tendernessfor,1
codify,1
frae,1
viewerpower,1
alighting,1
kolseth,1
ocupoyntries,1
fingerflips,1
0fiddles,1
chocolat,1
18s,1
ciii,1
abwhen,1
radamese,1
transversic,1
limset,1
keyhole,1
smattering,1
defsketches,1
forloook,1
beuffle,1
profusively,1
s6,1
abandoning,1
skills,1
leditionally,1
extensionsed,1
vertexally,1
quotientrization,1
delimetric,1
vhardening,1
proveitereum,1
weaky,1
benedicts,1
tripscyclic,1
pseudoblog,1
heygon,1
jan,1
1605,1
cob,1
applyingcontents,1
hercules,1
kanu,1
quercises,1
limpling,1
generalizet,1
pastures,1
automorphically,1
teuple,1
simling,1
totopics,1
minified,1
manyshelts,1
iscz,1
mediadic,1
plenome,1
oy,1
subslice,1
collectionsof,1
linkel,1
otimes,1
ltpi,1
tamarick,1
uncheckable,1
sails,1
nereph,1
subsystem,1
capacreated,1
gliom,1
blackian,1
suffent,1
specializing,1
summus,1
jumpset,1
subsequenced,1
abidf,1
logarithmeting,1
conciliatory,1
lenality,1
yarn,1
snoopscrambles,1
scamps,1
estimationpotential,1
vending,1
inai,1
kreyssat,1
mathematicaus,1
falseaken,1
canally,1
youtuarily,1
cockrel,1
sadnesseth,1
dislikeis,1
intoone,1
assup,1
xi4,1
abm,1
tarsie,1
uitively,1
equaln,1
typesetting,1
thereto,1
radif,1
dickollocks,1
isence,1
5x20,1
unharmed,1
maxwell,1
inventors,1
disa,1
dayoyaki,1
dowsett,1
inserted,1
scared,1
mayier,1
standardet,1
desim,1
complementist,1
solet,1
tg,1
squires,1
1600,1
superconvex,1
afteredown,1
ctj,1
generas,1
ipad,1
statefulness,1
alleability,1
ghw,1
exactrilogue,1
balsy,1
metructure,1
zernic,1
88s,1
semidefinite,1
lodorf,1
indexings,1
boe,1
parav,1
byigones,1
schoenhardt,1
dragon,1
ckering,1
lemurs,1
tempestuousarns,1
gfpd,1
qrnb,1
burgos,1
4whence,1
countableset,1
abpc,1
orderomorphisms,1
aggots,1
bentotoms,1
lik,1
graphis,1
uge,1
xists,1
flungals,1
thenh,1
blabber,1
howeverwise,1
addictions,1
unfilled,1
consistentle,1
properness,1
foranas,1
whithre,1
ziii,1
dingulum,1
heartsbrokenness,1
metrics18653,1
huntingfor,1
distinguishibles,1
idenfahrtheim,1
subexamples,1
ifis,1
millionsaken,1
poincarskis,1
upzy,1
useiative,1
l4,1
illiterate,1
aodxi,1
austrian,1
navperhaps,1
8x8variances,1
augustivening,1
bfreck,1
parkball,1
typesimal,1
outly,1
applicableby,1
conventionie,1
concatenating,1
subrilateral,1
diskitave,1
isasiadic,1
technicalities,1
oarschul,1
designates,1
bookchins,1
sentense,1
polarities,1
concomitifies,1
comaturally,1
motivate,1
measuresso,1
finitegrundsenge,1
linde,1
from2,1
convexe,1
quantistically,1
farley,1
alexandretta,1
rubbish,1
rtb,1
clothesline,1
sindexes,1
schoolockszy,1
preconstructive,1
twittered,1
ypawhe,1
newtonian,1
coupled,1
mires,1
wisewhen,1
hamburgare,1
bima,1
testicity,1
heteronormativity,1
speche,1
sixteen,1
vcf,1
madstasie,1
fenestrations,1
fitions,1
robotically,1
quantemap,1
unclosedso,1
ihzy,1
ansariative,1
gee,1
permissibility,1
ag92,1
cfb,1
bugfoam,1
minigraph,1
metainformation,1
crackcard,1
shhhhh,1
arithmically,1
antibes,1
ire,1
banachnet,1
abdias,1
2071,1
hissed,1
numberre,1
beinvariantif,1
memorable,1
alwayslast,1
oster,1
notionively,1
misapplications,1
upregional,1
100b,1
encountere,1
klimtau,1
udelaik,1
pseudogenetically,1
deflate,1
semasets,1
quanta,1
studiedthe,1
chainsram,1
proskolem,1
sokaratama,1
relativeto,1
coarse,1
repotation,1
sardibulum,1
multilay,1
yermelo,1
useative,1
discredges,1
zfekimal,1
arithmaus,1
holed,1
ultramathematics,1
kreuzel,1
5195,1
unt,1
diminimum,1
onlyedamus,1
ofabic,1
fmod,1
goodbyemy,1
donowhere,1
marinersall,1
zir,1
flesomorphism,1
thoughably,1
carditism,1
themreetpez,1
oneis,1
duringium,1
boycot,1
doesintuitive,1
blackmarsh,1
howeverf,1
plainithmetic,1
flcountable,1
setlessness,1
amiom,1
meetsus,1
1001,1
abtoamming,1
kondratimidski,1
equallyilometric,1
wholeom,1
tamarsay,1
arlimartes,1
regains,1
swain,1
writteno,1
combings,1
provaretic,1
zariskiques,1
jerome,1
gpdfish,1
regardively,1
anom,1
amended,1
transunicole,1
disdorm,1
supremset,1
2iii,1
ansamian,1
vyk,1
lopsided,1
adjabilism,1
deletives,1
autorespending,1
xodes,1
uponby,1
algebraification,1
grantedees,1
donenabine,1
philosophys,1
atb,1
mediasing,1
lastek,1
semicount,1
coinedcontents,1
gnomonised,1
onlyvalued,1
upsemetric,1
rifewith,1
coke,1
pass0n,1
assuredly,1
yoms,1
converselybil,1
lagarde,1
idiocy,1
ateliers,1
jagannathollars,1
wayyyyches,1
notarized,1
countertext,1
abgeres,1
operationzy,1
irrationally,1
langt,1
simlers,1
quanty,1
shugs,1
cardinalitieskronikov,1
ahacking,1
lexfored,1
extensionial,1
contencing,1
uelements,1
dorfman,1
wouldnthe,1
thatall,1
asic,1
simplimizes,1
albigrap,1
minster,1
workom,1
improveds,1
sosweetarch,1
loquearia,1
lovesicknesscontents,1
identigence,1
pneumonia,1
iany,1
cardinalityright,1
removees,1
entitiesivened,1
irredugens,1
complexs,1
organn,1
metastratization,1
narwhal,1
suffle,1
okata,1
spellwants,1
identicalwhen,1
picking,1
tamox,1
triplet,1
underhood,1
lesswelling,1
generalizedfrom,1
keyrheine,1
largegiven,1
toolin,1
3chirality,1
cityquaken,1
leop,1
keyzy,1
discretize,1
envoyaging,1
doilies,1
odcontents,1
backid,1
intuitiveending,1
plotting,1
filterson,1
dithmosis,1
expansionulo,1
disferences,1
presense,1
41k,1
orbitsfor,1
universehood,1
divinatory,1
notionaken,1
visualizing,1
reparametric,1
semialgebras,1
subball,1
prozac,1
concurrentizer,1
intentionally,1
attnam,1
locude,1
sublinguosity,1
laudano,1
unamathematical,1
mirabeals,1
sinceright,1
tanar,1
followsaken,1
contrarily,1
orne,1
pellionaire,1
dauberstein,1
pty,1
effimum,1
dreamshadowed,1
whereupon,1
backtupping,1
aceso,1
complementinhibit,1
consideredw,1
armada,1
produceinfgrand,1
number2,1
consistingof,1
propert,1
indexednesselements,1
superbes,1
lkommunichstellung,1
coincurrent,1
yourore,1
cdszy,1
nausea,1
slowlyifies,1
incentives,1
mackin,1
freezy,1
bibliography,1
lapels,1
boinc,1
hamz,1
tamarassa,1
scalare,1
indexation,1
antisymmetricrojective,1
supercheck,1
discourage,1
akencountable,1
nfcontents,1
largea,1
leadsenning,1
databases,1
provev,1
tribble,1
abof,1
partakes,1
cardinalit,1
manive,1
compelling,1
existencehlimit,1
onlygh,1
metannheim,1
dooming,1
accuse,1
noempty,1
bcaps,1
neal,1
plating,1
submap,1
belongsens,1
manliness,1
agenously,1
rationalisms,1
chirpeth,1
preheathenics,1
haskelt,1
rav,1
geobe,1
gfe,1
chateaesthesial,1
wrongdoers,1
quadrillion,1
luc,1
abchnaken,1
ceih,1
indiscountably,1
stretchy,1
representibility,1
trueed,1
takeon,1
noncemappings,1
contabularies,1
capablecount,1
infank,1
lisle,1
hugeness,1
roug,1
arvit,1
gorel,1
shahii,1
finals,1
outqu,1
kamma,1
9to,1
planeunderbody,1
pentacle,1
rootsappings,1
srtoster,1
prealgebra,1
scaggons,1
commitmentivened,1
nullfalse,1
theeare,1
microinf,1
beendh,1
camaros,1
owes,1
partto,1
aushum,1
ofnowthere,1
doctorne,1
grundgesamt,1
theoryausaymphematics,1
ally,1
copperfield,1
limitous,1
setsakenzarks,1
blacktop,1
kmz,1
jq,1
satisfiesiv,1
subpths,1
firstke,1
inducediomatically,1
ceterisoms,1
noochriner,1
bmr,1
derjust,1
grothendyck,1
lifeaces,1
formulaea,1
wantedat,1
cousteaux,1
convexness,1
veal,1
joquearia,1
nucleorel,1
fd8,1
fermilms,1
producefirst,1
millians,1
4i4,1
finitesince,1
graphcomet,1
jocks,1
youh,1
lynchpin,1
7772,1
minimap,1
simi,1
akso,1
woodridge,1
howshall,1
revising,1
keyin,1
wffudle,1
surjectivativened,1
20mo,1
measureage,1
putfig,1
ivago,1
optimisation,1
mazewhat,1
unidentifier,1
dayg,1
hyperfer,1
stef,1
denotesable,1
fingered,1
knowiii,1
nimetric,1
mentalitywise,1
guglielmo,1
fe0,1
bendingmy,1
traction,1
discoverer,1
duringbil,1
abovezy,1
wholein,1
caliboso,1
willgo,1
propothesivist,1
decimodes,1
isset,1
pluraline,1
etr,1
moyen,1
processions,1
legaleses,1
disorders,1
structuresubrange,1
profullons,1
cmbg,1
exes,1
conjectible,1
equivariably,1
ohander,1
behere,1
corineau,1
migahl,1
bisquie,1
saysings,1
xoxoylzy,1
noon,1
becauseof,1
suprapths,1
passweives,1
finitelyamong,1
offable,1
cink,1
dants,1
mathematicism,1
1806,1
decade,1
intensities,1
organizeable,1
unbulkars,1
nothausdorff,1
hisa,1
insteadeness,1
arithmetikal,1
irrationalifiable,1
prenditions,1
commt,1
notionso,1
setsaromatic,1
jung,1
straddum,1
packman,1
vorobrand,1
blades,1
heets,1
fickle,1
mountainsets,1
feats,1
menacesat,1
suitsatek,1
singh,1
alphabetable,1
editability,1
unitarametrization,1
insteadrioms,1
hungrier,1
automataplover,1
particulariz,1
bothway,1
isulphide,1
womenopausal,1
1317,1
wantrose,1
my4,1
haridan,1
jdm,1
amazeh,1
manifolding,1
theorycontinuity,1
antagoas,1
whatsup,1
ahn2,1
nosp,1
canitnow,1
youalittle,1
definecard,1
janna,1
ninshata,1
doible,1
batchere,1
trickle,1
mahff,1
abelante,1
theorywith,1
coalescest,1
yieldingier,1
spanming,1
agreecan,1
hairballs,1
discern,1
hadass,1
sublimversesaken,1
varsives,1
subversion,1
recontextualizing,1
camillo,1
merlotaken,1
reex,1
prendetivened,1
koch,1
polyhedronometric,1
ponies,1
aversosis,1
electrophoresis,1
erupt,1
shipwreck,1
clustaves,1
nonintrinsics,1
abided,1
withatory,1
vat,1
wperl,1
bigamy,1
perfectionhell,1
propheticism,1
2suppose,1
trata,1
autorector,1
quantiomsaken,1
xmanence,1
040,1
thana,1
meydel,1
bragily,1
warmongering,1
hoo,1
aballicker,1
gamete,1
kals,1
gnars,1
comparisoning,1
paradoxous,1
dan,1
gbuntrominfiga,1
work1,1
largemde,1
nefar,1
ppf,1
pelta,1
eviscer,1
kendall,1
anony,1
canadditive,1
subsurface0,1
parsons,1
mainstreamori,1
longercontents,1
parenthetical,1
collectionso,1
holdingsant,1
supercardinal,1
dohem,1
skuldugs,1
toolzeitung,1
infitude,1
borger,1
ilhc,1
pulsedf,1
alpert,1
cibe,1
subtribes,1
typeedible,1
disantiable,1
multimetricity,1
surmounted,1
zcup,1
satisfiedzy,1
alternativelyi,1
sfields,1
suslins,1
semaphores,1
demetriets,1
kikflalle,1
mechanicalproplog,1
mauris,1
attensions,1
algorithaves,1
francaise,1
infima,1
1erung,1
mnflah,1
intersectionopen,1
eqphmap,1
nyadic,1
cdhu,1
goesogs,1
powerss,1
softcap,1
realsbilit,1
mindality,1
whonta,1
duallyadic,1
ration,1
intellecten,1
werden,1
mostnaturally,1
coincummum,1
definita,1
2575,1
dueshn,1
supremuple,1
functorative,1
movez,1
cak,1
abic,1
intendant,1
tamarithmetical,1
uncontrollably,1
pms,1
strongaken,1
dzalaviscuiteri,1
compleatings,1
profcontents,1
andosh,1
sably,1
ceontains,1
delicatelying,1
ansick,1
sableset,1
preallocated,1
corlang,1
flattener,1
giacintos,1
naivebeaut,1
theresalso,1
allreadyhere,1
filmm,1
weimar,1
anslichen,1
textbooks,1
incarnations,1
transistorink,1
schooled,1
ordinets,1
grind,1
wayfinding,1
showness,1
4845,1
weimard,1
75ths,1
denofthecartesian,1
ugensitsah,1
toolchain,1
opcontents,1
ipas,1
handouts,1
landis,1
brush,1
solorn,1
godzy,1
reeked,1
pseudogger,1
cek,1
fairer,1
abx2,1
sotard,1
propoenant,1
estrangeability,1
saida,1
inteuet,1
supple,1
shh,1
realf,1
substit,1
bono,1
misg,1
pompronci,1
newright,1
qlipschitz,1
trackers,1
handling,1
mmm,1
argueeth,1
specificed,1
1530m,1
becker,1
analysis95,1
suffode,1
asn,1
flooresian,1
knowable,1
pagezy,1
usuable,1
metonymographically,1
mapthere,1
proofsxi,1
aboriginals,1
persevere,1
theolog,1
supermineral,1
elsewhereesian,1
euclideany,1
roughlywith,1
quasipotent,1
datamined,1
ridiculousass,1
vertigosism,1
clerks,1
olpd,1
concentricates,1
agatharesected,1
generalizigations,1
3bb,1
usix,1
subordinear,1
shirts,1
buzzed,1
operable,1
jgl,1
postprequisiteset,1
plf,1
alog,1
tellingingly,1
groepfer,1
codomainzy,1
fraeningers,1
skt,1
multiorder,1
ommen,1
booleanset,1
imperfective,1
linearlyaxiom,1
zk,1
miter,1
4bb,1
hazethen,1
theoremproblem,1
replaceates,1
collate,1
badnamek,1
ofable,1
transcriptions,1
3sec,1
onceed,1
babius,1
subsalons,1
polarizations,1
seasoninloveliveanotherdream,1
bso,1
rephasement,1
formulary,1
nonmmetric,1
bwahahaha,1
ppc,1
ov,1
cubits,1
skiddie,1
infarithmetic,1
lookeless,1
duckaday,1
mislinkulo,1
godaken,1
herezones,1
dup,1
cancels,1
addedet,1
clutches,1
thoughtfully,1
multidnt,1
coining,1
normedaville,1
clbd,1
injectiveole,1
propsler5,1
detailproposition,1
skrogamescontents,1
proof95,1
mense,1
retires,1
partudasylim,1
commutant,1
stations,1
notyet,1
cartwhat,1
uncles,1
ofawards,1
motivometry,1
andiability,1
foundationsata,1
itoy,1
thatcounts,1
infinismy,1
hivened,1
interioring,1
replacementists,1
nepots,1
cozier,1
decateau,1
scratching,1
polynium,1
dislocating,1
brainsright,1
despack,1
deforbes,1
gmatrix,1
skyward,1
twilights,1
hallowed,1
parametrizal,1
gadn,1
youhlimorphetic,1
reentrapower,1
iw,1
orfor,1
knitted,1
haddeeds,1
crossvars,1
tensible,1
arisesfrom,1
nonreciprocal,1
tableau,1
axiomot,1
hter,1
sulices,1
ptico,1
assertthatwhat,1
rosynow,1
momentous,1
perishing,1
nanoseconds,1
orics,1
inductor,1
automathematica,1
duous,1
pseudojection,1
pderiv,1
tothewest,1
794,1
gnoge,1
outivity,1
bensky,1
drawup,1
enums,1
tamariz,1
sickves,1
equales,1
namecbad1,1
xlet,1
determinativitydf,1
caveets,1
bceimpossible,1
everyivened,1
countcfidealistic,1
abscons,1
explanationof,1
supersede,1
tychal,1
defineties,1
acefuel,1
elidable,1
paradoxeso,1
whenforethought,1
exponentique,1
earthly,1
tradforms,1
axiomontology,1
bartholics,1
instructed,1
cartden,1
denot,1
quadr0,1
ramparametric,1
whar,1
opatosis,1
themural,1
emphasizedally,1
naturalists,1
determinable,1
dmax,1
nona,1
eon,1
guideland,1
kalmann,1
rabbitlight,1
aditomi,1
bememories,1
gavarnasara,1
cohl,1
incional,1
doubtcontents,1
irrationalsmas,1
umbrage,1
elapses,1
ofss,1
desaturating,1
woodshedders,1
lef,1
bt6,1
demonatres,1
subenters,1
fromcountability,1
rabbitking1980,1
vacillus,1
okcov,1
strangelyheine,1
ax1,1
quantifs,1
abtn,1
motioned,1
cones,1
asdor,1
idtuous,1
colas,1
papyri,1
rbia,1
occurcontentsa,1
surmised,1
uncalculably,1
spectrality,1
uponset,1
supremeist,1
hehooded,1
poweret,1
izermelo,1
blindfreckles,1
reformatmindedness,1
ivyyy,1
simmonds,1
positiveso,1
topes,1
commissars,1
lothox,1
differentbg,1
normors,1
curvatureal,1
skolemological,1
motivatorproblem,1
meetano,1
preles,1
algor,1
painshed,1
cantorism,1
notecol,1
cardigraph,1
invisibility,1
iote,1
alx,1
freees,1
tity,1
ommenlein,1
axiomso,1
minim,1
offstranges,1
untilf,1
subpremutable,1
scintil,1
glynomial,1
geometryaire,1
sincesets,1
axiomaticizations,1
halecker,1
abx,1
lacked,1
modularization,1
capablemncount,1
dwyer,1
hypothesised,1
campus,1
massively,1
lifeis,1
amen,1
tricky,1
unhappointing,1
flapper,1
onma,1
zornheim,1
abzy,1
wellably,1
gooder,1
metamodalms,1
gypsias,1
reactionaire,1
spouseuri0,1
sequencea,1
blitzkrieg,1
sgc,1
wenheimreification,1
havezy,1
pendulumsd1,1
duckdojohere,1
distme,1
surversed,1
axki,1
nongre,1
codeshotted,1
fractionediverse,1
evpow,1
familyings,1
intellectue,1
coln,1
frockie,1
grundgesberg,1
lvars,1
pqmetrics,1
camarena,1
specificallyby,1
risethe,1
nooretical,1
iishes,1
bcdeterminate,1
wfflers,1
bribed,1
scoped,1
harefs,1
multiassembly,1
volantisms,1
encyclopedics,1
liningxi,1
hneward,1
guaranteeifier,1
ilf,1
inulum,1
provedelements,1
propondency,1
aaronski,1
grap,1
hareoffs,1
upstandings,1
howeveraveep,1
agreesakent,1
tyranomorphism,1
heartsoyster,1
ruth,1
allivandersclosement,1
christopher,1
supremosis,1
theoremand,1
anandv,1
supermappings,1
setage,1
definying,1
brewers,1
logicalum,1
hieronymothe,1
propetiation,1
hadley,1
herece,1
logitivism,1
powershell,1
unawareaken,1
lout,1
kitiv,1
palin,1
fking,1
highlevel,1
nuls,1
accompany,1
infney,1
hisattributes,1
ballisticszy,1
prequalify,1
iiverse,1
haerstein,1
countorder,1
disenumerable,1
equatonically,1
involuntary,1
axiomap,1
bnafc,1
unfavorably,1
systemszy,1
913000,1
disjection,1
tanisk0,1
lota,1
uba,1
strel,1
hammarskjolds,1
theoryumann,1
weo,1
wre,1
foundering,1
saxonyn,1
manfounded,1
fooster,1
closedrighty,1
dowering,1
musariskiotta,1
extractives,1
lovecraft,1
propagoras,1
sheolds,1
egnet,1
iscg,1
bimetric,1
inviction,1
iterowski,1
derivables,1
constructibilityproblem,1
polytheory,1
supermatter,1
homotopies,1
superbase,1
itselfright,1
dimensionscontents,1
usatcliffe,1
matterright,1
aglow,1
discriminatory,1
forged,1
polycyclic,1
nonessays,1
soxi,1
senser,1
separability,1
unrealimes,1
unrefineable,1
pestils,1
1rgh,1
q0,1
bequearisms,1
butedditics,1
gross,1
curlst,1
placulum,1
metahuman,1
fmmmmmmmmwell,1
cheters,1
posumps,1
isomorphicizability,1
anen,1
meisterschauung,1
powerming,1
themcover,1
metabotics,1
buralfilling,1
replaceable,1
apmy,1
fadd,1
whoosily,1
bcso,1
malloy,1
gladdox83,1
naturalorder,1
sendst,1
beval,1
cromwell,1
barcavage,1
needpl,1
foundriescontents,1
poppins,1
heyterstrass,1
antigraphature,1
busiestepmath,1
declusivity,1
urying,1
refolder,1
constructiability,1
hayard,1
neuter,1
appearancecontents,1
cannotations,1
doesn2,1
computablene,1
pseudometre,1
fisimetric,1
metaform,1
expectedfrombesidecantor,1
riemit,1
regulated,1
neapolitans,1
fcompare,1
drophole,1
rugeicus,1
didnoblocks,1
0101,1
2de,1
approximator,1
operativ,1
nullities,1
usepackage,1
tamarocks,1
ralle,1
getctor,1
flummoxed,1
hcrom,1
19211,1
armamentarium,1
angy,1
thrulet,1
uncounted,1
unfathomedata,1
proveations,1
legislii,1
disinterest,1
numerisms,1
llt,1
separament,1
50pp,1
ceilis,1
principe,1
ihmslinkowski,1
homosexmitting,1
picksets,1
heredicate,1
quietness,1
wenheims,1
haskellomatic,1
generism,1
sect,1
seeingeness,1
metzy,1
snore,1
passingweighing,1
overmalloc,1
mapphenomenology,1
kram,1
wily,1
crapdo,1
namefixes,1
nowarchy,1
senseably,1
disjointing,1
hypothesia,1
indiomatic,1
independentisms,1
cozermelo,1
affinitum,1
transcollections,1
ideae,1
nearall,1
shear,1
nel,1
headingo,1
subrinsic,1
orchestrating,1
productsivened,1
mills,1
hungerrors,1
inceterminacy,1
emphasis,1
portuguese,1
fulsionanelli,1
sequeloites,1
simulcast,1
centuryaire,1
ancients,1
signifiers,1
wiehner,1
assb,1
boundations,1
capriceve,1
cazy,1
tensiv,1
refercasts,1
wadgeuss,1
robinson95the,1
mocksstriking,1
clinkowski,1
convincingly,1
tryie,1
lege,1
fuson,1
cardinano,1
colliderian,1
iatures,1
xonal,1
dials,1
photologically,1
characterably,1
elit,1
grouchy,1
stinking,1
statingm,1
nowopen,1
maximawhen,1
cantor1980,1
cowser2007,1
coffeemolds,1
enchiladas,1
domainscontents,1
inundations,1
amalf,1
doneaken,1
mysteriousasm,1
shill,1
heavele,1
principleakenf,1
stirren,1
uncountabilityof,1
goldge,1
edefices,1
infinitedefinitetake,1
holdaken,1
wasidrily,1
frostsabi,1
someoreference,1
alleyimpossible,1
warpgirl,1
okow,1
buss,1
secs,1
17k,1
pns,1
abdh2,1
intln,1
increasinged,1
adoa,1
inenumerable,1
morestrab,1
microfreeze,1
ultimum,1
droits,1
guess1,1
ascaken,1
troublesmakers,1
foreclosures,1
technicalised,1
arborel,1
pertainrsly,1
squarecontents,1
minareff,1
connectioned,1
yons,1
subtours,1
renumbering,1
seals,1
supporting,1
axiomfig,1
failshardest,1
disproveacy,1
dif,1
doeszed,1
monomorphismed,1
xrd,1
suchs,1
heyg,1
amder,1
fif,1
thereav,1
goodiesquick,1
reshape,1
yavimbi,1
qg,1
shims,1
crazily,1
coporeality,1
rootso,1
wrecking,1
duangle,1
bose,1
goats,1
posjectively,1
infinitythe,1
ofomorphism,1
decrements,1
refersfunc,1
superseted,1
gge,1
ifones,1
stables,1
allosh,1
blackslaves,1
iok,1
hardcaring,1
fdg,1
createdthe,1
inflectivity,1
logic18c,1
steadythought,1
treatment3,1
dreamshd,1
4200,1
tensori,1
issometimes,1
incorrectly,1
satisfyments,1
saresses,1
balanced,1
challengemy,1
waaaaah,1
ahahhhhhh,1
equippedale,1
therees,1
erz,1
schopenhenberg,1
austrians,1
predatiable,1
persever,1
denominability,1
beckers,1
topogrammy,1
relationivenets,1
boon,1
friendsofmemories,1
ultravenous,1
supremums,1
decreeau,1
aussi,1
kornetto,1
erlangmann,1
studiomatizations,1
morass,1
categorycontents,1
assessingability,1
2mimc,1
blackmathematics,1
mbd,1
easyhereales,1
draw2,1
onlyaken,1
foxball,1
judged0,1
levins,1
secsumetric,1
classings,1
florists,1
steamship,1
asin,1
abudo,1
argumenttype,1
acceptivism,1
angles2ets,1
subsenicallyably,1
datatype,1
aeo,1
repackaging,1
butthis,1
fieldsfoundation,1
subrstances,1
foewalt,1
1372,1
inline,1
antiph,1
connaissant,1
entirelyently,1
srivipa,1
levan,1
decz,1
ille,1
collectioncanong,1
phleras,1
problemservers,1
unchanging,1
quantifiability,1
unalveary,1
kuitive,1
axem,1
limbertisms,1
powerposition,1
multiforms,1
preforms,1
isover,1
getp,1
gcb,1
associatorily,1
wienerleblatt,1
1968,1
subshears,1
recliningcon,1
radium,1
mefrom,1
astability,1
thunderbolt,1
liebigung,1
fou,1
partickum,1
groupically,1
qqs,1
xh1,1
iy,1
propelsteinte,1
yefimovich,1
apdl,1
standardize,1
disprops,1
owed,1
hambleal,1
subintersecting,1
fixedly,1
polycol,1
demusicontane,1
wunder,1
arabesque,1
asad,1
metatheetonic,1
makenheim,1
duss,1
meris,1
passsince,1
gcthe,1
coceuteous,1
nf1,1
windowaball,1
frayden,1
nege,1
escals,1
wasrest,1
realmote,1
dreadn,1
birthtotz,1
bmpqz,1
dmasetrization,1
linit,1
worthlessugs,1
12pi,1
xiomovisions,1
trieshard,1
neverafter,1
fume,1
fev,1
completetheorem,1
questioner,1
cutih,1
unitformal,1
subvigen,1
irrediably,1
susumann,1
zfcif,1
diad,1
travellingakenier,1
powersuites,1
lexings,1
meought,1
rankcontents,1
13772,1
subdividing,1
meerum,1
abfcs,1
rectilineally,1
sufflic,1
supows,1
tamballs,1
in1,1
preferential,1
ystones,1
ixlynomial,1
12pb,1
canas,1
iableset,1
mengelberg,1
beaten,1
impotence,1
shallyidable,1
1792,1
misther,1
irred,1
axiopathos,1
deficit,1
unfavoured,1
wearyix,1
axiomuitively,1
berema,1
detour,1
whoel,1
luke,1
definitionwe,1
bine,1
thoughf,1
oeaps,1
oeop,1
sensedespite,1
etcifts,1
cmpq,1
underpasses,1
supernet,1
connoisseurs,1
brimmingwith,1
greyface,1
organelle,1
zeroesmai,1
obtuseamong,1
revivingthese,1
fg2,1
forgan,1
bigif,1
scheming,1
stiving,1
metamerc,1
aviation,1
takingrightarrow,1
househ,1
snowballs,1
categorys,1
dailyif,1
kindset,1
weaned,1
quasieddipsos,1
songvalds,1
passwhen,1
hexxps,1
minimalized,1
flferrezki,1
farewellose,1
neor,1
clusteringaround,1
failhlting,1
enfold,1
andro,1
courant,1
sweetornement,1
debasable,1
factient,1
transjection,1
ineed,1
2so,1
crickets,1
unrehearsal,1
jagannathata,1
krey,1
apartcontents,1
mykelin,1
excitedly,1
inks,1
ophi,1
immutable,1
proparendrisanum,1
exactlyso,1
nonindicative,1
mcginns,1
provedelipschitz,1
lovecraftsiemens,1
bigl,1
7m,1
arctics,1
unconquered,1
secounded,1
reservoirs,1
salzburg,1
orients,1
characterisation,1
angleation,1
ivagard,1
pigas,1
4836,1
gyrophones,1
gotten,1
suma,1
startn,1
operationso,1
wavefunction,1
cb2000,1
onesephasi,1
existate,1
vulgarizing,1
automatie,1
tints,1
kinked,1
timeedition,1
ingest,1
differ8k,1
3maybe,1
capable3974faken,1
codomainup,1
actuits,1
infermickel,1
sowell,1
incomings,1
contrairations,1
crespass,1
doedisp,1
ringrization,1
ghf,1
subconversa,1
coats,1
likeminded,1
geheimen,1
withuple,1
arsenic,1
corbett,1
mapstue,1
thosesetweakened,1
outshot,1
warily,1
subsequencesn,1
susumm,1
netspaces,1
lbp,1
unreliability,1
concepteregnises,1
rer,1
kantenslot,1
porenthesis,1
newgent,1
possibilityally,1
limes,1
openset,1
entplay,1
ockham,1
buildsup,1
hypothesisrelatively,1
followsoriginally,1
disbinating,1
bl2cb,1
05zy,1
thie,1
tamarisksabeariernt,1
unitivened,1
whens,1
handkerchief,1
wanes,1
birdicoster,1
impartedally,1
allobsession,1
bcpdetermination,1
equrespondent,1
modifier,1
oakeshore,1
fraeningom,1
estimators,1
planezy,1
ow,1
ipl,1
multiversacy,1
fraute,1
noires,1
infome,1
001,1
seenhere,1
violentlyive,1
seeleyets,1
integr,1
1698,1
travellingthieves,1
semih,1
handc,1
assigningright,1
amends,1
tamarined,1
millikan,1
canthletics,1
howeverbold,1
peasy,1
modernaur,1
amitzisprogressive,1
sketchier,1
sectional,1
peanoau,1
infatleteon,1
kantripurs,1
partitionably,1
identypes,1
importanceffans,1
traps,1
fidget,1
erhardt,1
wingsets,1
doct,1
expreat,1
edgh,1
domovitz,1
evenwithout,1
macfright,1
semiperm,1
3xiradoxes,1
derivativened,1
05bb,1
convextrous,1
unorder,1
hicks,1
apir,1
cdauchet,1
suchable,1
7zy,1
aau,1
developedso,1
isorems,1
prototyping,1
buildomed,1
joysend,1
baskas,1
ooooo,1
jagged,1
bolivars,1
alphai,1
dynamoesics,1
parameterscontents,1
subtrivial,1
popularified,1
fillmore,1
abeall,1
minimalnethe,1
dimimed,1
nonink,1
conciuse,1
intuitivecontents,1
normalisation,1
thatl,1
welcome3,1
bliss,1
relationso,1
logarithmm,1
throughearth,1
chateauvre,1
yetric,1
bop,1
przybysz,1
powerrose,1
tanim,1
adequate,1
bcn,1
bamfsts,1
withrams,1
penance,1
singletonial,1
augustinearity,1
trim,1
prejectives,1
upst,1
decimetrics,1
pkinscribed,1
unionivenes,1
notionon,1
prd,1
linem,1
nbb,1
vorobedil,1
gezold,1
2gezioidal,1
domhnall,1
slavia,1
mahalks,1
lessosel,1
mapthighsq,1
190,1
overindex,1
cd2a,1
flinked,1
axiated,1
quicktrave,1
enu,1
mustn,1
insertability,1
breezes,1
bok,1
bius93,1
rbi,1
miq,1
secchi,1
oru,1
aggredacy,1
sporadically,1
factually,1
doublethose,1
tums,1
wrote1918,1
seemen,1
fractionalization,1
hardlink,1
popularize,1
supremest,1
xadditive,1
givenbyset,1
agama,1
plzhy,1
00f89,1
givesilonivening,1
outnumbered,1
nowsolution,1
beasumes,1
nonexperts,1
neoplural,1
osama,1
mused,1
balaam,1
machenzy,1
bagos,1
hab0,1
prefirst,1
homiologically,1
ainsdorf,1
spinozetti,1
makeilateral,1
mayfield,1
kulers,1
clindamy,1
ceison,1
regularism,1
objectiom,1
statisticians,1
enabletered,1
uniquenessrelativity,1
formulajoin,1
poincarsive,1
jigoku,1
coroutine,1
inberg,1
highstorms,1
kdf,1
subbanks,1
modesty,1
notall,1
abscribes,1
lebi,1
ipop,1
dedu,1
ohbg,1
unworkables,1
february,1
111789,1
shrinketime,1
fatalfor,1
barendian,1
interexamples,1
marries,1
countsenance,1
rtn,1
undertheory,1
alli,1
aximacy,1
polyhedronized,1
heyfer,1
hellish,1
acbco,1
codebreaks,1
cadavers,1
skolsom,1
clasaucis,1
planezecker,1
perishable,1
courses,1
ahcdk,1
ega,1
jettisoning,1
clrunch,1
plucked,1
continuityal,1
xfer,1
intune,1
fl1,1
vosese,1
ioci,1
pseudosentivalence,1
mok,1
klein1978,1
willopient,1
npivened,1
reassessment,1
coprt,1
adphacy,1
evaluations,1
vold,1
connot,1
aaaaaaaaaaaaaanother,1
usedaround,1
avoidably,1
topless,1
laggingrelative,1
physicsqm,1
coning,1
wurshed,1
priorsquare,1
axiomu,1
finaglinsuppose,1
ruleso,1
infiniteorder,1
superscopic,1
forzequiz,1
erlangenkult,1
chien,1
normalizing,1
centersivity,1
lebigarn,1
logarithmicor,1
deuteos,1
commending,1
disjoin,1
hereunder,1
euclidxi,1
afire,1
generalizationsivened,1
poisoned,1
constr,1
3691,1
gallantiv,1
bearings,1
1920definitionsings,1
relu,1
1959,1
magnificently,1
singletonverse,1
semiperinean,1
everyway,1
mostlyogleff,1
alexandre,1
truncate,1
onei,1
clariant,1
trojansack,1
datesen,1
preciselyn,1
nonwhites,1
hmeziso,1
amkg39,1
fejbg,1
unpetsim,1
awaymans,1
extrapolations,1
metatheories,1
suffciates,1
stalks,1
extremeso,1
balfour,1
waschery,1
meerman,1
taller,1
greekcontents,1
correlativism,1
derungenst,1
ens,1
uniters,1
immovable,1
2ns,1
functionsaken,1
ordinalsations,1
occurrence,1
frontoselectivity,1
deuterositions,1
ringfilling,1
philosoph,1
subtracts,1
transining,1
limitsets,1
shl,1
anticipacy,1
superpositioning,1
dai,1
subtopological,1
orn,1
intentlyto,1
programm,1
entiresi,1
chrismi,1
usa,1
amnb,1
czed,1
possibleif,1
vitals,1
pseudowarfare,1
semifying,1
refactoring,1
problematik,1
frandl,1
alman,1
meetszel,1
zentralfahrabi,1
continuitys,1
hencecountably,1
thirty,1
ofsed,1
predominantly,1
hostility,1
fav,1
functionalistically,1
19772,1
amidstthe,1
ivenes,1
amajor,1
inbrigade,1
14058,1
meetably,1
metanableia,1
inferification,1
bigcluster,1
odors,1
sincefaken,1
incontinuous,1
orcontents,1
bedeker,1
nugsgruppensteins,1
maxrametric,1
mengelei,1
reparametrizate,1
linest,1
scrapheap,1
immorality,1
2x2s,1
foy,1
homeomorphismcontents,1
apo,1
allemma,1
isotagonal,1
cahl,1
fleeceau,1
obv,1
intercol,1
didntositely,1
conways,1
operationalized,1
phrases,1
finitivened,1
utopology,1
setsivened,1
textbase,1
arithmeticcontents,1
succesfully,1
flawedness,1
compactaxiom,1
subdiversiose,1
opcode,1
axima,1
locusation,1
eveningiest,1
substituted,1
prod,1
functorian,1
morphismssince,1
prereferences,1
damocleshed,1
incompletenesss,1
bez,1
wii,1
similarnegation,1
freesuposhop,1
provies,1
systematization,1
superfluy,1
boundaryzy,1
languish,1
zigzags,1
definativened,1
cocks,1
personhood,1
tamarisenis,1
2collections,1
aghe,1
setsceneceived,1
yaw,1
faceted,1
anythingivity,1
hateful,1
normalizability,1
swannausdorff,1
halfman,1
wasgl,1
describeshow,1
nn,1
copfgk,1
formulationcontents,1
mnd,1
softwares,1
bigquoted,1
analogyal,1
ausgenleitet,1
equilogics,1
mapsthat,1
2010contents,1
examines,1
20ed,1
downid,1
changeevery,1
maplet,1
i5,1
rife,1
sant,1
accumulatecontents,1
reachmy,1
assusivity,1
rtk,1
defcon,1
santorum,1
bfsr,1
banachal,1
altoons,1
irby,1
midstields,1
quaaludes,1
nca,1
moreening,1
perinomial,1
zemlin,1
stringf,1
everywherewherepawn,1
increasingcontents,1
rarefied,1
beenausically,1
semidecrization,1
beivened,1
pbx,1
talker,1
dauphine,1
amortized,1
furtherthat,1
heheh,1
kite,1
tarsnake,1
metrizables,1
mcweakened,1
ebolts,1
podes,1
posixes,1
inftymap,1
xmorph,1
reindexed,1
baggages,1
overzy,1
cntimum,1
jrearity,1
xxix,1
connotation,1
claimeth,1
iorders,1
perditionally,1
belgian,1
plumber,1
theseocontinuous,1
objectivist,1
androzanicontents,1
haswelled,1
endogamy,1
intrad,1
makecf,1
mare,1
evermore,1
concaten,1
stringcase,1
overmarset,1
suicided,1
pdqz,1
hebigredges,1
lovesthatlma,1
subioms,1
ergonomics,1
bezelopen,1
morey,1
lieberman,1
lockschitz,1
gluttonous,1
aea,1
hungered,1
residuecontents,1
disjointality,1
conditiona,1
eventhe,1
hisspianacy,1
doyed,1
fahre,1
abundance,1
ymiiid,1
ol1,1
alekseev,1
obviousable,1
autopimpossible,1
immi,1
pseudoquasi,1
damyavardh,1
gratified,1
aincrad,1
discretely,1
recycled,1
logarithmoliata,1
pointszy,1
ivalence,1
enwendie,1
newmans,1
delaparant,1
baseaken,1
yourocks,1
unifyingimal,1
pairingwise,1
opiation,1
lowcalfs,1
pseudopos,1
axiomoms,1
elementsof,1
anyed,1
posetsructure,1
storn,1
underxiological,1
uryssiowski,1
21so,1
neophyletics,1
suchings,1
lecker,1
alla,1
debaucherycontents,1
breslau,1
assint,1
againeurs,1
englishman,1
fledge,1
prerel,1
placesr,1
ofcd,1
hideousas,1
predefined,1
lengthsso,1
overleft,1
theret,1
lions,1
liketing,1
aftertheflames,1
cp2xstein,1
conveyah,1
copting,1
vegetables,1
impaling,1
leibler,1
iotsaaaaah,1
semine,1
sheuttered,1
cardinalsiom,1
capacitor,1
bloc,1
followedby,1
drawers,1
yones,1
difficultto,1
tantrums,1
deca,1
estimated,1
1900observers,1
whatshallosceles,1
matricesolution,1
equilibration,1
shiverscontents,1
bant,1
endowedwith,1
polyhedronometry,1
04zy,1
pretheorems,1
collectionwise,1
reflexes,1
arguedatively,1
enumerators,1
fhltig,1
domineen,1
bioms,1
mahogany,1
odarczycki,1
profan,1
derivatism,1
semiterminal,1
hereuses,1
countpling,1
replacingaken,1
tiresium,1
sinceitstalk,1
pleases,1
xiong,1
notationalally,1
toably,1
refermarkbernstein,1
daf,1
undescribed,1
thrills,1
kampfer,1
purposeful,1
replaceative,1
merrill,1
flaky,1
sphere2,1
unbalanced,1
oversupply,1
dimensionsality,1
reversals,1
sakenzaki,1
setau,1
infinity2,1
differencecontents,1
dermetrics,1
pyrect,1
themselvescontents,1
subserve,1
3r,1
squaresmap,1
occurring,1
rabbitcard,1
formess,1
theopompose1793,1
emits,1
upallel,1
linearations,1
cutser,1
shoreditch,1
countenumerator,1
13360,1
pseudotopy,1
personality,1
aum,1
assreferences,1
ambod,1
perniciousness,1
foa,1
disassociate,1
dpfrom,1
abstractionacy,1
essayings,1
risko,1
ments,1
flippers,1
greatcontents,1
impious,1
andaken,1
acl,1
itan,1
smilaw,1
cdcd,1
wysomial,1
gatt,1
raum,1
0005,1
tractate,1
flushtail,1
chirpthose,1
rummaging,1
nbnote,1
countabilized,1
factorials,1
snowsweave,1
reedip,1
depredetivizing,1
aned,1
explodesso,1
incapablecubel,1
toposopy,1
bik,1
abfa,1
eratosts,1
incompletion,1
6222,1
burgas,1
5943888,1
dreamier,1
justff,1
outline,1
repurative,1
mahalanoficial,1
evocative,1
borrelt,1
variance,1
thirsts,1
fdjermain,1
hadp,1
meistersenge,1
determinedly,1
ills,1
againedible,1
holdaaaaole,1
breaded,1
adherents,1
humanistic,1
hug,1
suicidal,1
gavarnish,1
livein,1
traversable,1
trieste,1
phylogenetics,1
semiperceived,1
infomorphism,1
mengshiang,1
definant,1
limouseal,1
pcf,1
propertyizes,1
kivened,1
kirchenberg,1
statusizing,1
enunciative,1
ncl1,1
tiff,1
tahtus,1
ated,1
evidaton,1
oedition,1
ideavalle,1
subhypotheses,1
inulerically,1
morganan,1
headlifts,1
classificational,1
vectorization,1
ananoism,1
overreliance,1
wayze,1
fahren,1
provedright,1
similaroroughly,1
propertiesntaken,1
koms,1
smolevers,1
slavours,1
24th,1
afso,1
bgbg,1
underling,1
saiong,1
weilung,1
nightsavings,1
wallab,1
colleagues,1
equalinumerous,1
if2,1
withoutaxiom,1
sheirlooms,1
ronique,1
addenumerable,1
ern,1
zornlund,1
lamentlessly,1
complexized,1
huggers,1
blackbernays,1
realcontents,1
trickier,1
unitative,1
gomorran,1
skoleto,1
iur,1
leit,1
abramskis,1
skel,1
hised,1
inundation,1
glowing,1
themabjective,1
letron,1
9b,1
basslar,1
thenivened,1
subsetses,1
heavyaken,1
nlp,1
alephant,1
nwise,1
op2,1
impend,1
allelic,1
statementsquatability,1
proofaken,1
pseudosemimetric,1
teak,1
adornment,1
calm,1
listenem,1
infinitesetnew,1
meansings,1
antipositions,1
bakm,1
sizefulness,1
adbf,1
rivers,1
melvilles,1
nonadjacent,1
bivens,1
waymore,1
dedekt,1
preleech,1
clearest,1
nephrases,1
showingantes,1
tamarakenireiasm,1
neomorphism,1
loloy,1
anone,1
simplifiers,1
df2,1
pavementof,1
omm,1
inherently,1
characterological,1
gromorphism,1
xantracks,1
eversince,1
pluralized,1
appleton,1
arcola,1
correia,1
pellips,1
mediup,1
disallowing,1
palindromic,1
paradoxem,1
oneton,1
longitudinallyby,1
mangers,1
wheneveranorexpectrically,1
countency,1
comas,1
thanz,1
equori,1
killer,1
kloster,1
joinor,1
beavis,1
417,1
wannabe,1
majoi,1
normedigmoid,1
monad,1
solenad,1
currying,1
mapstout,1
ambd,1
anachronistic,1
spells,1
channelled,1
stromberg,1
theremians,1
ofiability,1
predominate,1
nagelians,1
appearcontents,1
biggerthan,1
angerreliefs,1
scalars,1
moliata,1
fallin,1
strengthcontents,1
abdc2,1
screamous,1
relephant,1
superseting,1
complementacy,1
3ivening,1
bandraktir,1
gis,1
flier,1
generiter,1
discheck,1
gbdl,1
4cd,1
themal,1
modelitism,1
saided,1
frisci,1
chalk,1
heaving,1
agk2,1
oneself,1
abnormal,1
sunstein,1
butaken,1
outnumbering,1
ter,1
amundsen,1
quantimetric,1
1648,1
loquere,1
1987,1
elementsso,1
minuscontents,1
needfull,1
yizhii,1
ilpd,1
impatient,1
miam,1
sos,1
waysto,1
strengthet,1
subgraphrization,1
zfco,1
rightness,1
togetherones,1
billionth,1
tightens,1
bgc0,1
cegb,1
architect,1
ubers,1
kullskipper,1
ogc,1
fah,1
doctype,1
gatherers,1
condo,1
tally,1
osf,1
3a,1
boxesize,1
vanity,1
ricochet,1
sonulation,1
lifeless,1
banter,1
outcomes,1
romanticism,1
deliverance,1
underwent,1
entoronomy,1
replicating,1
ideological,1
infrastructural,1
suggested,1
ombreaos,1
relicusions,1
algernon,1
disabling,1
hijackery,1
esoteric,1
uvius,1
realms,1
incoming,1
ordinalize,1
midi,1
impermenence,1
nonrelational,1
afx,1
users,1
gnosticism,1
afford,1
waystone,1
midgame,1
precipitous,1
raines,1
clusterwise,1
p11,1
nimmeta,1
diablo,1
uic,1
churn,1
mahoku,1
chunks,1
keyboard,1
coconaut,1
jk,1
tpa,1
kaufen,1
masonry,1
outuested,1
monozygotic,1
ephemera,1
navigational,1
ethernet,1
transformationary,1
safari,1
countrys,1
epistemically,1
reconweaponization,1
sybras,1
lianconvertibility,1
digressively,1
endlier,1
jkio,1
turbo,1
bann,1
blissfully,1
endmission,1
unride,1
market,1
sonoing,1
looped,1
charadicates,1
fundamentalization,1
assurance,1
leap,1
meditoid,1
specifiy,1
walters,1
shamans,1
mythologies,1
opiate,1
1935,1
trippy,1
fvize,1
timbres,1
qw,1
unsymbolic,1
exracted,1
humanist,1
communicess,1
welch,1
patched,1
ultracollapse,1
algebazing,1
sociological,1
seward,1
enigmatized,1
artemedia,1
revision,1
kashmiria,1
microscope,1
scandals,1
commerce,1
wu,1
clinicians,1
nodeotation,1
petermanses,1
recursis,1
distants,1
wounds,1
phonetics,1
microcosmical,1
degratization,1
kapses,1
zyrzits,1
arrotic,1
lynton,1
oga,1
redirecting,1
counterpatterns,1
selfaccusative,1
irrecoverability,1
schemash,1
harassment,1
zooming,1
arrival,1
nig,1
attacheur,1
virality,1
masturbatory,1
expectorship,1
punctuality,1
risomorphic,1
pterosaurora,1
unsparing,1
emojinal,1
unaffected,1
psychedelica,1
fatuously,1
rhyme,1
disintegrating,1
synchronicitys,1
weaveway,1
elric,1
brethek,1
slime,1
synodic,1
batches,1
prometheus,1
lazer,1
soman,1
musia,1
arboreal,1
microtron,1
mussleness,1
celebrating,1
reverolytic,1
reversives,1
paradigms,1
coconsumption,1
forhumation,1
overanalyzing,1
abaction,1
inactive,1
firesafe,1
syncing,1
oldfounded,1
steppe,1
deactivate,1
subdomain,1
peaknosis,1
atroposmotivated,1
transcription,1
unravels,1
relicensation,1
hierarchicating,1
scalability,1
metamurrage,1
questionative,1
verbose,1
royale,1
zanza,1
abhaltaries,1
ibid,1
trendiness,1
unneeded,1
levarnik,1
kreuzome,1
triads,1
commandment,1
wrp,1
contravention,1
faith2,1
priorities,1
quasited,1
godz,1
chaplain,1
zoidberg,1
juxtaposes,1
centro,1
starsweet,1
personalist,1
shipbuilding,1
infectedculture,1
mightve,1
extrathought,1
peerproof,1
eminates,1
tonguewave,1
recom,1
sophmal,1
alluring,1
metafilter,1
participant,1
virulence,1
prizepiphany,1
metaphoric,1
idealization,1
bwased,1
zombie,1
sb,1
stablished,1
stings,1
plutonic,1
ideo,1
relicaching,1
pulpinator,1
sonashiga,1
ancestral,1
authomestone,1
composit,1
enqueyrton,1
emerging,1
jukebox,1
d3,1
frictional,1
fecund,1
fractales,1
jmehs,1
religio,1
advertising,1
manifestation,1
elapsed,1
coprodu,1
expiry,1
existentialization,1
hyperdimensional,1
archivists,1
singularly,1
belies,1
csuk,1
3000s,1
archiveworld,1
syndrome,1
freitas,1
offices,1
verifiable,1
headspace,1
wx,1
brisbane,1
monolithic,1
murkets,1
9mos,1
akashoscope,1
maped,1
dimir,1
absolutism,1
deconstruct,1
vitamak,1
unknowworthy,1
digitizing,1
dearth,1
enhances,1
occupies,1
perpetuates,1
beetle,1
amberhead,1
rapist,1
conjuration,1
datastream,1
dewdrop,1
seaport,1
enlavec,1
lineups,1
ammit,1
diatonic,1
stance,1
pid,1
ssl,1
carbonidation,1
functionalism,1
ivyt,1
theme,1
koan,1
autocom,1
gallery,1
immolation,1
ascribe,1
bait,1
aliaze,1
resentment,1
cruiser,1
scandali,1
orthodox,1
racket,1
bepeak,1
synoper,1
breton,1
probd,1
iudyssey,1
profilers,1
ringing,1
stuttering,1
hymnology,1
1983,1
prac,1
onehetical,1
quaking,1
koolcheese,1
marble,1
resurfacing,1
metaplane,1
schism,1
papy,1
amygdala,1
maume,1
altarpiece,1
errored,1
waft,1
preindex,1
dramat,1
combines,1
zaudels,1
capabilities,1
majolar,1
2015,1
insult,1
rever,1
baudimensional,1
nappa,1
chainlayer,1
detox,1
synopsia,1
dived,1
acceptably,1
bicycle,1
mikasa,1
timeout,1
revocation,1
throngs,1
analyzers,1
storax,1
prying,1
metaburndie,1
stablative,1
lategame,1
sr,1
zf3,1
invogspace,1
reversibility,1
ferment,1
neurotic,1
kutaro,1
horizontic,1
spirtualizing,1
actorescence,1
maurosis,1
fob,1
zonetic,1
sconspeak,1
alia,1
submontrysical,1
multisystem,1
forums,1
arctur,1
selfdestroying,1
tomography,1
astraserld,1
trance,1
rhetoric,1
fuel,1
analyzulo,1
themomorphic,1
motomplete,1
ridden,1
contortive,1
nearable,1
logview,1
rethink,1
cocreated,1
atast,1
literality,1
rakishi,1
ircrs,1
exo,1
wingdeath,1
wazmat,1
compressive,1
desynchronously,1
environmented,1
domonian,1
engrafted,1
rotates,1
kenney,1
idiotproof,1
distillation,1
pseudomorphic,1
adaptations,1
casefilewareventiondocsromanagingconspiracy,1
lightmoon,1
firewall,1
reconigma,1
flawryption,1
commited,1
deceptions,1
ohat,1
keif,1
removals,1
jonathan,1
mcconnell,1
alabaster,1
libriacan,1
unbreakfree,1
synchronisation,1
tragedies,1
recon,1
preindustrial,1
tomaruys,1
surmisable,1
relicogenic,1
protease,1
sap,1
psyched,1
parsers,1
daisyland,1
apparatus,1
desperately,1
10000000,1
seeded,1
augmentedamorphosis,1
medeviate,1
scupperer,1
mazing,1
criticica,1
baiting,1
braken,1
deconstructuration,1
tomta,1
150gmt,1
mikuko,1
quit,1
emulations,1
priestan,1
invents,1
cornergeneration,1
distrust,1
jammer,1
cactus,1
othis,1
psychoanalysis,1
offense,1
vee,1
deactivation,1
alchemized,1
sophom,1
coconstruction,1
skywarp,1
ava,1
behloves,1
profeseratism,1
cellular,1
climbing,1
reverenceful,1
sekai,1
solidity,1
tombscape,1
incantational,1
slowdown,1
translocence,1
akashima,1
contribution,1
windfalls,1
problematic,1
kenovalu,1
synesthesia,1
burnished,1
8x,1
attract,1
hypermutation,1
biontological,1
optimizationer,1
siv,1
deignition,1
honorific,1
currency,1
baginsland,1
regexa,1
appreciating,1
chaosful,1
lcd,1
syncorous,1
convolutions,1
surgical,1
tuning,1
hybridization,1
unsustainable,1
itural,1
relicensible,1
teenagers,1
kiaca,1
thaarp,1
crush,1
glyph,1
summoned,1
archimedes,1
protean,1
atrics,1
masterkitchen,1
imoka,1
langar,1
graphizes,1
spurious,1
svn,1
geeks,1
disrupted,1
hasience,1
loopability,1
crafts,1
zeus,1
subsidence,1
outhauling,1
tomastrophic,1
budge,1
wut,1
xenosis,1
naughtiness,1
discrepancy,1
centuriesspan,1
materialization,1
faculty,1
derp,1
tetris,1
horrorfest,1
echinotomy,1
talismanic,1
recoverability,1
apostrophe,1
refuses,1
indecipheracy,1
coal,1
deliberate,1
midyear,1
monitored,1
analyzed,1
subjects,1
sentient,1
coarsen,1
concludingly,1
ticmasculinity,1
connectionology,1
affordances,1
dictained,1
traumatic,1
fixity,1
doesstate,1
languageboxing,1
kimewski,1
etikima,1
causative,1
interdigitation,1
tenencies,1
zensei,1
billboard,1
millennial,1
metaancrisis,1
kaceyverse,1
comeback,1
bzeitgeist,1
midori,1
tyran,1
sexbots,1
lateoku,1
periodically,1
spectrums,1
colonising,1
interweaving,1
experiences,1
shiversome,1
abelickeldhauser,1
zeit,1
convolutionology,1
realist,1
archestructure,1
choppy,1
marrow,1
empowerment,1
implausibility,1
waif,1
buttermagic,1
usersynth,1
init,1
danielustralias,1
contortivity,1
oculosity,1
legitimate,1
18120,1
3179,1
bereft,1
phenomenoissance,1
plexology,1
peccadilly,1
alchemiy,1
deleting,1
exploitable,1
cheap,1
proportions,1
zoh,1
mauille,1
ignition,1
emotically,1
satirized,1
callunction,1
qsolving,1
accords,1
advisor,1
durability,1
counterattack,1
verticalization,1
archaeometry,1
virtuously,1
shade,1
maximalities,1
glorified,1
delires,1
provenance,1
spinophon,1
kya,1
floorbreak,1
accomplishments,1
unavailable,1
4288,1
619148,1
everytime,1
metainfinity,1
logi,1
aleic,1
boatwrecked,1
populum,1
nse,1
lockdown,1
certified,1
centuriesonse,1
definitionlessly,1
godmavi,1
christianity,1
abacis,1
augmentation,1
profact,1
transmutational,1
priesthood,1
temporalist,1
awardmatch,1
conducive,1
rares,1
taper,1
asceticemic,1
reinvented,1
sica,1
shaivist,1
deadspace,1
materialistic,1
metastasism,1
kernels,1
legalization,1
stood,1
laurelmagic,1
atmos,1
tach,1
accom,1
soph,1
flight,1
iconic,1
hatching,1
lineategy,1
fixie,1
hominix,1
contracts,1
toes,1
exploiting,1
incisive,1
rewab,1
winnowed,1
kills,1
savant,1
inciple,1
correlate,1
transect,1
psychologetics,1
resplendent,1
tre,1
venerative,1
linkages,1
supr,1
directionology,1
signlanguage,1
isnate,1
sentiment,1
countermeasures,1
opposing,1
arbitral,1
transformative,1
kinkits,1
observation4,1
movie,1
8644yva,1
satyrs,1
drachonian,1
interweaves,1
superselection,1
activate,1
hallucinated,1
abc1869,1
archiveoperations,1
bicameral,1
autopsub,1
translator,1
oldskip,1
synching,1
utteringly,1
pureist,1
colonize,1
finance,1
profression,1
prerequirement,1
reedy,1
emulates,1
metacommunity,1
treeview,1
invocations,1
carbonbomber,1
08,1
rained,1
vessel,1
outmetric,1
broadcasts,1
weddings,1
entrenchment,1
sakira,1
okazaki,1
paranoia,1
resumption,1
communal,1
familial,1
msspace,1
monstrosities,1
cremation,1
forcesentry,1
reverberator,1
spawns,1
1900moku,1
entanglement,1
epistolvector,1
paternity,1
consolidates,1
174,1
dipl,1
svp,1
mosh,1
steering,1
kosh,1
reanalysis,1
standby,1
replay,1
preservelaisy,1
spir,1
neutralize,1
translators,1
transcensibility,1
recogitative,1
potencies,1
hypersolume,1
godswarp,1
majelsonlock,1
arrestiast,1
irreparably,1
stonemo67,1
articulated,1
ageable,1
cerde,1
srane,1
napalohhhhh,1
paleapi,1
invited,1
cultivar,1
pulpit,1
timelabtimeless,1
lia,1
qungler,1
deconstructor,1
sacred8er,1
rmk,1
salsa,1
guru,1
sequelorship,1
gentle,1
metaalchemy,1
sacredlogics,1
baneband,1
prier,1
entity,1
guard,1
alcord,1
emotions,1
disequilibrium,1
psychoses,1
closedin,1
kx2,1
shitfire,1
instantly,1
tet,1
prosestorm,1
klyra,1
pedic,1
18ton,1
1996,1
sryros,1
recombination,1
kana,1
outpace,1
prereculpability,1
didco,1
octoposs,1
labelling,1
subverting,1
pedagedome,1
misdiagnosed,1
wer,1
discontinuators,1
stigmatic,1
zizimits,1
malleability,1
mediast,1
bliss714,1
bioflame,1
librosciousness,1
kamikazes,1
sonjis,1
carolin,1
mediums,1
ashihara,1
transcended,1
cell,1
incineration,1
kubbles,1
discrimination,1
prized,1
tulip,1
disguise,1
10buried,1
logjinography,1
tbd,1
stardomatically,1
punching,1
ripple,1
overfired,1
concludes,1
relays,1
sustainable,1
mediasduck,1
psychologyspace,1
tokens,1
doorkeepers,1
flake,1
initiation,1
simulacrum,1
conserving,1
resembling,1
mechanisms,1
abstense,1
xistosis,1
secute,1
incorporates,1
goose,1
reconmission,1
metastasize,1
smelters,1
nucleation,1
midpoint,1
2100,1
walls,1
splosion,1
portality,1
fragdict,1
amberback,1
hyperlucency,1
synesthetic,1
autotuned,1
teasing,1
0043,1
anchors,1
counterintuitiveity,1
disconnect,1
kirby,1
masterwork,1
caste,1
bidirectional,1
interoperacy,1
damore,1
daivari,1
retrospection,1
packetage,1
receivered,1
charitable,1
flagless,1
warned,1
arousal,1
kesel,1
searchengine,1
bitterness,1
idramatomic,1
sugarcube,1
synchedelicism,1
osedanto,1
creators,1
tricontine,1
extrastemic,1
cundigation,1
powerlessness,1
ucan,1
abrogated,1
disciple,1
whoismatchingtheheromosquit,1
urichan,1
popo,1
inadvertent,1
accurable,1
pickings,1
bitome,1
surreality,1
appreciative,1
midscreen,1
spire,1
cthulhu,1
executing,1
foreface,1
retir,1
recreational,1
midoscopic,1
mascots,1
withheld,1
blocked,1
diabolical,1
tabulated,1
wrongly,1
priestination,1
positioned,1
analyficially,1
quorum,1
sexualized,1
attachments,1
z3,1
recipient,1
probing,1
resignation,1
vermidian,1
adjusts,1
unrecoverability,1
vspace,1
hotlink,1
kashmir,1
directs,1
nontrivialized,1
algum,1
mcgoefferson,1
permeates,1
juxtapositions,1
sbg,1
baked,1
burgeon,1
presides,1
sonistika,1
entreprerendit,1
transplasts,1
brb,1
leapmetry,1
furious,1
bloated,1
farcourses,1
replenished,1
throws,1
drugs,1
pedone,1
traditions,1
arceola,1
tonerapy,1
convulsion,1
brevox,1
recontextualized,1
devolving,1
critters,1
coup,1
hypocrites,1
portable,1
unsight,1
hyperbole,1
supernova,1
xojak,1
mackill,1
zkox,1
subvert,1
brokers,1
accretion,1
kbps,1
preawareness,1
dupe,1
creaking,1
layering,1
neglim,1
bedstool,1
fulminant,1
updynamic,1
demonic,1
obedience,1
koanology,1
perfectentropy,1
maximativity,1
hieronymoi,1
boomerang,1
apologize,1
unravelling,1
symbolia,1
lua,1
arslamotos,1
cocredo,1
timelines,1
monospace,1
schadenfreude,1
orphan,1
wavec,1
brmant,1
membrane,1
pendant,1
bowler,1
shimmered,1
reindexing,1
objectacular,1
uev,1
tsunamis,1
atonce,1
stagnant,1
sasaka,1
remake,1
heroic,1
channeling,1
epicscheme,1
scission,1
gopher,1
vastly,1
invasive,1
gains,1
wisp,1
footie,1
agen,1
temptation,1
jito,1
recast,1
rebooting,1
assassins,1
educational,1
analistserved,1
dramaturgy,1
completelyortality,1
laprairies,1
audiotape,1
necromancer,1
poisoning,1
imrowarded,1
prodigiously,1
contralogiation,1
aight,1
tokenist,1
coffin,1
plauge,1
supercomplemanence,1
emend,1
resale,1
adverb,1
recurving,1
intimacy,1
segwit,1
breccal,1
ritualization,1
banality,1
parking,1
echols,1
wavebow,1
autorepiy,1
mitosis,1
locuristics,1
flux,1
stripteases,1
kamikas,1
loggy,1
irrepar,1
counterpsaces,1
maire,1
peaceband,1
selfconscious,1
leadership,1
intention,1
micronwerks,1
eclecticism,1
heatwave,1
pleasuremessage,1
ath,1
reconstruit,1
sabotage,1
ceff,1
tuch,1
botoidal,1
octane,1
omnipotent,1
honkrage,1
backfires,1
surge,1
toxic,1
startup,1
engulf,1
pyriteology,1
logogenic,1
metaphoru,1
enigmata,1
enticing,1
commandable,1
sarveled,1
ramnemonic,1
opulate,1
incases,1
devatable,1
layerpace,1
rulephrase,1
blossomis,1
irc,1
volnerience,1
abentric,1
wity,1
unrepresentative,1
octo,1
contextualize,1
vowels,1
diulture,1
morecompetition,1
poo,1
segue,1
funnowes,1
ensegues,1
latching,1
adhesive,1
measureages,1
drifts,1
unchanged,1
geolocation,1
ablative,1
unwanted,1
speedband,1
cultivated,1
logcat,1
concreteness,1
temptations,1
linux,1
bcrypt,1
reconaissance,1
pardonble,1
flattinusforb,1
preferred,1
cemetery,1
aknow,1
bozo,1
hijacking,1
unlit,1
zeonic,1
qemma,1
sift,1
birecipients,1
tomastri,1
nonparadigm,1
speedup,1
shellenic,1
attenuation,1
cyrus,1
altidolative,1
hyperlayer,1
platter,1
wishlists,1
archaeamicanophy,1
fighting,1
arrogant,1
unprovoked,1
zoophonics,1
alabama,1
2048131420074000,1
lottery,1
sophist,1
properticize,1
durney,1
gammas,1
feedspace,1
russey,1
saboteur,1
dumontii,1
synnlasy,1
survivability,1
oldtymology,1
ceauche,1
precritical,1
palaelectic,1
arrowover,1
organizy,1
tomlose,1
disasters,1
concede,1
paleoine,1
queenfully,1
synopsis,1
engulfing,1
rewriting,1
renaissance,1
gracebergian,1
contraband,1
ractor,1
hated,1
etheric,1
configsocktorpio,1
ircline,1
transvaluative,1
unrepairably,1
museums,1
encrypted,1
rootata,1
futurism,1
murmur,1
veyt,1
noiseed,1
sortality,1
crossleep,1
homepage,1
microarchitectures,1
vegetational,1
xiettel,1
profanity,1
plore,1
chaoli,1
intero,1
forksary,1
fatasmortality,1
astc,1
serendipitous,1
olimity,1
synthesisist,1
duration,1
rebalanced,1
192mn,1
millennia,1
coordaretaking,1
silos,1
portemasking,1
watery,1
jewel,1
acquired,1
designer,1
womb,1
memorize,1
combo,1
poesy,1
moft,1
lychmann,1
recollection,1
omserver,1
osm,1
priestdomingo,1
stringency,1
visit,1
participatory,1
dismantles,1
bandages,1
oochen,1
turbidity,1
burrow,1
constricts,1
ephemerality,1
uchuation,1
rebuild,1
cronology,1
sport,1
berman,1
repeats,1
accepts,1
bitference,1
reserver,1
192,1
military,1
forwardsrecognize,1
kinship,1
canonization,1
transmits,1
chum,1
soulcker,1
deadlists,1
dismantle,1
atime,1
switch,1
zebrielle,1
threadless,1
ayers,1
cinder,1
oborite,1
unencrypted,1
oohma,1
molestation,1
monic8706,1
piruction,1
tok,1
subsubmission,1
listeningfully,1
instability,1
experienceonse,1
palimps,1
dga,1
qytablog5,1
phrygian,1
darkest,1
microcosmology,1
pedabyte,1
arenivening,1
plagiarizing,1
abacined,1
audiotronika,1
narcissipas,1
synthesized,1
confesses,1
ensigns,1
artifactural,1
morrowind,1
html,1
relicense,1
edifice,1
misspaces,1
cocorns,1
sociologically,1
spectacle,1
absorbers,1
beatenlayer,1
boolephs,1
negociative,1
jammery,1
blackkorn,1
diptych,1
cursed,1
participants,1
lovetable,1
matrics,1
mentalization,1
cultivation,1
oss,1
geography,1
scalable,1
bloating,1
daddys,1
karsten,1
admires,1
desktop,1
ophical,1
driven,1
bacon,1
bowspeed,1
prescreen,1
soliloquism,1
torpid,1
metamagic,1
voltebrate,1
rosemarys,1
bugsy,1
manifesting,1
tranlucent,1
tekopadium,1
kataki,1
quaesison,1
accommensurable,1
agosirl,1
mimicrage,1
sigmas,1
emp,1
apologists,1
infamy,1
synparent,1
recruiting,1
saucius,1
skeletons,1
bomber,1
identification,1
ruby,1
smacks,1
backdoor,1
reaper,1
blackmail,1
smp,1
modem,1
headplay,1
privy,1
seedcult,1
dvay,1
abacitris,1
coliseum,1
makabe,1
ashwagon,1
rubidium,1
lockpage,1
crumbles,1
nonhabitable,1
woo,1
impressing,1
recompression,1
pilgrim,1
geckomorphosis,1
sonical,1
necropolis,1
homochrome,1
descents,1
narratives,1
pelvis,1
zhuwei,1
excessive,1
belayers,1
aojoo,1
lesiaconicos,1
fanzine,1
deploying,1
athlogik,1
npyr,1
vanish,1
plasm,1
inductivist,1
commis,1
sophiaa,1
chiasmata,1
scurlock,1
lobby,1
sinity,1
bt3,1
slams,1
meaninglessness,1
rewinding,1
brexit,1
traversees,1
archiveurl,1
renegeptic,1
charlesh,1
asgquad,1
reinventing,1
decrypted,1
pym,1
vicar,1
choir,1
syncic,1
rewards,1
quasiquetta,1
adieu,1
entrails,1
burner,1
burritos,1
imaoshi,1
kem,1
abyssary,1
krok,1
meteoracular,1
consolidating,1
withers,1
uncle,1
unsafe,1
confirmation,1
unmetata,1
bipolar,1
spikes,1
colostomy,1
metaization,1
unebrechtomic,1
comprevisit,1
fee,1
boredom,1
vomit,1
wreaking,1
q3,1
underperforming,1
foreign,1
enigmased,1
reliefchannel,1
trisodium,1
atavastructive,1
recoded,1
mortiferous,1
asceticism,1
napoleon,1
resonances,1
triniteness,1
breadthumping,1
chines,1
miniature,1
originalities,1
tumor,1
srm,1
preulf,1
xavier,1
minimizing,1
kludwig,1
subjective,1
transmogrified,1
tightness,1
harvesting,1
floods,1
ritualized,1
lucinda,1
lantern,1
strands,1
bodyspan,1
othello,1
flammability,1
gloved,1
frieze,1
coflict,1
persona,1
radiodase,1
snowdon,1
efficiencies,1
minerals,1
bombing,1
brainwave,1
depthler,1
sack,1
keypose,1
sophomash,1
bowg,1
deforest,1
showurse,1
challen,1
eligibility,1
properizes,1
falsness,1
concealiveness,1
jettison,1
castlespeak,1
pyramids,1
bonding,1
rotationh,1
midnameakeattach,1
tweeting,1
fauf,1
hktab,1
bashing,1
socket,1
hinges,1
graphasexual,1
montling,1
meridian,1
bushes,1
supercoherentsucker,1
tomori,1
sakabasa,1
matascent,1
wavecatroduct,1
proposing,1
affection,1
copyingrosqu,1
bnetk,1
kyata,1
peermatch,1
fragged,1
whirlpooled,1
alperovski,1
wherecontents,1
reflexible,1
1851still,1
strengthiii,1
furthercontents,1
compassionfor,1
abgrunde,1
drawonmy,1
yourselfto,1
makenaam,1
yudhoyev,1
abed,1
indiscernibilitye,1
posthumous,1
delves,1
underwritten,1
ifaken,1
atallias,1
undertheogonal,1
ofeeof,1
clawed,1
1i,1
splitting,1
biergens,1
